# state	expected_P_or_N	fixture_id	provenance_jsonl_line
0000000000000000000000000000000033	P	oracle_00001	1
0000000000000000000000000000000222	P	oracle_00002	2
0000000000000000000000100200000022	N	oracle_00003	3
0000000000000000000000200100000022	N	oracle_00004	4
0000000000000000000000200200000012	N	oracle_00005	5
0000000000000000000001000200000022	N	oracle_00006	6
0000000000000000000001020000000022	N	oracle_00007	7
0000000000000000000002000100000022	N	oracle_00008	8
0000000000000000000002000200000012	N	oracle_00009	9
0000000000000000000002020000000012	N	oracle_00010	10
0000000000000000000010002000000022	N	oracle_00011	11
0000000000000000000020002000000012	N	oracle_00012	12
0000000000000000000100000200000022	N	oracle_00013	13
0000000000000000000200000200000012	N	oracle_00014	14
0000000000000000001000000020000022	N	oracle_00015	15
0000000000000000002000000020000012	N	oracle_00016	16
0000000000000000010000000020000022	N	oracle_00017	17
0000000000000000010000000200000022	N	oracle_00018	18
0000000000000000010000002000000022	N	oracle_00019	19
0000000000000000010000020000000022	N	oracle_00020	20
0000000000000000010000200000000022	N	oracle_00021	21
0000000000000000020000000020000012	N	oracle_00022	22
0000000000000000020000000100000022	N	oracle_00023	23
0000000000000000020000000200000012	N	oracle_00024	24
0000000000000000020000001000000022	N	oracle_00025	25
0000000000000000020000002000000012	N	oracle_00026	26
0000000000000000020000010000000022	N	oracle_00027	27
0000000000000000020000020000000012	N	oracle_00028	28
0000000000000000020000100000000022	N	oracle_00029	29
0000000000000000020000200000000012	N	oracle_00030	30
0000000000000000100000000200000022	N	oracle_00031	31
0000000000000000100000002000000022	N	oracle_00032	32
0000000000000000200000000200000012	N	oracle_00033	33
0000000000000000200000001000000022	N	oracle_00034	34
0000000000000000200000002000000012	N	oracle_00035	35
0000000000000001000000002000000022	N	oracle_00036	36
0000000000000002000000002000000012	N	oracle_00037	37
0000000000000010000000020000000022	N	oracle_00038	38
0000000000000010000000200000000022	N	oracle_00039	39
0000000000000020000000020000000012	N	oracle_00040	40
0000000000000020000000100000000022	N	oracle_00041	41
0000000000000020000000200000000012	N	oracle_00042	42
0000000000000100000000200000000022	N	oracle_00043	43
0000000000000200000000200000000012	N	oracle_00044	44
0000000000000000000000000000000224	P	oracle_00045	45
0000000000000000000000200200000022	P	oracle_00046	46
0000000000000000000002000200000022	P	oracle_00047	47
0000000000000000000002020000000022	P	oracle_00048	48
0000000000000000000020002000000022	P	oracle_00049	49
0000000000000000000200000200000022	P	oracle_00050	50
0000000000000000002000000020000022	P	oracle_00051	51
0000000000000000020000000020000022	P	oracle_00052	52
0000000000000000020000000200000022	P	oracle_00053	53
0000000000000000020000002000000022	P	oracle_00054	54
0000000000000000020000020000000022	P	oracle_00055	55
0000000000000000020000200000000022	P	oracle_00056	56
0000000000000000200000000200000022	P	oracle_00057	57
0000000000000000200000002000000022	P	oracle_00058	58
0000000000000002000000002000000022	P	oracle_00059	59
0000000000000020000000020000000022	P	oracle_00060	60
0000000000000020000000200000000022	P	oracle_00061	61
0000000000000200000000200000000022	P	oracle_00062	62
0000000000000000000000000010000224	N	oracle_00063	63
0000000000000000000000000020000124	N	oracle_00064	64
0000000000000000000000000020000223	N	oracle_00065	65
0000000000000000000000000100000224	N	oracle_00066	66
0000000000000000000000000120000033	N	oracle_00067	67
0000000000000000000000000120000222	N	oracle_00068	68
0000000000000000000000000200000124	N	oracle_00069	69
0000000000000000000000000200000223	N	oracle_00070	70
0000000000000000000000000210000033	N	oracle_00071	71
0000000000000000000000000210000222	N	oracle_00072	72
0000000000000000000000000220000023	N	oracle_00073	73
0000000000000000000000000220000122	N	oracle_00074	74
0000000000000000000000000230000022	N	oracle_00075	75
0000000000000000000000000320000022	N	oracle_00076	76
0000000000000000000000000330000012	N	oracle_00077	77
0000000000000000000000001000000224	N	oracle_00078	78
0000000000000000000000001020000033	N	oracle_00079	79
0000000000000000000000001020000222	N	oracle_00080	80
0000000000000000000000001200000033	N	oracle_00081	81
0000000000000000000000001200000222	N	oracle_00082	82
0000000000000000000000002000000124	N	oracle_00083	83
0000000000000000000000002000000223	N	oracle_00084	84
0000000000000000000000002010000033	N	oracle_00085	85
0000000000000000000000002010000222	N	oracle_00086	86
0000000000000000000000002020000023	N	oracle_00087	87
0000000000000000000000002020000122	N	oracle_00088	88
0000000000000000000000002030000022	N	oracle_00089	89
0000000000000000000000002100000033	N	oracle_00090	90
0000000000000000000000002100000222	N	oracle_00091	91
0000000000000000000000002200000023	N	oracle_00092	92
0000000000000000000000002200000122	N	oracle_00093	93
0000000000000000000000002300000022	N	oracle_00094	94
0000000000000000000000003020000022	N	oracle_00095	95
0000000000000000000000003030000012	N	oracle_00096	96
0000000000000000000000003200000022	N	oracle_00097	97
0000000000000000000000003300000012	N	oracle_00098	98
0000000000000000000000010000000224	N	oracle_00099	99
0000000000000000000000010020000033	N	oracle_00100	100
0000000000000000000000010020000222	N	oracle_00101	101
0000000000000000000000010200000033	N	oracle_00102	102
0000000000000000000000010200000222	N	oracle_00103	103
0000000000000000000000010220000022	N	oracle_00104	104
0000000000000000000000012000000033	N	oracle_00105	105
0000000000000000000000012000000222	N	oracle_00106	106
0000000000000000000000012020000022	N	oracle_00107	107
0000000000000000000000020000000124	N	oracle_00108	108
0000000000000000000000020000000223	N	oracle_00109	109
0000000000000000000000020010000033	N	oracle_00110	110
0000000000000000000000020010000222	N	oracle_00111	111
0000000000000000000000020020000023	N	oracle_00112	112
0000000000000000000000020020000122	N	oracle_00113	113
0000000000000000000000020030000022	N	oracle_00114	114
0000000000000000000000020100000033	N	oracle_00115	115
0000000000000000000000020100000222	N	oracle_00116	116
0000000000000000000000020120000022	N	oracle_00117	117
0000000000000000000000020200000023	N	oracle_00118	118
0000000000000000000000020200000122	N	oracle_00119	119
0000000000000000000000020210000022	N	oracle_00120	120
0000000000000000000000020220000012	N	oracle_00121	121
0000000000000000000000020300000022	N	oracle_00122	122
0000000000000000000000021000000033	N	oracle_00123	123
0000000000000000000000021000000222	N	oracle_00124	124
0000000000000000000000021020000022	N	oracle_00125	125
0000000000000000000000022000000023	N	oracle_00126	126
0000000000000000000000022000000122	N	oracle_00127	127
0000000000000000000000022010000022	N	oracle_00128	128
0000000000000000000000022020000012	N	oracle_00129	129
0000000000000000000000023000000022	N	oracle_00130	130
0000000000000000000000030020000022	N	oracle_00131	131
0000000000000000000000030030000012	N	oracle_00132	132
0000000000000000000000030200000022	N	oracle_00133	133
0000000000000000000000030300000012	N	oracle_00134	134
0000000000000000000000032000000022	N	oracle_00135	135
0000000000000000000000033000000012	N	oracle_00136	136
0000000000000000000000100000000224	N	oracle_00137	137
0000000000000000000000100020000033	N	oracle_00138	138
0000000000000000000000100020000222	N	oracle_00139	139
0000000000000000000000100200000033	N	oracle_00140	140
0000000000000000000000100200000222	N	oracle_00141	141
0000000000000000000000100220000022	N	oracle_00142	142
0000000000000000000000102000000033	N	oracle_00143	143
0000000000000000000000102000000222	N	oracle_00144	144
0000000000000000000000102200000022	N	oracle_00145	145
0000000000000000000000120000000033	N	oracle_00146	146
0000000000000000000000120000000222	N	oracle_00147	147
0000000000000000000000120200000022	N	oracle_00148	148
0000000000000000000000122000000022	N	oracle_00149	149
0000000000000000000000200000000124	N	oracle_00150	150
0000000000000000000000200000000223	N	oracle_00151	151
0000000000000000000000200010000033	N	oracle_00152	152
0000000000000000000000200010000222	N	oracle_00153	153
0000000000000000000000200020000023	N	oracle_00154	154
0000000000000000000000200020000122	N	oracle_00155	155
0000000000000000000000200030000022	N	oracle_00156	156
0000000000000000000000200100000033	N	oracle_00157	157
0000000000000000000000200100000222	N	oracle_00158	158
0000000000000000000000200120000022	N	oracle_00159	159
0000000000000000000000200200000023	N	oracle_00160	160
0000000000000000000000200200000122	N	oracle_00161	161
0000000000000000000000200210000022	N	oracle_00162	162
0000000000000000000000200220000012	N	oracle_00163	163
0000000000000000000000200300000022	N	oracle_00164	164
0000000000000000000000201000000033	N	oracle_00165	165
0000000000000000000000201000000222	N	oracle_00166	166
0000000000000000000000201200000022	N	oracle_00167	167
0000000000000000000000202000000023	N	oracle_00168	168
0000000000000000000000202000000122	N	oracle_00169	169
0000000000000000000000202100000022	N	oracle_00170	170
0000000000000000000000202200000012	N	oracle_00171	171
0000000000000000000000203000000022	N	oracle_00172	172
0000000000000000000000210000000033	N	oracle_00173	173
0000000000000000000000210000000222	N	oracle_00174	174
0000000000000000000000210200000022	N	oracle_00175	175
0000000000000000000000212000000022	N	oracle_00176	176
0000000000000000000000220000000023	N	oracle_00177	177
0000000000000000000000220000000122	N	oracle_00178	178
0000000000000000000000220100000022	N	oracle_00179	179
0000000000000000000000220200000012	N	oracle_00180	180
0000000000000000000000221000000022	N	oracle_00181	181
0000000000000000000000222000000012	N	oracle_00182	182
0000000000000000000000230000000022	N	oracle_00183	183
0000000000000000000000300020000022	N	oracle_00184	184
0000000000000000000000300030000012	N	oracle_00185	185
0000000000000000000000300200000022	N	oracle_00186	186
0000000000000000000000300300000012	N	oracle_00187	187
0000000000000000000000302000000022	N	oracle_00188	188
0000000000000000000000303000000012	N	oracle_00189	189
0000000000000000000000320000000022	N	oracle_00190	190
0000000000000000000000330000000012	N	oracle_00191	191
0000000000000000000001000020000033	N	oracle_00192	192
0000000000000000000001000020000222	N	oracle_00193	193
0000000000000000000001000200000033	N	oracle_00194	194
0000000000000000000001000200000222	N	oracle_00195	195
0000000000000000000001000220000022	N	oracle_00196	196
0000000000000000000001002000000033	N	oracle_00197	197
0000000000000000000001002000000222	N	oracle_00198	198
0000000000000000000001002020000022	N	oracle_00199	199
0000000000000000000001002200000022	N	oracle_00200	200
0000000000000000000001020000000033	N	oracle_00201	201
0000000000000000000001020000000222	N	oracle_00202	202
0000000000000000000001020020000022	N	oracle_00203	203
0000000000000000000001020200000022	N	oracle_00204	204
0000000000000000000001022000000022	N	oracle_00205	205
0000000000000000000001100200000023	N	oracle_00206	206
0000000000000000000001102000000023	N	oracle_00207	207
0000000000000000000001120000000023	N	oracle_00208	208
0000000000000000000001200100000023	N	oracle_00209	209
0000000000000000000001200200000013	N	oracle_00210	210
0000000000000000000001200200000022	N	oracle_00211	211
0000000000000000000001201000000023	N	oracle_00212	212
0000000000000000000001202000000013	N	oracle_00213	213
0000000000000000000001202000000022	N	oracle_00214	214
0000000000000000000002000010000033	N	oracle_00215	215
0000000000000000000002000010000222	N	oracle_00216	216
0000000000000000000002000020000023	N	oracle_00217	217
0000000000000000000002000020000122	N	oracle_00218	218
0000000000000000000002000030000022	N	oracle_00219	219
0000000000000000000002000100000033	N	oracle_00220	220
0000000000000000000002000100000222	N	oracle_00221	221
0000000000000000000002000120000022	N	oracle_00222	222
0000000000000000000002000200000023	N	oracle_00223	223
0000000000000000000002000200000122	N	oracle_00224	224
0000000000000000000002000210000022	N	oracle_00225	225
0000000000000000000002000220000012	N	oracle_00226	226
0000000000000000000002000300000022	N	oracle_00227	227
0000000000000000000002001000000033	N	oracle_00228	228
0000000000000000000002001000000222	N	oracle_00229	229
0000000000000000000002001020000022	N	oracle_00230	230
0000000000000000000002001200000022	N	oracle_00231	231
0000000000000000000002002000000023	N	oracle_00232	232
0000000000000000000002002000000122	N	oracle_00233	233
0000000000000000000002002010000022	N	oracle_00234	234
0000000000000000000002002020000012	N	oracle_00235	235
0000000000000000000002002100000022	N	oracle_00236	236
0000000000000000000002002200000012	N	oracle_00237	237
0000000000000000000002003000000022	N	oracle_00238	238
0000000000000000000002010020000022	N	oracle_00239	239
0000000000000000000002010200000022	N	oracle_00240	240
0000000000000000000002012000000022	N	oracle_00241	241
0000000000000000000002020000000023	N	oracle_00242	242
0000000000000000000002020000000122	N	oracle_00243	243
0000000000000000000002020010000022	N	oracle_00244	244
0000000000000000000002020020000012	N	oracle_00245	245
0000000000000000000002020100000022	N	oracle_00246	246
0000000000000000000002020200000012	N	oracle_00247	247
0000000000000000000002021000000022	N	oracle_00248	248
0000000000000000000002022000000012	N	oracle_00249	249
0000000000000000000002030000000022	N	oracle_00250	250
0000000000000000000002100100000023	N	oracle_00251	251
0000000000000000000002100200000013	N	oracle_00252	252
0000000000000000000002100200000022	N	oracle_00253	253
0000000000000000000002120000000013	N	oracle_00254	254
0000000000000000000002120000000022	N	oracle_00255	255
0000000000000000000003000020000022	N	oracle_00256	256
0000000000000000000003000030000012	N	oracle_00257	257
0000000000000000000003000200000022	N	oracle_00258	258
0000000000000000000003000300000012	N	oracle_00259	259
0000000000000000000003002000000022	N	oracle_00260	260
0000000000000000000003003000000012	N	oracle_00261	261
0000000000000000000003030000000012	N	oracle_00262	262
0000000000000000000010000020000033	N	oracle_00263	263
0000000000000000000010000020000222	N	oracle_00264	264
0000000000000000000010000200000033	N	oracle_00265	265
0000000000000000000010000200000222	N	oracle_00266	266
0000000000000000000010002000000033	N	oracle_00267	267
0000000000000000000010002000000222	N	oracle_00268	268
0000000000000000000010002020000022	N	oracle_00269	269
0000000000000000000010002200000022	N	oracle_00270	270
0000000000000000000010012000000023	N	oracle_00271	271
0000000000000000000010020020000022	N	oracle_00272	272
0000000000000000000010020200000022	N	oracle_00273	273
0000000000000000000010200020000022	N	oracle_00274	274
0000000000000000000010200200000022	N	oracle_00275	275
0000000000000000000010202000000022	N	oracle_00276	276
0000000000000000000011002000000023	N	oracle_00277	277
0000000000000000000012000200000022	N	oracle_00278	278
0000000000000000000020000010000033	N	oracle_00279	279
0000000000000000000020000010000222	N	oracle_00280	280
0000000000000000000020000020000023	N	oracle_00281	281
0000000000000000000020000020000122	N	oracle_00282	282
0000000000000000000020000030000022	N	oracle_00283	283
0000000000000000000020000100000033	N	oracle_00284	284
0000000000000000000020000100000222	N	oracle_00285	285
0000000000000000000020000200000023	N	oracle_00286	286
0000000000000000000020000200000122	N	oracle_00287	287
0000000000000000000020000300000022	N	oracle_00288	288
0000000000000000000020001020000022	N	oracle_00289	289
0000000000000000000020001200000022	N	oracle_00290	290
0000000000000000000020002000000023	N	oracle_00291	291
0000000000000000000020002000000122	N	oracle_00292	292
0000000000000000000020002010000022	N	oracle_00293	293
0000000000000000000020002020000012	N	oracle_00294	294
0000000000000000000020002100000022	N	oracle_00295	295
0000000000000000000020002200000012	N	oracle_00296	296
0000000000000000000020003000000022	N	oracle_00297	297
0000000000000000000020010020000022	N	oracle_00298	298
0000000000000000000020010200000022	N	oracle_00299	299
0000000000000000000020012000000013	N	oracle_00300	300
0000000000000000000020012000000022	N	oracle_00301	301
0000000000000000000020020010000022	N	oracle_00302	302
0000000000000000000020020020000012	N	oracle_00303	303
0000000000000000000020020100000022	N	oracle_00304	304
0000000000000000000020020200000012	N	oracle_00305	305
0000000000000000000020100020000022	N	oracle_00306	306
0000000000000000000020100200000022	N	oracle_00307	307
0000000000000000000020102000000022	N	oracle_00308	308
0000000000000000000020200010000022	N	oracle_00309	309
0000000000000000000020200020000012	N	oracle_00310	310
0000000000000000000020200100000022	N	oracle_00311	311
0000000000000000000020200200000012	N	oracle_00312	312
0000000000000000000020202000000012	N	oracle_00313	313
0000000000000000000021000200000022	N	oracle_00314	314
0000000000000000000022000100000022	N	oracle_00315	315
0000000000000000000022000200000012	N	oracle_00316	316
0000000000000000000030000020000022	N	oracle_00317	317
0000000000000000000030000030000012	N	oracle_00318	318
0000000000000000000030000200000022	N	oracle_00319	319
0000000000000000000030000300000012	N	oracle_00320	320
0000000000000000000030003000000012	N	oracle_00321	321
0000000000000000000100000020000033	N	oracle_00322	322
0000000000000000000100000020000222	N	oracle_00323	323
0000000000000000000100000200000033	N	oracle_00324	324
0000000000000000000100000200000222	N	oracle_00325	325
0000000000000000000100000220000022	N	oracle_00326	326
0000000000000000000100002020000022	N	oracle_00327	327
0000000000000000000100002200000022	N	oracle_00328	328
0000000000000000000100020020000022	N	oracle_00329	329
0000000000000000000100020200000022	N	oracle_00330	330
0000000000000000000100200020000022	N	oracle_00331	331
0000000000000000000100200200000022	N	oracle_00332	332
0000000000000000000102000020000022	N	oracle_00333	333
0000000000000000000102000200000022	N	oracle_00334	334
0000000000000000000120000020000022	N	oracle_00335	335
0000000000000000000120000200000022	N	oracle_00336	336
0000000000000000000200000010000033	N	oracle_00337	337
0000000000000000000200000010000222	N	oracle_00338	338
0000000000000000000200000020000023	N	oracle_00339	339
0000000000000000000200000020000122	N	oracle_00340	340
0000000000000000000200000030000022	N	oracle_00341	341
0000000000000000000200000120000022	N	oracle_00342	342
0000000000000000000200000200000023	N	oracle_00343	343
0000000000000000000200000200000122	N	oracle_00344	344
0000000000000000000200000210000022	N	oracle_00345	345
0000000000000000000200000220000012	N	oracle_00346	346
0000000000000000000200000300000022	N	oracle_00347	347
0000000000000000000200001020000022	N	oracle_00348	348
0000000000000000000200001200000022	N	oracle_00349	349
0000000000000000000200002010000022	N	oracle_00350	350
0000000000000000000200002020000012	N	oracle_00351	351
0000000000000000000200002200000012	N	oracle_00352	352
0000000000000000000200010020000022	N	oracle_00353	353
0000000000000000000200010200000022	N	oracle_00354	354
0000000000000000000200020010000022	N	oracle_00355	355
0000000000000000000200020020000012	N	oracle_00356	356
0000000000000000000200020200000012	N	oracle_00357	357
0000000000000000000200100020000022	N	oracle_00358	358
0000000000000000000200100200000022	N	oracle_00359	359
0000000000000000000200200010000022	N	oracle_00360	360
0000000000000000000200200020000012	N	oracle_00361	361
0000000000000000000200200200000012	N	oracle_00362	362
0000000000000000000201000020000022	N	oracle_00363	363
0000000000000000000202000010000022	N	oracle_00364	364
0000000000000000000202000020000012	N	oracle_00365	365
0000000000000000000210000020000022	N	oracle_00366	366
0000000000000000000220000010000022	N	oracle_00367	367
0000000000000000000220000020000012	N	oracle_00368	368
0000000000000000000300000020000022	N	oracle_00369	369
0000000000000000000300000030000012	N	oracle_00370	370
0000000000000000000300000300000012	N	oracle_00371	371
0000000000000000001000000020000033	N	oracle_00372	372
0000000000000000001000000020000222	N	oracle_00373	373
0000000000000000001000000120000023	N	oracle_00374	374
0000000000000000001000002020000022	N	oracle_00375	375
0000000000000000001000020020000022	N	oracle_00376	376
0000000000000000001000200020000022	N	oracle_00377	377
0000000000000000001002000020000022	N	oracle_00378	378
0000000000000000001020000020000022	N	oracle_00379	379
0000000000000000001100000020000023	N	oracle_00380	380
0000000000000000002000000020000023	N	oracle_00381	381
0000000000000000002000000020000122	N	oracle_00382	382
0000000000000000002000000030000022	N	oracle_00383	383
0000000000000000002000000120000013	N	oracle_00384	384
0000000000000000002000000120000022	N	oracle_00385	385
0000000000000000002000001020000022	N	oracle_00386	386
0000000000000000002000002020000012	N	oracle_00387	387
0000000000000000002000010020000022	N	oracle_00388	388
0000000000000000002000020020000012	N	oracle_00389	389
0000000000000000002000100020000022	N	oracle_00390	390
0000000000000000002000200020000012	N	oracle_00391	391
0000000000000000003000000030000012	N	oracle_00392	392
0000000000000000010000000020000033	N	oracle_00393	393
0000000000000000010000000020000222	N	oracle_00394	394
0000000000000000010000000200000033	N	oracle_00395	395
0000000000000000010000000200000222	N	oracle_00396	396
0000000000000000010000000220000022	N	oracle_00397	397
0000000000000000010000002000000033	N	oracle_00398	398
0000000000000000010000002000000222	N	oracle_00399	399
0000000000000000010000002020000022	N	oracle_00400	400
0000000000000000010000002200000022	N	oracle_00401	401
0000000000000000010000020000000033	N	oracle_00402	402
0000000000000000010000020000000222	N	oracle_00403	403
0000000000000000010000020020000022	N	oracle_00404	404
0000000000000000010000020200000022	N	oracle_00405	405
0000000000000000010000022000000022	N	oracle_00406	406
0000000000000000010000200000000033	N	oracle_00407	407
0000000000000000010000200000000222	N	oracle_00408	408
0000000000000000010000200020000022	N	oracle_00409	409
0000000000000000010000200200000022	N	oracle_00410	410
0000000000000000010000202000000022	N	oracle_00411	411
0000000000000000010000220000000022	N	oracle_00412	412
0000000000000000010002000020000022	N	oracle_00413	413
0000000000000000010002000200000022	N	oracle_00414	414
0000000000000000010002002000000022	N	oracle_00415	415
0000000000000000010002020000000022	N	oracle_00416	416
0000000000000000010020000020000022	N	oracle_00417	417
0000000000000000010020000200000022	N	oracle_00418	418
0000000000000000010020002000000022	N	oracle_00419	419
0000000000000000010200000020000022	N	oracle_00420	420
0000000000000000010200000200000022	N	oracle_00421	421
0000000000000000012000000020000022	N	oracle_00422	422
0000000000000000020000000020000023	N	oracle_00423	423
0000000000000000020000000020000122	N	oracle_00424	424
0000000000000000020000000030000022	N	oracle_00425	425
0000000000000000020000000100000033	N	oracle_00426	426
0000000000000000020000000100000222	N	oracle_00427	427
0000000000000000020000000120000022	N	oracle_00428	428
0000000000000000020000000200000023	N	oracle_00429	429
0000000000000000020000000200000122	N	oracle_00430	430
0000000000000000020000000210000022	N	oracle_00431	431
0000000000000000020000000220000012	N	oracle_00432	432
0000000000000000020000000300000022	N	oracle_00433	433
0000000000000000020000001000000033	N	oracle_00434	434
0000000000000000020000001000000222	N	oracle_00435	435
0000000000000000020000001020000022	N	oracle_00436	436
0000000000000000020000001200000022	N	oracle_00437	437
0000000000000000020000002000000023	N	oracle_00438	438
0000000000000000020000002000000122	N	oracle_00439	439
0000000000000000020000002010000022	N	oracle_00440	440
0000000000000000020000002020000012	N	oracle_00441	441
0000000000000000020000002100000022	N	oracle_00442	442
0000000000000000020000002200000012	N	oracle_00443	443
0000000000000000020000003000000022	N	oracle_00444	444
0000000000000000020000010000000033	N	oracle_00445	445
0000000000000000020000010000000222	N	oracle_00446	446
0000000000000000020000010020000022	N	oracle_00447	447
0000000000000000020000010200000022	N	oracle_00448	448
0000000000000000020000012000000022	N	oracle_00449	449
0000000000000000020000020000000023	N	oracle_00450	450
0000000000000000020000020000000122	N	oracle_00451	451
0000000000000000020000020010000022	N	oracle_00452	452
0000000000000000020000020020000012	N	oracle_00453	453
0000000000000000020000020100000022	N	oracle_00454	454
0000000000000000020000020200000012	N	oracle_00455	455
0000000000000000020000021000000022	N	oracle_00456	456
0000000000000000020000022000000012	N	oracle_00457	457
0000000000000000020000030000000022	N	oracle_00458	458
0000000000000000020000100000000033	N	oracle_00459	459
0000000000000000020000100000000222	N	oracle_00460	460
0000000000000000020000100020000022	N	oracle_00461	461
0000000000000000020000100200000022	N	oracle_00462	462
0000000000000000020000102000000022	N	oracle_00463	463
0000000000000000020000120000000022	N	oracle_00464	464
0000000000000000020000200000000023	N	oracle_00465	465
0000000000000000020000200000000122	N	oracle_00466	466
0000000000000000020000200010000022	N	oracle_00467	467
0000000000000000020000200020000012	N	oracle_00468	468
0000000000000000020000200100000022	N	oracle_00469	469
0000000000000000020000200200000012	N	oracle_00470	470
0000000000000000020000201000000022	N	oracle_00471	471
0000000000000000020000202000000012	N	oracle_00472	472
0000000000000000020000210000000022	N	oracle_00473	473
0000000000000000020000220000000012	N	oracle_00474	474
0000000000000000020000300000000022	N	oracle_00475	475
0000000000000000020001000020000022	N	oracle_00476	476
0000000000000000020001000200000022	N	oracle_00477	477
0000000000000000020001002000000022	N	oracle_00478	478
0000000000000000020001020000000022	N	oracle_00479	479
0000000000000000020002000010000022	N	oracle_00480	480
0000000000000000020002000020000012	N	oracle_00481	481
0000000000000000020002000100000022	N	oracle_00482	482
0000000000000000020002000200000012	N	oracle_00483	483
0000000000000000020002001000000022	N	oracle_00484	484
0000000000000000020002002000000012	N	oracle_00485	485
0000000000000000020002020000000012	N	oracle_00486	486
0000000000000000020010000020000022	N	oracle_00487	487
0000000000000000020010000200000022	N	oracle_00488	488
0000000000000000020010002000000022	N	oracle_00489	489
0000000000000000020020000010000022	N	oracle_00490	490
0000000000000000020020000020000012	N	oracle_00491	491
0000000000000000020020000100000022	N	oracle_00492	492
0000000000000000020020000200000012	N	oracle_00493	493
0000000000000000020020002000000012	N	oracle_00494	494
0000000000000000020100000020000022	N	oracle_00495	495
0000000000000000020100000200000022	N	oracle_00496	496
0000000000000000020200000010000022	N	oracle_00497	497
0000000000000000020200000020000012	N	oracle_00498	498
0000000000000000020200000200000012	N	oracle_00499	499
0000000000000000021000000020000022	N	oracle_00500	500
0000000000000000022000000020000012	N	oracle_00501	501
0000000000000000030000000030000012	N	oracle_00502	502
0000000000000000030000000200000022	N	oracle_00503	503
0000000000000000030000000300000012	N	oracle_00504	504
0000000000000000030000002000000022	N	oracle_00505	505
0000000000000000030000003000000012	N	oracle_00506	506
0000000000000000030000020000000022	N	oracle_00507	507
0000000000000000030000030000000012	N	oracle_00508	508
0000000000000000030000200000000022	N	oracle_00509	509
0000000000000000030000300000000012	N	oracle_00510	510
0000000000000000100000000200000033	N	oracle_00511	511
0000000000000000100000000200000222	N	oracle_00512	512
0000000000000000100000000220000022	N	oracle_00513	513
0000000000000000100000002000000033	N	oracle_00514	514
0000000000000000100000002000000222	N	oracle_00515	515
0000000000000000100000002020000022	N	oracle_00516	516
0000000000000000100000002200000022	N	oracle_00517	517
0000000000000000100000020000000033	N	oracle_00518	518
0000000000000000100000020000000222	N	oracle_00519	519
0000000000000000100000020020000022	N	oracle_00520	520
0000000000000000100000020200000022	N	oracle_00521	521
0000000000000000100000022000000022	N	oracle_00522	522
0000000000000000100000200000000033	N	oracle_00523	523
0000000000000000100000200000000222	N	oracle_00524	524
0000000000000000100000200020000022	N	oracle_00525	525
0000000000000000100000200200000022	N	oracle_00526	526
0000000000000000100000202000000022	N	oracle_00527	527
0000000000000000100002000020000022	N	oracle_00528	528
0000000000000000100002000200000022	N	oracle_00529	529
0000000000000000100002002000000022	N	oracle_00530	530
0000000000000000100002020000000022	N	oracle_00531	531
0000000000000000100020000020000022	N	oracle_00532	532
0000000000000000100020000200000022	N	oracle_00533	533
0000000000000000100020002000000022	N	oracle_00534	534
0000000000000000100200000020000022	N	oracle_00535	535
0000000000000000100200000200000022	N	oracle_00536	536
0000000000000000102000000020000022	N	oracle_00537	537
0000000000000000120000000200000022	N	oracle_00538	538
0000000000000000120000002000000022	N	oracle_00539	539
0000000000000000120000020000000022	N	oracle_00540	540
0000000000000000120000200000000022	N	oracle_00541	541
0000000000000000200000000200000023	N	oracle_00542	542
0000000000000000200000000200000122	N	oracle_00543	543
0000000000000000200000000210000022	N	oracle_00544	544
0000000000000000200000000220000012	N	oracle_00545	545
0000000000000000200000000300000022	N	oracle_00546	546
0000000000000000200000001000000033	N	oracle_00547	547
0000000000000000200000001000000222	N	oracle_00548	548
0000000000000000200000001020000022	N	oracle_00549	549
0000000000000000200000001200000022	N	oracle_00550	550
0000000000000000200000002000000023	N	oracle_00551	551
0000000000000000200000002000000122	N	oracle_00552	552
0000000000000000200000002010000022	N	oracle_00553	553
0000000000000000200000002020000012	N	oracle_00554	554
0000000000000000200000002100000022	N	oracle_00555	555
0000000000000000200000002200000012	N	oracle_00556	556
0000000000000000200000003000000022	N	oracle_00557	557
0000000000000000200000010000000033	N	oracle_00558	558
0000000000000000200000010000000222	N	oracle_00559	559
0000000000000000200000010020000022	N	oracle_00560	560
0000000000000000200000010200000022	N	oracle_00561	561
0000000000000000200000012000000022	N	oracle_00562	562
0000000000000000200000020000000023	N	oracle_00563	563
0000000000000000200000020000000122	N	oracle_00564	564
0000000000000000200000020010000022	N	oracle_00565	565
0000000000000000200000020020000012	N	oracle_00566	566
0000000000000000200000020100000022	N	oracle_00567	567
0000000000000000200000020200000012	N	oracle_00568	568
0000000000000000200000021000000022	N	oracle_00569	569
0000000000000000200000022000000012	N	oracle_00570	570
0000000000000000200000030000000022	N	oracle_00571	571
0000000000000000200000100000000033	N	oracle_00572	572
0000000000000000200000100000000222	N	oracle_00573	573
0000000000000000200000100020000022	N	oracle_00574	574
0000000000000000200000100200000022	N	oracle_00575	575
0000000000000000200000102000000022	N	oracle_00576	576
0000000000000000200000200000000023	N	oracle_00577	577
0000000000000000200000200000000122	N	oracle_00578	578
0000000000000000200000200010000022	N	oracle_00579	579
0000000000000000200000200020000012	N	oracle_00580	580
0000000000000000200000200100000022	N	oracle_00581	581
0000000000000000200000200200000012	N	oracle_00582	582
0000000000000000200000201000000022	N	oracle_00583	583
0000000000000000200000202000000012	N	oracle_00584	584
0000000000000000200000300000000022	N	oracle_00585	585
0000000000000000200001000020000022	N	oracle_00586	586
0000000000000000200001000200000022	N	oracle_00587	587
0000000000000000200001002000000022	N	oracle_00588	588
0000000000000000200001020000000022	N	oracle_00589	589
0000000000000000200002000010000022	N	oracle_00590	590
0000000000000000200002000020000012	N	oracle_00591	591
0000000000000000200002000100000022	N	oracle_00592	592
0000000000000000200002000200000012	N	oracle_00593	593
0000000000000000200002001000000022	N	oracle_00594	594
0000000000000000200002002000000012	N	oracle_00595	595
0000000000000000200002020000000012	N	oracle_00596	596
0000000000000000200010000020000022	N	oracle_00597	597
0000000000000000200010000200000022	N	oracle_00598	598
0000000000000000200010002000000022	N	oracle_00599	599
0000000000000000200020000010000022	N	oracle_00600	600
0000000000000000200020000020000012	N	oracle_00601	601
0000000000000000200020000100000022	N	oracle_00602	602
0000000000000000200020000200000012	N	oracle_00603	603
0000000000000000200020002000000012	N	oracle_00604	604
0000000000000000200100000020000022	N	oracle_00605	605
0000000000000000200100000200000022	N	oracle_00606	606
0000000000000000200200000010000022	N	oracle_00607	607
0000000000000000200200000020000012	N	oracle_00608	608
0000000000000000200200000200000012	N	oracle_00609	609
0000000000000000201000000020000022	N	oracle_00610	610
0000000000000000202000000020000012	N	oracle_00611	611
0000000000000000210000002000000022	N	oracle_00612	612
0000000000000000210000020000000022	N	oracle_00613	613
0000000000000000210000200000000022	N	oracle_00614	614
0000000000000000220000001000000022	N	oracle_00615	615
0000000000000000220000002000000012	N	oracle_00616	616
0000000000000000220000010000000022	N	oracle_00617	617
0000000000000000220000020000000012	N	oracle_00618	618
0000000000000000220000100000000022	N	oracle_00619	619
0000000000000000220000200000000012	N	oracle_00620	620
0000000000000000300000000300000012	N	oracle_00621	621
0000000000000000300000002000000022	N	oracle_00622	622
0000000000000000300000003000000012	N	oracle_00623	623
0000000000000000300000020000000022	N	oracle_00624	624
0000000000000000300000030000000012	N	oracle_00625	625
0000000000000000300000200000000022	N	oracle_00626	626
0000000000000000300000300000000012	N	oracle_00627	627
0000000000000001000000002000000033	N	oracle_00628	628
0000000000000001000000002000000222	N	oracle_00629	629
0000000000000001000000002020000022	N	oracle_00630	630
0000000000000001000000002200000022	N	oracle_00631	631
0000000000000001000000020000000033	N	oracle_00632	632
0000000000000001000000020000000222	N	oracle_00633	633
0000000000000001000000020020000022	N	oracle_00634	634
0000000000000001000000020200000022	N	oracle_00635	635
0000000000000001000000022000000022	N	oracle_00636	636
0000000000000001000000200000000033	N	oracle_00637	637
0000000000000001000000200000000222	N	oracle_00638	638
0000000000000001000000200020000022	N	oracle_00639	639
0000000000000001000000200200000022	N	oracle_00640	640
0000000000000001000000202000000022	N	oracle_00641	641
0000000000000001000002000020000022	N	oracle_00642	642
0000000000000001000002000200000022	N	oracle_00643	643
0000000000000001000002002000000022	N	oracle_00644	644
0000000000000001000002020000000022	N	oracle_00645	645
0000000000000001000020000020000022	N	oracle_00646	646
0000000000000001000020000200000022	N	oracle_00647	647
0000000000000001000020002000000022	N	oracle_00648	648
0000000000000001000200000020000022	N	oracle_00649	649
0000000000000001000200000200000022	N	oracle_00650	650
0000000000000001002000000020000022	N	oracle_00651	651
0000000000000001020000002000000022	N	oracle_00652	652
0000000000000001020000020000000022	N	oracle_00653	653
0000000000000001020000200000000022	N	oracle_00654	654
0000000000000001200000002000000022	N	oracle_00655	655
0000000000000001200000020000000022	N	oracle_00656	656
0000000000000001200000200000000022	N	oracle_00657	657
0000000000000002000000002000000023	N	oracle_00658	658
0000000000000002000000002000000122	N	oracle_00659	659
0000000000000002000000002010000022	N	oracle_00660	660
0000000000000002000000002020000012	N	oracle_00661	661
0000000000000002000000002100000022	N	oracle_00662	662
0000000000000002000000002200000012	N	oracle_00663	663
0000000000000002000000003000000022	N	oracle_00664	664
0000000000000002000000010000000033	N	oracle_00665	665
0000000000000002000000010000000222	N	oracle_00666	666
0000000000000002000000010020000022	N	oracle_00667	667
0000000000000002000000010200000022	N	oracle_00668	668
0000000000000002000000012000000022	N	oracle_00669	669
0000000000000002000000020000000023	N	oracle_00670	670
0000000000000002000000020000000122	N	oracle_00671	671
0000000000000002000000020010000022	N	oracle_00672	672
0000000000000002000000020020000012	N	oracle_00673	673
0000000000000002000000020100000022	N	oracle_00674	674
0000000000000002000000020200000012	N	oracle_00675	675
0000000000000002000000021000000022	N	oracle_00676	676
0000000000000002000000022000000012	N	oracle_00677	677
0000000000000002000000030000000022	N	oracle_00678	678
0000000000000002000000100000000033	N	oracle_00679	679
0000000000000002000000100000000222	N	oracle_00680	680
0000000000000002000000100020000022	N	oracle_00681	681
0000000000000002000000100200000022	N	oracle_00682	682
0000000000000002000000102000000022	N	oracle_00683	683
0000000000000002000000200000000023	N	oracle_00684	684
0000000000000002000000200000000122	N	oracle_00685	685
0000000000000002000000200010000022	N	oracle_00686	686
0000000000000002000000200020000012	N	oracle_00687	687
0000000000000002000000200100000022	N	oracle_00688	688
0000000000000002000000200200000012	N	oracle_00689	689
0000000000000002000000201000000022	N	oracle_00690	690
0000000000000002000000202000000012	N	oracle_00691	691
0000000000000002000000300000000022	N	oracle_00692	692
0000000000000002000001000020000022	N	oracle_00693	693
0000000000000002000001000200000022	N	oracle_00694	694
0000000000000002000001002000000022	N	oracle_00695	695
0000000000000002000001020000000022	N	oracle_00696	696
0000000000000002000002000010000022	N	oracle_00697	697
0000000000000002000002000020000012	N	oracle_00698	698
0000000000000002000002000100000022	N	oracle_00699	699
0000000000000002000002000200000012	N	oracle_00700	700
0000000000000002000002001000000022	N	oracle_00701	701
0000000000000002000002002000000012	N	oracle_00702	702
0000000000000002000002020000000012	N	oracle_00703	703
0000000000000002000010000020000022	N	oracle_00704	704
0000000000000002000010000200000022	N	oracle_00705	705
0000000000000002000010002000000022	N	oracle_00706	706
0000000000000002000020000010000022	N	oracle_00707	707
0000000000000002000020000020000012	N	oracle_00708	708
0000000000000002000020000100000022	N	oracle_00709	709
0000000000000002000020000200000012	N	oracle_00710	710
0000000000000002000020002000000012	N	oracle_00711	711
0000000000000002000100000020000022	N	oracle_00712	712
0000000000000002000100000200000022	N	oracle_00713	713
0000000000000002000200000010000022	N	oracle_00714	714
0000000000000002000200000020000012	N	oracle_00715	715
0000000000000002000200000200000012	N	oracle_00716	716
0000000000000002001000000020000022	N	oracle_00717	717
0000000000000002002000000020000012	N	oracle_00718	718
0000000000000002010000020000000022	N	oracle_00719	719
0000000000000002010000200000000022	N	oracle_00720	720
0000000000000002020000010000000022	N	oracle_00721	721
0000000000000002020000020000000012	N	oracle_00722	722
0000000000000002020000100000000022	N	oracle_00723	723
0000000000000002020000200000000012	N	oracle_00724	724
0000000000000002100000020000000022	N	oracle_00725	725
0000000000000002100000200000000022	N	oracle_00726	726
0000000000000002200000010000000022	N	oracle_00727	727
0000000000000002200000020000000012	N	oracle_00728	728
0000000000000002200000100000000022	N	oracle_00729	729
0000000000000002200000200000000012	N	oracle_00730	730
0000000000000003000000003000000012	N	oracle_00731	731
0000000000000003000000020000000022	N	oracle_00732	732
0000000000000003000000030000000012	N	oracle_00733	733
0000000000000003000000200000000022	N	oracle_00734	734
0000000000000003000000300000000012	N	oracle_00735	735
0000000000000010000000020000000033	N	oracle_00736	736
0000000000000010000000020000000222	N	oracle_00737	737
0000000000000010000000020020000022	N	oracle_00738	738
0000000000000010000000020200000022	N	oracle_00739	739
0000000000000010000000022000000022	N	oracle_00740	740
0000000000000010000000200000000033	N	oracle_00741	741
0000000000000010000000200000000222	N	oracle_00742	742
0000000000000010000000200020000022	N	oracle_00743	743
0000000000000010000000200200000022	N	oracle_00744	744
0000000000000010000000202000000022	N	oracle_00745	745
0000000000000010000000220000000022	N	oracle_00746	746
0000000000000010000002000020000022	N	oracle_00747	747
0000000000000010000002000200000022	N	oracle_00748	748
0000000000000010000002002000000022	N	oracle_00749	749
0000000000000010000002020000000022	N	oracle_00750	750
0000000000000010000020000020000022	N	oracle_00751	751
0000000000000010000020000200000022	N	oracle_00752	752
0000000000000010000020002000000022	N	oracle_00753	753
0000000000000010000200000020000022	N	oracle_00754	754
0000000000000010000200000200000022	N	oracle_00755	755
0000000000000010002000000020000022	N	oracle_00756	756
0000000000000010020000020000000022	N	oracle_00757	757
0000000000000010020000200000000022	N	oracle_00758	758
0000000000000010200000020000000022	N	oracle_00759	759
0000000000000010200000200000000022	N	oracle_00760	760
0000000000000012000000020000000022	N	oracle_00761	761
0000000000000012000000200000000022	N	oracle_00762	762
0000000000000020000000020000000023	N	oracle_00763	763
0000000000000020000000020000000122	N	oracle_00764	764
0000000000000020000000020010000022	N	oracle_00765	765
0000000000000020000000020020000012	N	oracle_00766	766
0000000000000020000000020100000022	N	oracle_00767	767
0000000000000020000000020200000012	N	oracle_00768	768
0000000000000020000000021000000022	N	oracle_00769	769
0000000000000020000000022000000012	N	oracle_00770	770
0000000000000020000000030000000022	N	oracle_00771	771
0000000000000020000000100000000033	N	oracle_00772	772
0000000000000020000000100000000222	N	oracle_00773	773
0000000000000020000000100020000022	N	oracle_00774	774
0000000000000020000000100200000022	N	oracle_00775	775
0000000000000020000000102000000022	N	oracle_00776	776
0000000000000020000000120000000022	N	oracle_00777	777
0000000000000020000000200000000023	N	oracle_00778	778
0000000000000020000000200000000122	N	oracle_00779	779
0000000000000020000000200010000022	N	oracle_00780	780
0000000000000020000000200020000012	N	oracle_00781	781
0000000000000020000000200100000022	N	oracle_00782	782
0000000000000020000000200200000012	N	oracle_00783	783
0000000000000020000000201000000022	N	oracle_00784	784
0000000000000020000000202000000012	N	oracle_00785	785
0000000000000020000000210000000022	N	oracle_00786	786
0000000000000020000000220000000012	N	oracle_00787	787
0000000000000020000000300000000022	N	oracle_00788	788
0000000000000020000001000020000022	N	oracle_00789	789
0000000000000020000001000200000022	N	oracle_00790	790
0000000000000020000001002000000022	N	oracle_00791	791
0000000000000020000001020000000022	N	oracle_00792	792
0000000000000020000002000010000022	N	oracle_00793	793
0000000000000020000002000020000012	N	oracle_00794	794
0000000000000020000002000100000022	N	oracle_00795	795
0000000000000020000002000200000012	N	oracle_00796	796
0000000000000020000002001000000022	N	oracle_00797	797
0000000000000020000002002000000012	N	oracle_00798	798
0000000000000020000002020000000012	N	oracle_00799	799
0000000000000020000010000020000022	N	oracle_00800	800
0000000000000020000010000200000022	N	oracle_00801	801
0000000000000020000010002000000022	N	oracle_00802	802
0000000000000020000020000010000022	N	oracle_00803	803
0000000000000020000020000020000012	N	oracle_00804	804
0000000000000020000020000100000022	N	oracle_00805	805
0000000000000020000020000200000012	N	oracle_00806	806
0000000000000020000020002000000012	N	oracle_00807	807
0000000000000020000100000020000022	N	oracle_00808	808
0000000000000020000100000200000022	N	oracle_00809	809
0000000000000020000200000010000022	N	oracle_00810	810
0000000000000020000200000020000012	N	oracle_00811	811
0000000000000020000200000200000012	N	oracle_00812	812
0000000000000020001000000020000022	N	oracle_00813	813
0000000000000020002000000020000012	N	oracle_00814	814
0000000000000020010000200000000022	N	oracle_00815	815
0000000000000020020000100000000022	N	oracle_00816	816
0000000000000020020000200000000012	N	oracle_00817	817
0000000000000020100000200000000022	N	oracle_00818	818
0000000000000020200000100000000022	N	oracle_00819	819
0000000000000020200000200000000012	N	oracle_00820	820
0000000000000021000000200000000022	N	oracle_00821	821
0000000000000022000000100000000022	N	oracle_00822	822
0000000000000022000000200000000012	N	oracle_00823	823
0000000000000030000000030000000012	N	oracle_00824	824
0000000000000030000000200000000022	N	oracle_00825	825
0000000000000030000000300000000012	N	oracle_00826	826
0000000000000100000000200000000033	N	oracle_00827	827
0000000000000100000000200000000222	N	oracle_00828	828
0000000000000100000000200020000022	N	oracle_00829	829
0000000000000100000000200200000022	N	oracle_00830	830
0000000000000100000000202000000022	N	oracle_00831	831
0000000000000100000000220000000022	N	oracle_00832	832
0000000000000100000002000020000022	N	oracle_00833	833
0000000000000100000002000200000022	N	oracle_00834	834
0000000000000100000002002000000022	N	oracle_00835	835
0000000000000100000002020000000022	N	oracle_00836	836
0000000000000100000020000020000022	N	oracle_00837	837
0000000000000100000020000200000022	N	oracle_00838	838
0000000000000100000020002000000022	N	oracle_00839	839
0000000000000100000200000020000022	N	oracle_00840	840
0000000000000100000200000200000022	N	oracle_00841	841
0000000000000100002000000020000022	N	oracle_00842	842
0000000000000100020000200000000022	N	oracle_00843	843
0000000000000100200000200000000022	N	oracle_00844	844
0000000000000102000000200000000022	N	oracle_00845	845
0000000000000120000000200000000022	N	oracle_00846	846
0000000000000200000000200000000023	N	oracle_00847	847
0000000000000200000000200000000122	N	oracle_00848	848
0000000000000200000000200010000022	N	oracle_00849	849
0000000000000200000000200020000012	N	oracle_00850	850
0000000000000200000000200100000022	N	oracle_00851	851
0000000000000200000000200200000012	N	oracle_00852	852
0000000000000200000000201000000022	N	oracle_00853	853
0000000000000200000000202000000012	N	oracle_00854	854
0000000000000200000000210000000022	N	oracle_00855	855
0000000000000200000000220000000012	N	oracle_00856	856
0000000000000200000000300000000022	N	oracle_00857	857
0000000000000200000001000020000022	N	oracle_00858	858
0000000000000200000001000200000022	N	oracle_00859	859
0000000000000200000001002000000022	N	oracle_00860	860
0000000000000200000001020000000022	N	oracle_00861	861
0000000000000200000002000010000022	N	oracle_00862	862
0000000000000200000002000020000012	N	oracle_00863	863
0000000000000200000002000100000022	N	oracle_00864	864
0000000000000200000002000200000012	N	oracle_00865	865
0000000000000200000002001000000022	N	oracle_00866	866
0000000000000200000002002000000012	N	oracle_00867	867
0000000000000200000002020000000012	N	oracle_00868	868
0000000000000200000010000020000022	N	oracle_00869	869
0000000000000200000010000200000022	N	oracle_00870	870
0000000000000200000010002000000022	N	oracle_00871	871
0000000000000200000020000010000022	N	oracle_00872	872
0000000000000200000020000020000012	N	oracle_00873	873
0000000000000200000020000100000022	N	oracle_00874	874
0000000000000200000020000200000012	N	oracle_00875	875
0000000000000200000020002000000012	N	oracle_00876	876
0000000000000200000100000020000022	N	oracle_00877	877
0000000000000200000100000200000022	N	oracle_00878	878
0000000000000200000200000010000022	N	oracle_00879	879
0000000000000200000200000020000012	N	oracle_00880	880
0000000000000200000200000200000012	N	oracle_00881	881
0000000000000200001000000020000022	N	oracle_00882	882
0000000000000200002000000020000012	N	oracle_00883	883
0000000000000300000000300000000012	N	oracle_00884	884
0000000010000000020000000020000022	N	oracle_00885	885
0000000010000000020000000200000022	N	oracle_00886	886
0000000010000000020000002000000022	N	oracle_00887	887
0000000010000000020000020000000022	N	oracle_00888	888
0000000010000000020000200000000022	N	oracle_00889	889
0000000010000000200000000200000022	N	oracle_00890	890
0000000010000000200000002000000022	N	oracle_00891	891
0000000010000000200000020000000022	N	oracle_00892	892
0000000010000000200000200000000022	N	oracle_00893	893
0000000010000002000000002000000022	N	oracle_00894	894
0000000010000002000000020000000022	N	oracle_00895	895
0000000010000002000000200000000022	N	oracle_00896	896
0000000010000020000000020000000022	N	oracle_00897	897
0000000010000020000000200000000022	N	oracle_00898	898
0000000010000200000000200000000022	N	oracle_00899	899
0000000020000000020000000020000012	N	oracle_00900	900
0000000020000000020000000100000022	N	oracle_00901	901
0000000020000000020000000200000012	N	oracle_00902	902
0000000020000000020000001000000022	N	oracle_00903	903
0000000020000000020000002000000012	N	oracle_00904	904
0000000020000000020000010000000022	N	oracle_00905	905
0000000020000000020000020000000012	N	oracle_00906	906
0000000020000000020000100000000022	N	oracle_00907	907
0000000020000000020000200000000012	N	oracle_00908	908
0000000020000000100000000200000022	N	oracle_00909	909
0000000020000000100000002000000022	N	oracle_00910	910
0000000020000000100000020000000022	N	oracle_00911	911
0000000020000000100000200000000022	N	oracle_00912	912
0000000020000000200000000200000012	N	oracle_00913	913
0000000020000000200000001000000022	N	oracle_00914	914
0000000020000000200000002000000012	N	oracle_00915	915
0000000020000000200000010000000022	N	oracle_00916	916
0000000020000000200000020000000012	N	oracle_00917	917
0000000020000000200000100000000022	N	oracle_00918	918
0000000020000000200000200000000012	N	oracle_00919	919
0000000020000001000000002000000022	N	oracle_00920	920
0000000020000001000000020000000022	N	oracle_00921	921
0000000020000001000000200000000022	N	oracle_00922	922
0000000020000002000000002000000012	N	oracle_00923	923
0000000020000002000000010000000022	N	oracle_00924	924
0000000020000002000000020000000012	N	oracle_00925	925
0000000020000002000000100000000022	N	oracle_00926	926
0000000020000002000000200000000012	N	oracle_00927	927
0000000020000010000000020000000022	N	oracle_00928	928
0000000020000010000000200000000022	N	oracle_00929	929
0000000020000020000000020000000012	N	oracle_00930	930
0000000020000020000000100000000022	N	oracle_00931	931
0000000020000020000000200000000012	N	oracle_00932	932
0000000020000100000000200000000022	N	oracle_00933	933
0000000020000200000000200000000012	N	oracle_00934	934
0000000100000000200000000200000022	N	oracle_00935	935
0000000100000000200000002000000022	N	oracle_00936	936
0000000100000000200000020000000022	N	oracle_00937	937
0000000100000000200000200000000022	N	oracle_00938	938
0000000100000002000000002000000022	N	oracle_00939	939
0000000100000002000000020000000022	N	oracle_00940	940
0000000100000002000000200000000022	N	oracle_00941	941
0000000100000020000000020000000022	N	oracle_00942	942
0000000100000020000000200000000022	N	oracle_00943	943
0000000100000200000000200000000022	N	oracle_00944	944
0000000200000000200000000200000012	N	oracle_00945	945
0000000200000000200000001000000022	N	oracle_00946	946
0000000200000000200000002000000012	N	oracle_00947	947
0000000200000000200000010000000022	N	oracle_00948	948
0000000200000000200000020000000012	N	oracle_00949	949
0000000200000000200000100000000022	N	oracle_00950	950
0000000200000000200000200000000012	N	oracle_00951	951
0000000200000001000000002000000022	N	oracle_00952	952
0000000200000001000000020000000022	N	oracle_00953	953
0000000200000001000000200000000022	N	oracle_00954	954
0000000200000002000000002000000012	N	oracle_00955	955
0000000200000002000000010000000022	N	oracle_00956	956
0000000200000002000000020000000012	N	oracle_00957	957
0000000200000002000000100000000022	N	oracle_00958	958
0000000200000002000000200000000012	N	oracle_00959	959
0000000200000010000000020000000022	N	oracle_00960	960
0000000200000010000000200000000022	N	oracle_00961	961
0000000200000020000000020000000012	N	oracle_00962	962
0000000200000020000000100000000022	N	oracle_00963	963
0000000200000020000000200000000012	N	oracle_00964	964
0000000200000100000000200000000022	N	oracle_00965	965
0000000200000200000000200000000012	N	oracle_00966	966
0000001000000002000000002000000022	N	oracle_00967	967
0000001000000002000000020000000022	N	oracle_00968	968
0000001000000002000000200000000022	N	oracle_00969	969
0000001000000020000000020000000022	N	oracle_00970	970
0000001000000020000000200000000022	N	oracle_00971	971
0000001000000200000000200000000022	N	oracle_00972	972
0000002000000002000000002000000012	N	oracle_00973	973
0000002000000002000000010000000022	N	oracle_00974	974
0000002000000002000000020000000012	N	oracle_00975	975
0000002000000002000000100000000022	N	oracle_00976	976
0000002000000002000000200000000012	N	oracle_00977	977
0000002000000010000000020000000022	N	oracle_00978	978
0000002000000010000000200000000022	N	oracle_00979	979
0000002000000020000000020000000012	N	oracle_00980	980
0000002000000020000000100000000022	N	oracle_00981	981
0000002000000020000000200000000012	N	oracle_00982	982
0000002000000100000000200000000022	N	oracle_00983	983
0000002000000200000000200000000012	N	oracle_00984	984
0000010000000020000000020000000022	N	oracle_00985	985
0000010000000020000000200000000022	N	oracle_00986	986
0000010000000200000000200000000022	N	oracle_00987	987
0000020000000020000000020000000012	N	oracle_00988	988
0000020000000020000000100000000022	N	oracle_00989	989
0000020000000020000000200000000012	N	oracle_00990	990
0000020000000100000000200000000022	N	oracle_00991	991
0000020000000200000000200000000012	N	oracle_00992	992
0000100000000200000000200000000022	N	oracle_00993	993
0000200000000200000000200000000012	N	oracle_00994	994
0000000000000000000000000020000224	P	oracle_00995	995
0000000000000000000000000200000224	P	oracle_00996	996
0000000000000000000000000220000033	P	oracle_00997	997
0000000000000000000000000220000222	P	oracle_00998	998
0000000000000000000000000330000022	P	oracle_00999	999
0000000000000000000000002000000224	P	oracle_01000	1000
0000000000000000000000002020000033	P	oracle_01001	1001
0000000000000000000000002020000222	P	oracle_01002	1002
0000000000000000000000002200000033	P	oracle_01003	1003
0000000000000000000000002200000222	P	oracle_01004	1004
0000000000000000000000002220000022	N	oracle_01005	1005
0000000000000000000000003030000022	P	oracle_01006	1006
0000000000000000000000003300000022	P	oracle_01007	1007
0000000000000000000000020000000224	P	oracle_01008	1008
0000000000000000000000020020000033	P	oracle_01009	1009
0000000000000000000000020020000222	P	oracle_01010	1010
0000000000000000000000020200000033	P	oracle_01011	1011
0000000000000000000000020200000222	P	oracle_01012	1012
0000000000000000000000020220000022	P	oracle_01013	1013
0000000000000000000000022000000033	P	oracle_01014	1014
0000000000000000000000022000000222	P	oracle_01015	1015
0000000000000000000000022020000022	P	oracle_01016	1016
0000000000000000000000022100000023	N	oracle_01017	1017
0000000000000000000000022200000022	N	oracle_01018	1018
0000000000000000000000030030000022	P	oracle_01019	1019
0000000000000000000000030300000022	P	oracle_01020	1020
0000000000000000000000031100000023	N	oracle_01021	1021
0000000000000000000000032000000023	N	oracle_01022	1022
0000000000000000000000032100000013	N	oracle_01023	1023
0000000000000000000000032100000022	N	oracle_01024	1024
0000000000000000000000033000000022	P	oracle_01025	1025
0000000000000000000000122100000022	N	oracle_01026	1026
0000000000000000000000200000000224	P	oracle_01027	1027
0000000000000000000000200020000033	P	oracle_01028	1028
0000000000000000000000200020000222	P	oracle_01029	1029
0000000000000000000000200200000033	P	oracle_01030	1030
0000000000000000000000200200000222	P	oracle_01031	1031
0000000000000000000000200220000022	P	oracle_01032	1032
0000000000000000000000202000000033	P	oracle_01033	1033
0000000000000000000000202000000222	P	oracle_01034	1034
0000000000000000000000202020000022	N	oracle_01035	1035
0000000000000000000000202200000022	P	oracle_01036	1036
0000000000000000000000220000000033	P	oracle_01037	1037
0000000000000000000000220000000222	P	oracle_01038	1038
0000000000000000000000220020000022	N	oracle_01039	1039
0000000000000000000000220200000022	P	oracle_01040	1040
0000000000000000000000222000000022	P	oracle_01041	1041
0000000000000000000000300030000022	P	oracle_01042	1042
0000000000000000000000300300000022	P	oracle_01043	1043
0000000000000000000000303000000022	P	oracle_01044	1044
0000000000000000000000330000000022	P	oracle_01045	1045
0000000000000000000001200200000023	P	oracle_01046	1046
0000000000000000000001202000000023	P	oracle_01047	1047
0000000000000000000002000020000033	P	oracle_01048	1048
0000000000000000000002000020000222	P	oracle_01049	1049
0000000000000000000002000200000033	P	oracle_01050	1050
0000000000000000000002000200000222	P	oracle_01051	1051
0000000000000000000002000220000022	P	oracle_01052	1052
0000000000000000000002002000000033	P	oracle_01053	1053
0000000000000000000002002000000222	P	oracle_01054	1054
0000000000000000000002002020000022	P	oracle_01055	1055
0000000000000000000002002200000022	P	oracle_01056	1056
0000000000000000000002020000000033	P	oracle_01057	1057
0000000000000000000002020000000222	P	oracle_01058	1058
0000000000000000000002020020000022	P	oracle_01059	1059
0000000000000000000002020200000022	P	oracle_01060	1060
0000000000000000000002022000000022	P	oracle_01061	1061
0000000000000000000002100200000023	P	oracle_01062	1062
0000000000000000000002120000000023	P	oracle_01063	1063
0000000000000000000002200020000022	N	oracle_01064	1064
0000000000000000000002200200000022	N	oracle_01065	1065
0000000000000000000002202000000022	N	oracle_01066	1066
0000000000000000000002220000000022	N	oracle_01067	1067
0000000000000000000003000030000022	P	oracle_01068	1068
0000000000000000000003000300000022	P	oracle_01069	1069
0000000000000000000003003000000022	P	oracle_01070	1070
0000000000000000000003030000000022	P	oracle_01071	1071
0000000000000000000010001220000022	N	oracle_01072	1072
0000000000000000000020000020000033	P	oracle_01073	1073
0000000000000000000020000020000222	P	oracle_01074	1074
0000000000000000000020000200000033	P	oracle_01075	1075
0000000000000000000020000200000222	P	oracle_01076	1076
0000000000000000000020000220000022	N	oracle_01077	1077
0000000000000000000020001120000022	N	oracle_01078	1078
0000000000000000000020001210000022	N	oracle_01079	1079
0000000000000000000020001220000012	N	oracle_01080	1080
0000000000000000000020002000000033	P	oracle_01081	1081
0000000000000000000020002000000222	P	oracle_01082	1082
0000000000000000000020002020000022	P	oracle_01083	1083
0000000000000000000020002200000022	P	oracle_01084	1084
0000000000000000000020012000000023	P	oracle_01085	1085
0000000000000000000020020020000022	P	oracle_01086	1086
0000000000000000000020020200000022	P	oracle_01087	1087
0000000000000000000020022000000022	N	oracle_01088	1088
0000000000000000000020200020000022	P	oracle_01089	1089
0000000000000000000020200200000022	P	oracle_01090	1090
0000000000000000000020202000000022	P	oracle_01091	1091
0000000000000000000022000020000022	N	oracle_01092	1092
0000000000000000000022000200000022	P	oracle_01093	1093
0000000000000000000030000030000022	P	oracle_01094	1094
0000000000000000000030000300000022	P	oracle_01095	1095
0000000000000000000030003000000022	P	oracle_01096	1096
0000000000000000000200000020000033	P	oracle_01097	1097
0000000000000000000200000020000222	P	oracle_01098	1098
0000000000000000000200000200000033	P	oracle_01099	1099
0000000000000000000200000200000222	P	oracle_01100	1100
0000000000000000000200000220000022	P	oracle_01101	1101
0000000000000000000200002020000022	P	oracle_01102	1102
0000000000000000000200002200000022	P	oracle_01103	1103
0000000000000000000200020020000022	P	oracle_01104	1104
0000000000000000000200020200000022	P	oracle_01105	1105
0000000000000000000200200020000022	P	oracle_01106	1106
0000000000000000000200200200000022	P	oracle_01107	1107
0000000000000000000202000020000022	P	oracle_01108	1108
0000000000000000000220000020000022	P	oracle_01109	1109
0000000000000000000300000030000022	P	oracle_01110	1110
0000000000000000000300000300000022	P	oracle_01111	1111
0000000000000000001000001220000022	N	oracle_01112	1112
0000000000000000001210000020000022	N	oracle_01113	1113
0000000000000000002000000020000033	P	oracle_01114	1114
0000000000000000002000000020000222	P	oracle_01115	1115
0000000000000000002000000120000023	P	oracle_01116	1116
0000000000000000002000000220000022	N	oracle_01117	1117
0000000000000000002000001120000022	N	oracle_01118	1118
0000000000000000002000001220000012	N	oracle_01119	1119
0000000000000000002000002020000022	P	oracle_01120	1120
0000000000000000002000020020000022	P	oracle_01121	1121
0000000000000000002000200020000022	P	oracle_01122	1122
0000000000000000003000000030000022	P	oracle_01123	1123
0000000000000000010000022100000022	N	oracle_01124	1124
0000000000000000010000112100000022	N	oracle_01125	1125
0000000000000000010000121100000022	N	oracle_01126	1126
0000000000000000010000122000000022	N	oracle_01127	1127
0000000000000000010000122100000012	N	oracle_01128	1128
0000000000000000020000000020000033	P	oracle_01129	1129
0000000000000000020000000020000222	P	oracle_01130	1130
0000000000000000020000000200000033	P	oracle_01131	1131
0000000000000000020000000200000222	P	oracle_01132	1132
0000000000000000020000000220000022	P	oracle_01133	1133
0000000000000000020000002000000033	P	oracle_01134	1134
0000000000000000020000002000000222	P	oracle_01135	1135
0000000000000000020000002020000022	P	oracle_01136	1136
0000000000000000020000002200000022	P	oracle_01137	1137
0000000000000000020000020000000033	P	oracle_01138	1138
0000000000000000020000020000000222	P	oracle_01139	1139
0000000000000000020000020020000022	P	oracle_01140	1140
0000000000000000020000020200000022	P	oracle_01141	1141
0000000000000000020000022000000022	P	oracle_01142	1142
0000000000000000020000200000000033	P	oracle_01143	1143
0000000000000000020000200000000222	P	oracle_01144	1144
0000000000000000020000200020000022	P	oracle_01145	1145
0000000000000000020000200200000022	P	oracle_01146	1146
0000000000000000020000202000000022	P	oracle_01147	1147
0000000000000000020000220000000022	P	oracle_01148	1148
0000000000000000020002000020000022	P	oracle_01149	1149
0000000000000000020002000200000022	P	oracle_01150	1150
0000000000000000020002002000000022	P	oracle_01151	1151
0000000000000000020002020000000022	P	oracle_01152	1152
0000000000000000020020000020000022	P	oracle_01153	1153
0000000000000000020020000200000022	P	oracle_01154	1154
0000000000000000020020002000000022	P	oracle_01155	1155
0000000000000000020200000020000022	P	oracle_01156	1156
0000000000000000020200000200000022	P	oracle_01157	1157
0000000000000000022000000020000022	P	oracle_01158	1158
0000000000000000030000000030000022	P	oracle_01159	1159
0000000000000000030000000300000022	P	oracle_01160	1160
0000000000000000030000003000000022	P	oracle_01161	1161
0000000000000000030000030000000022	P	oracle_01162	1162
0000000000000000030000300000000022	P	oracle_01163	1163
0000000000000000200000000200000033	P	oracle_01164	1164
0000000000000000200000000200000222	P	oracle_01165	1165
0000000000000000200000000220000022	P	oracle_01166	1166
0000000000000000200000002000000033	P	oracle_01167	1167
0000000000000000200000002000000222	P	oracle_01168	1168
0000000000000000200000002020000022	P	oracle_01169	1169
0000000000000000200000002200000022	P	oracle_01170	1170
0000000000000000200000020000000033	P	oracle_01171	1171
0000000000000000200000020000000222	P	oracle_01172	1172
0000000000000000200000020020000022	P	oracle_01173	1173
0000000000000000200000020200000022	P	oracle_01174	1174
0000000000000000200000022000000022	P	oracle_01175	1175
0000000000000000200000200000000033	P	oracle_01176	1176
0000000000000000200000200000000222	P	oracle_01177	1177
0000000000000000200000200020000022	P	oracle_01178	1178
0000000000000000200000200200000022	P	oracle_01179	1179
0000000000000000200000202000000022	P	oracle_01180	1180
0000000000000000200000220000000022	N	oracle_01181	1181
0000000000000000200002000020000022	P	oracle_01182	1182
0000000000000000200002000200000022	P	oracle_01183	1183
0000000000000000200002002000000022	P	oracle_01184	1184
0000000000000000200002020000000022	P	oracle_01185	1185
0000000000000000200020000020000022	P	oracle_01186	1186
0000000000000000200020000200000022	P	oracle_01187	1187
0000000000000000200020002000000022	P	oracle_01188	1188
0000000000000000200200000020000022	P	oracle_01189	1189
0000000000000000200200000200000022	P	oracle_01190	1190
0000000000000000202000000020000022	P	oracle_01191	1191
0000000000000000220000002000000022	P	oracle_01192	1192
0000000000000000220000020000000022	P	oracle_01193	1193
0000000000000000220000200000000022	P	oracle_01194	1194
0000000000000000300000000300000022	P	oracle_01195	1195
0000000000000000300000003000000022	P	oracle_01196	1196
0000000000000000300000030000000022	P	oracle_01197	1197
0000000000000000300000300000000022	P	oracle_01198	1198
0000000000000002000000002000000033	P	oracle_01199	1199
0000000000000002000000002000000222	P	oracle_01200	1200
0000000000000002000000002020000022	P	oracle_01201	1201
0000000000000002000000002200000022	P	oracle_01202	1202
0000000000000002000000020000000033	P	oracle_01203	1203
0000000000000002000000020000000222	P	oracle_01204	1204
0000000000000002000000020020000022	P	oracle_01205	1205
0000000000000002000000020200000022	P	oracle_01206	1206
0000000000000002000000022000000022	P	oracle_01207	1207
0000000000000002000000200000000033	P	oracle_01208	1208
0000000000000002000000200000000222	P	oracle_01209	1209
0000000000000002000000200020000022	P	oracle_01210	1210
0000000000000002000000200200000022	P	oracle_01211	1211
0000000000000002000000202000000022	P	oracle_01212	1212
0000000000000002000000220000000022	N	oracle_01213	1213
0000000000000002000002000020000022	P	oracle_01214	1214
0000000000000002000002000200000022	P	oracle_01215	1215
0000000000000002000002002000000022	P	oracle_01216	1216
0000000000000002000002020000000022	P	oracle_01217	1217
0000000000000002000020000020000022	P	oracle_01218	1218
0000000000000002000020000200000022	P	oracle_01219	1219
0000000000000002000020002000000022	P	oracle_01220	1220
0000000000000002000200000020000022	P	oracle_01221	1221
0000000000000002000200000200000022	P	oracle_01222	1222
0000000000000002002000000020000022	P	oracle_01223	1223
0000000000000002020000020000000022	P	oracle_01224	1224
0000000000000002020000200000000022	P	oracle_01225	1225
0000000000000002200000020000000022	P	oracle_01226	1226
0000000000000002200000200000000022	P	oracle_01227	1227
0000000000000003000000003000000022	P	oracle_01228	1228
0000000000000003000000030000000022	P	oracle_01229	1229
0000000000000003000000300000000022	P	oracle_01230	1230
0000000000000020000000020000000033	P	oracle_01231	1231
0000000000000020000000020000000222	P	oracle_01232	1232
0000000000000020000000020020000022	P	oracle_01233	1233
0000000000000020000000020200000022	P	oracle_01234	1234
0000000000000020000000022000000022	P	oracle_01235	1235
0000000000000020000000200000000033	P	oracle_01236	1236
0000000000000020000000200000000222	P	oracle_01237	1237
0000000000000020000000200020000022	P	oracle_01238	1238
0000000000000020000000200200000022	P	oracle_01239	1239
0000000000000020000000202000000022	P	oracle_01240	1240
0000000000000020000000220000000022	P	oracle_01241	1241
0000000000000020000002000020000022	P	oracle_01242	1242
0000000000000020000002000200000022	P	oracle_01243	1243
0000000000000020000002002000000022	P	oracle_01244	1244
0000000000000020000002020000000022	P	oracle_01245	1245
0000000000000020000020000020000022	P	oracle_01246	1246
0000000000000020000020000200000022	P	oracle_01247	1247
0000000000000020000020002000000022	P	oracle_01248	1248
0000000000000020000200000020000022	P	oracle_01249	1249
0000000000000020000200000200000022	P	oracle_01250	1250
0000000000000020002000000020000022	P	oracle_01251	1251
0000000000000020020000200000000022	P	oracle_01252	1252
0000000000000020200000200000000022	P	oracle_01253	1253
0000000000000022000000200000000022	P	oracle_01254	1254
0000000000000030000000030000000022	P	oracle_01255	1255
0000000000000030000000300000000022	P	oracle_01256	1256
0000000000000200000000200000000033	P	oracle_01257	1257
0000000000000200000000200000000222	P	oracle_01258	1258
0000000000000200000000200020000022	P	oracle_01259	1259
0000000000000200000000200200000022	P	oracle_01260	1260
0000000000000200000000202000000022	P	oracle_01261	1261
0000000000000200000000220000000022	P	oracle_01262	1262
0000000000000200000002000020000022	P	oracle_01263	1263
0000000000000200000002000200000022	P	oracle_01264	1264
0000000000000200000002002000000022	P	oracle_01265	1265
0000000000000200000002020000000022	P	oracle_01266	1266
0000000000000200000020000020000022	P	oracle_01267	1267
0000000000000200000020000200000022	P	oracle_01268	1268
0000000000000200000020002000000022	P	oracle_01269	1269
0000000000000200000200000020000022	P	oracle_01270	1270
0000000000000200000200000200000022	P	oracle_01271	1271
0000000000000200002000000020000022	P	oracle_01272	1272
0000000000000300000000300000000022	P	oracle_01273	1273
0000000020000000020000000020000022	P	oracle_01274	1274
0000000020000000020000000200000022	P	oracle_01275	1275
0000000020000000020000002000000022	P	oracle_01276	1276
0000000020000000020000020000000022	P	oracle_01277	1277
0000000020000000020000200000000022	P	oracle_01278	1278
0000000020000000200000000200000022	P	oracle_01279	1279
0000000020000000200000002000000022	P	oracle_01280	1280
0000000020000000200000020000000022	P	oracle_01281	1281
0000000020000000200000200000000022	P	oracle_01282	1282
0000000020000002000000002000000022	P	oracle_01283	1283
0000000020000002000000020000000022	P	oracle_01284	1284
0000000020000002000000200000000022	P	oracle_01285	1285
0000000020000020000000020000000022	P	oracle_01286	1286
0000000020000020000000200000000022	P	oracle_01287	1287
0000000020000200000000200000000022	P	oracle_01288	1288
0000000200000000200000000200000022	P	oracle_01289	1289
0000000200000000200000002000000022	P	oracle_01290	1290
0000000200000000200000020000000022	P	oracle_01291	1291
0000000200000000200000200000000022	P	oracle_01292	1292
0000000200000002000000002000000022	P	oracle_01293	1293
0000000200000002000000020000000022	P	oracle_01294	1294
0000000200000002000000200000000022	P	oracle_01295	1295
0000000200000020000000020000000022	P	oracle_01296	1296
0000000200000020000000200000000022	P	oracle_01297	1297
0000000200000200000000200000000022	P	oracle_01298	1298
0000002000000002000000002000000022	P	oracle_01299	1299
0000002000000002000000020000000022	P	oracle_01300	1300
0000002000000002000000200000000022	P	oracle_01301	1301
0000002000000020000000020000000022	P	oracle_01302	1302
0000002000000020000000200000000022	P	oracle_01303	1303
0000002000000200000000200000000022	P	oracle_01304	1304
0000020000000020000000020000000022	P	oracle_01305	1305
0000020000000020000000200000000022	P	oracle_01306	1306
0000020000000200000000200000000022	P	oracle_01307	1307
0000200000000200000000200000000022	P	oracle_01308	1308
0000000000000000000000000020000234	N	oracle_01309	1309
0000000000000000000000000020001224	N	oracle_01310	1310
0000000000000000000000000030000224	N	oracle_01311	1311
0000000000000000000000000120000044	N	oracle_01312	1312
0000000000000000000000000120000224	N	oracle_01313	1313
0000000000000000000000000200000234	N	oracle_01314	1314
0000000000000000000000000200001224	N	oracle_01315	1315
0000000000000000000000000210000044	N	oracle_01316	1316
0000000000000000000000000210000224	N	oracle_01317	1317
0000000000000000000000000220000034	N	oracle_01318	1318
0000000000000000000000000220000133	N	oracle_01319	1319
0000000000000000000000000220000223	N	oracle_01320	1320
0000000000000000000000000220001222	N	oracle_01321	1321
0000000000000000000000000230000033	N	oracle_01322	1322
0000000000000000000000000230000222	N	oracle_01323	1323
0000000000000000000000000240000023	N	oracle_01324	1324
0000000000000000000000000300000224	N	oracle_01325	1325
0000000000000000000000000320000033	N	oracle_01326	1326
0000000000000000000000000320000222	N	oracle_01327	1327
0000000000000000000000000330000023	N	oracle_01328	1328
0000000000000000000000000330000122	N	oracle_01329	1329
0000000000000000000000000340000013	N	oracle_01330	1330
0000000000000000000000000340000022	N	oracle_01331	1331
0000000000000000000000000430000022	N	oracle_01332	1332
0000000000000000000000001020000044	N	oracle_01333	1333
0000000000000000000000001020000224	N	oracle_01334	1334
0000000000000000000000001120000223	N	oracle_01335	1335
0000000000000000000000001200000044	N	oracle_01336	1336
0000000000000000000000001200000224	N	oracle_01337	1337
0000000000000000000000001220000033	N	oracle_01338	1338
0000000000000000000000001220000222	N	oracle_01339	1339
0000000000000000000000001330000022	N	oracle_01340	1340
0000000000000000000000002000000234	N	oracle_01341	1341
0000000000000000000000002000001224	N	oracle_01342	1342
0000000000000000000000002010000044	N	oracle_01343	1343
0000000000000000000000002010000224	N	oracle_01344	1344
0000000000000000000000002020000034	N	oracle_01345	1345
0000000000000000000000002020000133	N	oracle_01346	1346
0000000000000000000000002020000223	N	oracle_01347	1347
0000000000000000000000002020001222	N	oracle_01348	1348
0000000000000000000000002030000033	N	oracle_01349	1349
0000000000000000000000002030000222	N	oracle_01350	1350
0000000000000000000000002040000023	N	oracle_01351	1351
0000000000000000000000002100000044	N	oracle_01352	1352
0000000000000000000000002100000224	N	oracle_01353	1353
0000000000000000000000002110000223	N	oracle_01354	1354
0000000000000000000000002120000033	N	oracle_01355	1355
0000000000000000000000002120000123	N	oracle_01356	1356
0000000000000000000000002120000222	N	oracle_01357	1357
0000000000000000000000002200000034	N	oracle_01358	1358
0000000000000000000000002200000133	N	oracle_01359	1359
0000000000000000000000002200000223	N	oracle_01360	1360
0000000000000000000000002200001222	N	oracle_01361	1361
0000000000000000000000002210000033	N	oracle_01362	1362
0000000000000000000000002210000222	N	oracle_01363	1363
0000000000000000000000002220000023	N	oracle_01364	1364
0000000000000000000000002300000033	N	oracle_01365	1365
0000000000000000000000002300000222	N	oracle_01366	1366
0000000000000000000000003000000224	N	oracle_01367	1367
0000000000000000000000003020000033	N	oracle_01368	1368
0000000000000000000000003020000222	N	oracle_01369	1369
0000000000000000000000003030000023	N	oracle_01370	1370
0000000000000000000000003030000122	N	oracle_01371	1371
0000000000000000000000003040000013	N	oracle_01372	1372
0000000000000000000000003040000022	N	oracle_01373	1373
0000000000000000000000003130000022	N	oracle_01374	1374
0000000000000000000000003200000033	N	oracle_01375	1375
0000000000000000000000003200000222	N	oracle_01376	1376
0000000000000000000000003300000023	N	oracle_01377	1377
0000000000000000000000003300000122	N	oracle_01378	1378
0000000000000000000000003310000022	N	oracle_01379	1379
0000000000000000000000003400000022	N	oracle_01380	1380
0000000000000000000000004020000023	N	oracle_01381	1381
0000000000000000000000004030000022	N	oracle_01382	1382
0000000000000000000000004300000022	N	oracle_01383	1383
0000000000000000000000010020000044	N	oracle_01384	1384
0000000000000000000000010020000224	N	oracle_01385	1385
0000000000000000000000010200000044	N	oracle_01386	1386
0000000000000000000000010200000224	N	oracle_01387	1387
0000000000000000000000010220000033	N	oracle_01388	1388
0000000000000000000000010220000222	N	oracle_01389	1389
0000000000000000000000010330000022	N	oracle_01390	1390
0000000000000000000000011300000033	N	oracle_01391	1391
0000000000000000000000012000000044	N	oracle_01392	1392
0000000000000000000000012000000224	N	oracle_01393	1393
0000000000000000000000012020000033	N	oracle_01394	1394
0000000000000000000000012020000222	N	oracle_01395	1395
0000000000000000000000012120000023	N	oracle_01396	1396
0000000000000000000000012200000033	N	oracle_01397	1397
0000000000000000000000012200000222	N	oracle_01398	1398
0000000000000000000000012300000023	N	oracle_01399	1399
0000000000000000000000013030000022	N	oracle_01400	1400
0000000000000000000000013100000033	N	oracle_01401	1401
0000000000000000000000013200000023	N	oracle_01402	1402
0000000000000000000000013300000022	N	oracle_01403	1403
0000000000000000000000020000000234	N	oracle_01404	1404
0000000000000000000000020000001224	N	oracle_01405	1405
0000000000000000000000020010000044	N	oracle_01406	1406
0000000000000000000000020010000224	N	oracle_01407	1407
0000000000000000000000020020000034	N	oracle_01408	1408
0000000000000000000000020020000133	N	oracle_01409	1409
0000000000000000000000020020000223	N	oracle_01410	1410
0000000000000000000000020020001222	N	oracle_01411	1411
0000000000000000000000020030000033	N	oracle_01412	1412
0000000000000000000000020030000222	N	oracle_01413	1413
0000000000000000000000020040000023	N	oracle_01414	1414
0000000000000000000000020100000044	N	oracle_01415	1415
0000000000000000000000020100000224	N	oracle_01416	1416
0000000000000000000000020120000033	N	oracle_01417	1417
0000000000000000000000020120000222	N	oracle_01418	1418
0000000000000000000000020200000034	N	oracle_01419	1419
0000000000000000000000020200000133	N	oracle_01420	1420
0000000000000000000000020200000223	N	oracle_01421	1421
0000000000000000000000020200001222	N	oracle_01422	1422
0000000000000000000000020210000033	N	oracle_01423	1423
0000000000000000000000020210000222	N	oracle_01424	1424
0000000000000000000000020220000023	N	oracle_01425	1425
0000000000000000000000020220000122	N	oracle_01426	1426
0000000000000000000000020230000022	N	oracle_01427	1427
0000000000000000000000020300000033	N	oracle_01428	1428
0000000000000000000000020300000222	N	oracle_01429	1429
0000000000000000000000020320000022	N	oracle_01430	1430
0000000000000000000000021000000044	N	oracle_01431	1431
0000000000000000000000021000000224	N	oracle_01432	1432
0000000000000000000000021020000033	N	oracle_01433	1433
0000000000000000000000021020000222	N	oracle_01434	1434
0000000000000000000000021120000023	N	oracle_01435	1435
0000000000000000000000021200000033	N	oracle_01436	1436
0000000000000000000000021200000222	N	oracle_01437	1437
0000000000000000000000021220000022	N	oracle_01438	1438
0000000000000000000000021300000023	N	oracle_01439	1439
0000000000000000000000022000000034	N	oracle_01440	1440
0000000000000000000000022000000133	N	oracle_01441	1441
0000000000000000000000022000000223	N	oracle_01442	1442
0000000000000000000000022000001222	N	oracle_01443	1443
0000000000000000000000022010000033	N	oracle_01444	1444
0000000000000000000000022010000222	N	oracle_01445	1445
0000000000000000000000022020000023	N	oracle_01446	1446
0000000000000000000000022020000122	N	oracle_01447	1447
0000000000000000000000022030000022	N	oracle_01448	1448
0000000000000000000000022100000033	N	oracle_01449	1449
0000000000000000000000022100000222	N	oracle_01450	1450
0000000000000000000000022110000023	N	oracle_01451	1451
0000000000000000000000022120000013	N	oracle_01452	1452
0000000000000000000000022120000022	N	oracle_01453	1453
0000000000000000000000022200000023	N	oracle_01454	1454
0000000000000000000000023000000033	N	oracle_01455	1455
0000000000000000000000023000000222	N	oracle_01456	1456
0000000000000000000000023020000022	N	oracle_01457	1457
0000000000000000000000023100000023	N	oracle_01458	1458
0000000000000000000000030000000224	N	oracle_01459	1459
0000000000000000000000030020000033	N	oracle_01460	1460
0000000000000000000000030020000222	N	oracle_01461	1461
0000000000000000000000030030000023	N	oracle_01462	1462
0000000000000000000000030030000122	N	oracle_01463	1463
0000000000000000000000030040000013	N	oracle_01464	1464
0000000000000000000000030040000022	N	oracle_01465	1465
0000000000000000000000030130000022	N	oracle_01466	1466
0000000000000000000000030200000033	N	oracle_01467	1467
0000000000000000000000030200000222	N	oracle_01468	1468
0000000000000000000000030220000022	N	oracle_01469	1469
0000000000000000000000030300000023	N	oracle_01470	1470
0000000000000000000000030300000122	N	oracle_01471	1471
0000000000000000000000030310000022	N	oracle_01472	1472
0000000000000000000000030400000022	N	oracle_01473	1473
0000000000000000000000031030000022	N	oracle_01474	1474
0000000000000000000000031300000022	N	oracle_01475	1475
0000000000000000000000032000000033	N	oracle_01476	1476
0000000000000000000000032000000222	N	oracle_01477	1477
0000000000000000000000032020000022	N	oracle_01478	1478
0000000000000000000000032100000023	P	oracle_01479	1479
0000000000000000000000033000000023	N	oracle_01480	1480
0000000000000000000000033000000122	N	oracle_01481	1481
0000000000000000000000033010000022	N	oracle_01482	1482
0000000000000000000000033020000012	N	oracle_01483	1483
0000000000000000000000033100000022	N	oracle_01484	1484
0000000000000000000000034000000022	N	oracle_01485	1485
0000000000000000000000040020000023	N	oracle_01486	1486
0000000000000000000000040030000013	N	oracle_01487	1487
0000000000000000000000040030000022	N	oracle_01488	1488
0000000000000000000000040200000023	N	oracle_01489	1489
0000000000000000000000040300000013	N	oracle_01490	1490
0000000000000000000000040300000022	N	oracle_01491	1491
0000000000000000000000042000000023	N	oracle_01492	1492
0000000000000000000000043000000013	N	oracle_01493	1493
0000000000000000000000043000000022	N	oracle_01494	1494
0000000000000000000000100020000044	N	oracle_01495	1495
0000000000000000000000100020000224	N	oracle_01496	1496
0000000000000000000000100200000044	N	oracle_01497	1497
0000000000000000000000100200000224	N	oracle_01498	1498
0000000000000000000000100220000033	N	oracle_01499	1499
0000000000000000000000100220000222	N	oracle_01500	1500
0000000000000000000000100330000022	N	oracle_01501	1501
0000000000000000000000101040000023	N	oracle_01502	1502
0000000000000000000000101120000033	N	oracle_01503	1503
0000000000000000000000101210000033	N	oracle_01504	1504
0000000000000000000000101220000023	N	oracle_01505	1505
0000000000000000000000102000000044	N	oracle_01506	1506
0000000000000000000000102000000224	N	oracle_01507	1507
0000000000000000000000102020000024	N	oracle_01508	1508
0000000000000000000000102020000033	N	oracle_01509	1509
0000000000000000000000102020000222	N	oracle_01510	1510
0000000000000000000000102030000023	N	oracle_01511	1511
0000000000000000000000102120000023	N	oracle_01512	1512
0000000000000000000000102200000033	N	oracle_01513	1513
0000000000000000000000102200000222	N	oracle_01514	1514
0000000000000000000000102210000023	N	oracle_01515	1515
0000000000000000000000102220000013	N	oracle_01516	1516
0000000000000000000000102220000022	N	oracle_01517	1517
0000000000000000000000103020000023	N	oracle_01518	1518
0000000000000000000000103030000013	N	oracle_01519	1519
0000000000000000000000103030000022	N	oracle_01520	1520
0000000000000000000000103300000022	N	oracle_01521	1521
0000000000000000000000104010000023	N	oracle_01522	1522
0000000000000000000000104020000013	N	oracle_01523	1523
0000000000000000000000104020000022	N	oracle_01524	1524
0000000000000000000000111020000033	N	oracle_01525	1525
0000000000000000000000112010000033	N	oracle_01526	1526
0000000000000000000000112020000023	N	oracle_01527	1527
0000000000000000000000112100000033	N	oracle_01528	1528
0000000000000000000000112100000222	N	oracle_01529	1529
0000000000000000000000120000000044	N	oracle_01530	1530
0000000000000000000000120000000224	N	oracle_01531	1531
0000000000000000000000120020000033	N	oracle_01532	1532
0000000000000000000000120020000222	N	oracle_01533	1533
0000000000000000000000120030000023	N	oracle_01534	1534
0000000000000000000000120200000033	N	oracle_01535	1535
0000000000000000000000120200000222	N	oracle_01536	1536
0000000000000000000000120220000022	N	oracle_01537	1537
0000000000000000000000121100000033	N	oracle_01538	1538
0000000000000000000000122000000033	N	oracle_01539	1539
0000000000000000000000122000000222	N	oracle_01540	1540
0000000000000000000000122010000023	N	oracle_01541	1541
0000000000000000000000122020000022	N	oracle_01542	1542
0000000000000000000000122100000023	N	oracle_01543	1543
0000000000000000000000122200000022	N	oracle_01544	1544
0000000000000000000000130020000023	N	oracle_01545	1545
0000000000000000000000130030000013	N	oracle_01546	1546
0000000000000000000000130030000022	N	oracle_01547	1547
0000000000000000000000130300000022	N	oracle_01548	1548
0000000000000000000000133000000022	N	oracle_01549	1549
0000000000000000000000200000000234	N	oracle_01550	1550
0000000000000000000000200000001224	N	oracle_01551	1551
0000000000000000000000200010000044	N	oracle_01552	1552
0000000000000000000000200010000224	N	oracle_01553	1553
0000000000000000000000200020000034	N	oracle_01554	1554
0000000000000000000000200020000133	N	oracle_01555	1555
0000000000000000000000200020000223	N	oracle_01556	1556
0000000000000000000000200020001222	N	oracle_01557	1557
0000000000000000000000200030000033	N	oracle_01558	1558
0000000000000000000000200030000222	N	oracle_01559	1559
0000000000000000000000200040000023	N	oracle_01560	1560
0000000000000000000000200100000044	N	oracle_01561	1561
0000000000000000000000200100000224	N	oracle_01562	1562
0000000000000000000000200120000033	N	oracle_01563	1563
0000000000000000000000200120000222	N	oracle_01564	1564
0000000000000000000000200200000034	N	oracle_01565	1565
0000000000000000000000200200000133	N	oracle_01566	1566
0000000000000000000000200200000223	N	oracle_01567	1567
0000000000000000000000200200001222	N	oracle_01568	1568
0000000000000000000000200210000024	N	oracle_01569	1569
0000000000000000000000200210000033	N	oracle_01570	1570
0000000000000000000000200210000222	N	oracle_01571	1571
0000000000000000000000200220000023	N	oracle_01572	1572
0000000000000000000000200220000122	N	oracle_01573	1573
0000000000000000000000200230000022	N	oracle_01574	1574
0000000000000000000000200300000033	N	oracle_01575	1575
0000000000000000000000200300000222	N	oracle_01576	1576
0000000000000000000000200320000022	N	oracle_01577	1577
0000000000000000000000201000000044	N	oracle_01578	1578
0000000000000000000000201000000224	N	oracle_01579	1579
0000000000000000000000201020000024	N	oracle_01580	1580
0000000000000000000000201020000033	N	oracle_01581	1581
0000000000000000000000201020000222	N	oracle_01582	1582
0000000000000000000000201030000023	N	oracle_01583	1583
0000000000000000000000201040000013	N	oracle_01584	1584
0000000000000000000000201040000022	N	oracle_01585	1585
0000000000000000000000201120000023	N	oracle_01586	1586
0000000000000000000000201200000033	N	oracle_01587	1587
0000000000000000000000201200000222	N	oracle_01588	1588
0000000000000000000000201210000023	N	oracle_01589	1589
0000000000000000000000201220000022	N	oracle_01590	1590
0000000000000000000000202000000034	N	oracle_01591	1591
0000000000000000000000202000000133	N	oracle_01592	1592
0000000000000000000000202000000223	N	oracle_01593	1593
0000000000000000000000202000001222	N	oracle_01594	1594
0000000000000000000000202010000024	N	oracle_01595	1595
0000000000000000000000202010000033	N	oracle_01596	1596
0000000000000000000000202010000222	N	oracle_01597	1597
0000000000000000000000202020000014	N	oracle_01598	1598
0000000000000000000000202020000023	N	oracle_01599	1599
0000000000000000000000202100000033	N	oracle_01600	1600
0000000000000000000000202100000222	N	oracle_01601	1601
0000000000000000000000202110000023	N	oracle_01602	1602
0000000000000000000000202120000013	N	oracle_01603	1603
0000000000000000000000202120000022	N	oracle_01604	1604
0000000000000000000000202200000023	N	oracle_01605	1605
0000000000000000000000202200000122	N	oracle_01606	1606
0000000000000000000000202210000013	N	oracle_01607	1607
0000000000000000000000202210000022	N	oracle_01608	1608
0000000000000000000000202300000022	N	oracle_01609	1609
0000000000000000000000203000000033	N	oracle_01610	1610
0000000000000000000000203000000222	N	oracle_01611	1611
0000000000000000000000203010000023	N	oracle_01612	1612
0000000000000000000000203020000022	N	oracle_01613	1613
0000000000000000000000203200000022	N	oracle_01614	1614
0000000000000000000000204000000023	N	oracle_01615	1615
0000000000000000000000204010000013	N	oracle_01616	1616
0000000000000000000000204010000022	N	oracle_01617	1617
0000000000000000000000210000000044	N	oracle_01618	1618
0000000000000000000000210000000224	N	oracle_01619	1619
0000000000000000000000210020000033	N	oracle_01620	1620
0000000000000000000000210020000222	N	oracle_01621	1621
0000000000000000000000210030000023	N	oracle_01622	1622
0000000000000000000000210200000033	N	oracle_01623	1623
0000000000000000000000210200000222	N	oracle_01624	1624
0000000000000000000000210220000022	N	oracle_01625	1625
0000000000000000000000211100000222	N	oracle_01626	1626
0000000000000000000000212000000033	N	oracle_01627	1627
0000000000000000000000212000000222	N	oracle_01628	1628
0000000000000000000000212010000023	N	oracle_01629	1629
0000000000000000000000212100000122	N	oracle_01630	1630
0000000000000000000000212200000022	N	oracle_01631	1631
0000000000000000000000220000000034	N	oracle_01632	1632
0000000000000000000000220000000133	N	oracle_01633	1633
0000000000000000000000220000000223	N	oracle_01634	1634
0000000000000000000000220000001222	N	oracle_01635	1635
0000000000000000000000220010000033	N	oracle_01636	1636
0000000000000000000000220010000222	N	oracle_01637	1637
0000000000000000000000220020000023	N	oracle_01638	1638
0000000000000000000000220100000033	N	oracle_01639	1639
0000000000000000000000220100000222	N	oracle_01640	1640
0000000000000000000000220200000023	N	oracle_01641	1641
0000000000000000000000220200000122	N	oracle_01642	1642
0000000000000000000000220210000022	N	oracle_01643	1643
0000000000000000000000220300000022	N	oracle_01644	1644
0000000000000000000000221000000033	N	oracle_01645	1645
0000000000000000000000221000000222	N	oracle_01646	1646
0000000000000000000000221010000023	N	oracle_01647	1647
0000000000000000000000221200000022	N	oracle_01648	1648
0000000000000000000000222000000023	N	oracle_01649	1649
0000000000000000000000222000000122	N	oracle_01650	1650
0000000000000000000000222010000013	N	oracle_01651	1651
0000000000000000000000222010000022	N	oracle_01652	1652
0000000000000000000000222100000022	N	oracle_01653	1653
0000000000000000000000223000000022	N	oracle_01654	1654
0000000000000000000000230000000033	N	oracle_01655	1655
0000000000000000000000230000000222	N	oracle_01656	1656
0000000000000000000000230010000023	N	oracle_01657	1657
0000000000000000000000230020000022	N	oracle_01658	1658
0000000000000000000000230200000022	N	oracle_01659	1659
0000000000000000000000232000000022	N	oracle_01660	1660
0000000000000000000000240000000023	N	oracle_01661	1661
0000000000000000000000300000000224	N	oracle_01662	1662
0000000000000000000000300020000033	N	oracle_01663	1663
0000000000000000000000300020000222	N	oracle_01664	1664
0000000000000000000000300030000023	N	oracle_01665	1665
0000000000000000000000300030000122	N	oracle_01666	1666
0000000000000000000000300040000013	N	oracle_01667	1667
0000000000000000000000300040000022	N	oracle_01668	1668
0000000000000000000000300130000022	N	oracle_01669	1669
0000000000000000000000300200000033	N	oracle_01670	1670
0000000000000000000000300200000222	N	oracle_01671	1671
0000000000000000000000300220000022	N	oracle_01672	1672
0000000000000000000000300300000023	N	oracle_01673	1673
0000000000000000000000300300000122	N	oracle_01674	1674
0000000000000000000000300310000022	N	oracle_01675	1675
0000000000000000000000300400000022	N	oracle_01676	1676
0000000000000000000000301020000023	N	oracle_01677	1677
0000000000000000000000301030000022	N	oracle_01678	1678
0000000000000000000000301300000022	N	oracle_01679	1679
0000000000000000000000302000000033	N	oracle_01680	1680
0000000000000000000000302000000222	N	oracle_01681	1681
0000000000000000000000302010000023	N	oracle_01682	1682
0000000000000000000000302020000022	N	oracle_01683	1683
0000000000000000000000302200000022	N	oracle_01684	1684
0000000000000000000000303000000023	N	oracle_01685	1685
0000000000000000000000303000000122	N	oracle_01686	1686
0000000000000000000000303010000013	N	oracle_01687	1687
0000000000000000000000303010000022	N	oracle_01688	1688
0000000000000000000000303020000012	N	oracle_01689	1689
0000000000000000000000303100000022	N	oracle_01690	1690
0000000000000000000000303200000012	N	oracle_01691	1691
0000000000000000000000304000000022	N	oracle_01692	1692
0000000000000000000000310010000033	N	oracle_01693	1693
0000000000000000000000310020000023	N	oracle_01694	1694
0000000000000000000000310030000013	N	oracle_01695	1695
0000000000000000000000310030000022	N	oracle_01696	1696
0000000000000000000000310300000022	N	oracle_01697	1697
0000000000000000000000313000000022	N	oracle_01698	1698
0000000000000000000000320000000033	N	oracle_01699	1699
0000000000000000000000320000000222	N	oracle_01700	1700
0000000000000000000000320010000023	N	oracle_01701	1701
0000000000000000000000320020000022	N	oracle_01702	1702
0000000000000000000000320200000022	N	oracle_01703	1703
0000000000000000000000322000000022	N	oracle_01704	1704
0000000000000000000000330000000023	N	oracle_01705	1705
0000000000000000000000330000000122	N	oracle_01706	1706
0000000000000000000000330010000013	N	oracle_01707	1707
0000000000000000000000330010000022	N	oracle_01708	1708
0000000000000000000000330020000012	N	oracle_01709	1709
0000000000000000000000330100000022	N	oracle_01710	1710
0000000000000000000000330200000012	N	oracle_01711	1711
0000000000000000000000331000000022	N	oracle_01712	1712
0000000000000000000000340000000013	N	oracle_01713	1713
0000000000000000000000340000000022	N	oracle_01714	1714
0000000000000000000000400020000023	N	oracle_01715	1715
0000000000000000000000400030000013	N	oracle_01716	1716
0000000000000000000000400030000022	N	oracle_01717	1717
0000000000000000000000400200000023	N	oracle_01718	1718
0000000000000000000000400300000013	N	oracle_01719	1719
0000000000000000000000400300000022	N	oracle_01720	1720
0000000000000000000000401010000023	N	oracle_01721	1721
0000000000000000000000401020000013	N	oracle_01722	1722
0000000000000000000000401020000022	N	oracle_01723	1723
0000000000000000000000402000000023	N	oracle_01724	1724
0000000000000000000000403000000013	N	oracle_01725	1725
0000000000000000000000403000000022	N	oracle_01726	1726
0000000000000000000000420000000023	N	oracle_01727	1727
0000000000000000000000430000000013	N	oracle_01728	1728
0000000000000000000000430000000022	N	oracle_01729	1729
0000000000000000000001000020000044	N	oracle_01730	1730
0000000000000000000001000020000224	N	oracle_01731	1731
0000000000000000000001000200000044	N	oracle_01732	1732
0000000000000000000001000200000224	N	oracle_01733	1733
0000000000000000000001000220000033	N	oracle_01734	1734
0000000000000000000001000220000222	N	oracle_01735	1735
0000000000000000000001000330000022	N	oracle_01736	1736
0000000000000000000001002000000044	N	oracle_01737	1737
0000000000000000000001002000000224	N	oracle_01738	1738
0000000000000000000001002020000033	N	oracle_01739	1739
0000000000000000000001002020000222	N	oracle_01740	1740
0000000000000000000001002200000033	N	oracle_01741	1741
0000000000000000000001002200000222	N	oracle_01742	1742
0000000000000000000001003030000022	N	oracle_01743	1743
0000000000000000000001003300000022	N	oracle_01744	1744
0000000000000000000001020000000044	N	oracle_01745	1745
0000000000000000000001020000000224	N	oracle_01746	1746
0000000000000000000001020020000033	N	oracle_01747	1747
0000000000000000000001020020000222	N	oracle_01748	1748
0000000000000000000001020200000033	N	oracle_01749	1749
0000000000000000000001020200000222	N	oracle_01750	1750
0000000000000000000001020220000022	N	oracle_01751	1751
0000000000000000000001022000000033	N	oracle_01752	1752
0000000000000000000001022000000222	N	oracle_01753	1753
0000000000000000000001022020000022	N	oracle_01754	1754
0000000000000000000001030030000022	N	oracle_01755	1755
0000000000000000000001030300000022	N	oracle_01756	1756
0000000000000000000001033000000022	N	oracle_01757	1757
0000000000000000000001100200000223	N	oracle_01758	1758
0000000000000000000001100210000024	N	oracle_01759	1759
0000000000000000000001101020000033	N	oracle_01760	1760
0000000000000000000001102000000223	N	oracle_01761	1761
0000000000000000000001102010000033	N	oracle_01762	1762
0000000000000000000001102020000023	N	oracle_01763	1763
0000000000000000000001102200000023	N	oracle_01764	1764
0000000000000000000001112000000033	N	oracle_01765	1765
0000000000000000000001120000000223	N	oracle_01766	1766
0000000000000000000001120010000024	N	oracle_01767	1767
0000000000000000000001120020000023	N	oracle_01768	1768
0000000000000000000001120200000023	N	oracle_01769	1769
0000000000000000000001121000000033	N	oracle_01770	1770
0000000000000000000001200020000033	N	oracle_01771	1771
0000000000000000000001200020000222	N	oracle_01772	1772
0000000000000000000001200030000023	N	oracle_01773	1773
0000000000000000000001200100000223	N	oracle_01774	1774
0000000000000000000001200110000024	N	oracle_01775	1775
0000000000000000000001200200000024	N	oracle_01776	1776
0000000000000000000001200200000033	N	oracle_01777	1777
0000000000000000000001200200000123	N	oracle_01778	1778
0000000000000000000001200200000222	N	oracle_01779	1779
0000000000000000000001200210000014	N	oracle_01780	1780
0000000000000000000001200210000023	N	oracle_01781	1781
0000000000000000000001200220000022	N	oracle_01782	1782
0000000000000000000001200300000023	N	oracle_01783	1783
0000000000000000000001201000000223	N	oracle_01784	1784
0000000000000000000001201200000023	N	oracle_01785	1785
0000000000000000000001202000000024	N	oracle_01786	1786
0000000000000000000001202000000033	N	oracle_01787	1787
0000000000000000000001202000000123	N	oracle_01788	1788
0000000000000000000001202000000222	N	oracle_01789	1789
0000000000000000000001202010000023	N	oracle_01790	1790
0000000000000000000001202100000023	N	oracle_01791	1791
0000000000000000000001202200000013	N	oracle_01792	1792
0000000000000000000001202200000022	N	oracle_01793	1793
0000000000000000000001203000000023	N	oracle_01794	1794
0000000000000000000001210020000023	N	oracle_01795	1795
0000000000000000000001210200000023	N	oracle_01796	1796
0000000000000000000001211000000033	N	oracle_01797	1797
0000000000000000000001212000000023	N	oracle_01798	1798
0000000000000000000001220000000033	N	oracle_01799	1799
0000000000000000000001220000000222	N	oracle_01800	1800
0000000000000000000001220010000023	N	oracle_01801	1801
0000000000000000000001220020000013	N	oracle_01802	1802
0000000000000000000001220020000022	N	oracle_01803	1803
0000000000000000000001220100000023	N	oracle_01804	1804
0000000000000000000001220200000013	N	oracle_01805	1805
0000000000000000000001220200000022	N	oracle_01806	1806
0000000000000000000001221000000023	N	oracle_01807	1807
0000000000000000000001222000000022	N	oracle_01808	1808
0000000000000000000001230000000023	N	oracle_01809	1809
0000000000000000000001300020000023	N	oracle_01810	1810
0000000000000000000001300030000013	N	oracle_01811	1811
0000000000000000000001300030000022	N	oracle_01812	1812
0000000000000000000001300200000023	N	oracle_01813	1813
0000000000000000000001300300000013	N	oracle_01814	1814
0000000000000000000001300300000022	N	oracle_01815	1815
0000000000000000000001301000000033	N	oracle_01816	1816
0000000000000000000001302000000023	N	oracle_01817	1817
0000000000000000000001303000000013	N	oracle_01818	1818
0000000000000000000001303000000022	N	oracle_01819	1819
0000000000000000000001320000000023	N	oracle_01820	1820
0000000000000000000001330000000013	N	oracle_01821	1821
0000000000000000000001330000000022	N	oracle_01822	1822
0000000000000000000002000010000044	N	oracle_01823	1823
0000000000000000000002000010000224	N	oracle_01824	1824
0000000000000000000002000020000034	N	oracle_01825	1825
0000000000000000000002000020000133	N	oracle_01826	1826
0000000000000000000002000020000223	N	oracle_01827	1827
0000000000000000000002000020001222	N	oracle_01828	1828
0000000000000000000002000030000033	N	oracle_01829	1829
0000000000000000000002000030000222	N	oracle_01830	1830
0000000000000000000002000040000023	N	oracle_01831	1831
0000000000000000000002000100000044	N	oracle_01832	1832
0000000000000000000002000100000224	N	oracle_01833	1833
0000000000000000000002000120000033	N	oracle_01834	1834
0000000000000000000002000120000222	N	oracle_01835	1835
0000000000000000000002000200000034	N	oracle_01836	1836
0000000000000000000002000200000133	N	oracle_01837	1837
0000000000000000000002000200000223	N	oracle_01838	1838
0000000000000000000002000200001222	N	oracle_01839	1839
0000000000000000000002000210000024	N	oracle_01840	1840
0000000000000000000002000210000033	N	oracle_01841	1841
0000000000000000000002000210000222	N	oracle_01842	1842
0000000000000000000002000220000023	N	oracle_01843	1843
0000000000000000000002000220000122	N	oracle_01844	1844
0000000000000000000002000230000022	N	oracle_01845	1845
0000000000000000000002000300000033	N	oracle_01846	1846
0000000000000000000002000300000222	N	oracle_01847	1847
0000000000000000000002000320000022	N	oracle_01848	1848
0000000000000000000002001000000044	N	oracle_01849	1849
0000000000000000000002001000000224	N	oracle_01850	1850
0000000000000000000002001020000033	N	oracle_01851	1851
0000000000000000000002001020000222	N	oracle_01852	1852
0000000000000000000002001200000033	N	oracle_01853	1853
0000000000000000000002001200000222	N	oracle_01854	1854
0000000000000000000002001220000022	N	oracle_01855	1855
0000000000000000000002002000000034	N	oracle_01856	1856
0000000000000000000002002000000133	N	oracle_01857	1857
0000000000000000000002002000000223	N	oracle_01858	1858
0000000000000000000002002000001222	N	oracle_01859	1859
0000000000000000000002002010000033	N	oracle_01860	1860
0000000000000000000002002010000222	N	oracle_01861	1861
0000000000000000000002002020000023	N	oracle_01862	1862
0000000000000000000002002020000122	N	oracle_01863	1863
0000000000000000000002002030000022	N	oracle_01864	1864
0000000000000000000002002100000033	N	oracle_01865	1865
0000000000000000000002002100000222	N	oracle_01866	1866
0000000000000000000002002120000022	N	oracle_01867	1867
0000000000000000000002002200000023	N	oracle_01868	1868
0000000000000000000002002200000122	N	oracle_01869	1869
0000000000000000000002002210000022	N	oracle_01870	1870
0000000000000000000002002300000022	N	oracle_01871	1871
0000000000000000000002003000000033	N	oracle_01872	1872
0000000000000000000002003000000222	N	oracle_01873	1873
0000000000000000000002003020000022	N	oracle_01874	1874
0000000000000000000002003200000022	N	oracle_01875	1875
0000000000000000000002010020000033	N	oracle_01876	1876
0000000000000000000002010020000222	N	oracle_01877	1877
0000000000000000000002010200000033	N	oracle_01878	1878
0000000000000000000002010200000222	N	oracle_01879	1879
0000000000000000000002010220000022	N	oracle_01880	1880
0000000000000000000002012000000033	N	oracle_01881	1881
0000000000000000000002012000000222	N	oracle_01882	1882
0000000000000000000002012020000022	N	oracle_01883	1883
0000000000000000000002012200000022	N	oracle_01884	1884
0000000000000000000002020000000034	N	oracle_01885	1885
0000000000000000000002020000000133	N	oracle_01886	1886
0000000000000000000002020000000223	N	oracle_01887	1887
0000000000000000000002020000001222	N	oracle_01888	1888
0000000000000000000002020010000024	N	oracle_01889	1889
0000000000000000000002020010000033	N	oracle_01890	1890
0000000000000000000002020010000222	N	oracle_01891	1891
0000000000000000000002020020000023	N	oracle_01892	1892
0000000000000000000002020020000122	N	oracle_01893	1893
0000000000000000000002020030000022	N	oracle_01894	1894
0000000000000000000002020100000033	N	oracle_01895	1895
0000000000000000000002020100000222	N	oracle_01896	1896
0000000000000000000002020120000022	N	oracle_01897	1897
0000000000000000000002020200000023	N	oracle_01898	1898
0000000000000000000002020200000122	N	oracle_01899	1899
0000000000000000000002020210000022	N	oracle_01900	1900
0000000000000000000002020300000022	N	oracle_01901	1901
0000000000000000000002021000000033	N	oracle_01902	1902
0000000000000000000002021000000222	N	oracle_01903	1903
0000000000000000000002021020000022	N	oracle_01904	1904
0000000000000000000002021200000022	N	oracle_01905	1905
0000000000000000000002022000000023	N	oracle_01906	1906
0000000000000000000002022000000122	N	oracle_01907	1907
0000000000000000000002022010000022	N	oracle_01908	1908
0000000000000000000002022100000022	N	oracle_01909	1909
0000000000000000000002023000000022	N	oracle_01910	1910
0000000000000000000002030000000033	N	oracle_01911	1911
0000000000000000000002030000000222	N	oracle_01912	1912
0000000000000000000002030020000022	N	oracle_01913	1913
0000000000000000000002030200000022	N	oracle_01914	1914
0000000000000000000002032000000022	N	oracle_01915	1915
0000000000000000000002033000000012	N	oracle_01916	1916
0000000000000000000002040000000023	N	oracle_01917	1917
0000000000000000000002100020000033	N	oracle_01918	1918
0000000000000000000002100020000222	N	oracle_01919	1919
0000000000000000000002100030000023	N	oracle_01920	1920
0000000000000000000002100100000223	N	oracle_01921	1921
0000000000000000000002100110000024	N	oracle_01922	1922
0000000000000000000002100200000024	N	oracle_01923	1923
0000000000000000000002100200000033	N	oracle_01924	1924
0000000000000000000002100200000123	N	oracle_01925	1925
0000000000000000000002100200000222	N	oracle_01926	1926
0000000000000000000002100210000014	N	oracle_01927	1927
0000000000000000000002100210000023	N	oracle_01928	1928
0000000000000000000002100220000022	N	oracle_01929	1929
0000000000000000000002100300000023	N	oracle_01930	1930
0000000000000000000002101000000223	N	oracle_01931	1931
0000000000000000000002101200000023	N	oracle_01932	1932
0000000000000000000002102000000024	N	oracle_01933	1933
0000000000000000000002102000000033	N	oracle_01934	1934
0000000000000000000002102000000123	N	oracle_01935	1935
0000000000000000000002102000000222	N	oracle_01936	1936
0000000000000000000002102020000022	N	oracle_01937	1937
0000000000000000000002102100000023	N	oracle_01938	1938
0000000000000000000002102200000013	N	oracle_01939	1939
0000000000000000000002102200000022	N	oracle_01940	1940
0000000000000000000002103000000023	N	oracle_01941	1941
0000000000000000000002110010000024	N	oracle_01942	1942
0000000000000000000002110200000023	N	oracle_01943	1943
0000000000000000000002111000000033	N	oracle_01944	1944
0000000000000000000002112000000023	N	oracle_01945	1945
0000000000000000000002120000000024	N	oracle_01946	1946
0000000000000000000002120000000033	N	oracle_01947	1947
0000000000000000000002120000000123	N	oracle_01948	1948
0000000000000000000002120000000222	N	oracle_01949	1949
0000000000000000000002120010000014	N	oracle_01950	1950
0000000000000000000002120010000023	N	oracle_01951	1951
0000000000000000000002120020000022	N	oracle_01952	1952
0000000000000000000002120100000023	N	oracle_01953	1953
0000000000000000000002120200000013	N	oracle_01954	1954
0000000000000000000002120200000022	N	oracle_01955	1955
0000000000000000000002121000000023	N	oracle_01956	1956
0000000000000000000002122000000022	N	oracle_01957	1957
0000000000000000000002130000000023	N	oracle_01958	1958
0000000000000000000002200010000033	N	oracle_01959	1959
0000000000000000000002200010000222	N	oracle_01960	1960
0000000000000000000002200020000023	N	oracle_01961	1961
0000000000000000000002200100000024	N	oracle_01962	1962
0000000000000000000002200100000033	N	oracle_01963	1963
0000000000000000000002200100000123	N	oracle_01964	1964
0000000000000000000002200100000222	N	oracle_01965	1965
0000000000000000000002200200000014	N	oracle_01966	1966
0000000000000000000002200200000023	N	oracle_01967	1967
0000000000000000000002200200000113	N	oracle_01968	1968
0000000000000000000002200200000122	N	oracle_01969	1969
0000000000000000000002201000000024	N	oracle_01970	1970
0000000000000000000002201000000033	N	oracle_01971	1971
0000000000000000000002201000000123	N	oracle_01972	1972
0000000000000000000002201000000222	N	oracle_01973	1973
0000000000000000000002201100000023	N	oracle_01974	1974
0000000000000000000002201200000013	N	oracle_01975	1975
0000000000000000000002201200000022	N	oracle_01976	1976
0000000000000000000002202000000014	N	oracle_01977	1977
0000000000000000000002202000000023	N	oracle_01978	1978
0000000000000000000002202000000113	N	oracle_01979	1979
0000000000000000000002202000000122	N	oracle_01980	1980
0000000000000000000002202100000013	N	oracle_01981	1981
0000000000000000000002202100000022	N	oracle_01982	1982
0000000000000000000002210100000023	N	oracle_01983	1983
0000000000000000000002210200000013	N	oracle_01984	1984
0000000000000000000002210200000022	N	oracle_01985	1985
0000000000000000000002211000000023	N	oracle_01986	1986
0000000000000000000002212000000013	N	oracle_01987	1987
0000000000000000000002212000000022	N	oracle_01988	1988
0000000000000000000002220000000023	N	oracle_01989	1989
0000000000000000000002301000000023	N	oracle_01990	1990
0000000000000000000003000020000033	N	oracle_01991	1991
0000000000000000000003000020000222	N	oracle_01992	1992
0000000000000000000003000030000023	N	oracle_01993	1993
0000000000000000000003000030000122	N	oracle_01994	1994
0000000000000000000003000040000013	N	oracle_01995	1995
0000000000000000000003000040000022	N	oracle_01996	1996
0000000000000000000003000130000022	N	oracle_01997	1997
0000000000000000000003000200000033	N	oracle_01998	1998
0000000000000000000003000200000222	N	oracle_01999	1999
0000000000000000000003000220000022	N	oracle_02000	2000
0000000000000000000003000300000023	N	oracle_02001	2001
0000000000000000000003000300000122	N	oracle_02002	2002
0000000000000000000003000310000022	N	oracle_02003	2003
0000000000000000000003000400000022	N	oracle_02004	2004
0000000000000000000003001030000022	N	oracle_02005	2005
0000000000000000000003001300000022	N	oracle_02006	2006
0000000000000000000003002000000033	N	oracle_02007	2007
0000000000000000000003002000000222	N	oracle_02008	2008
0000000000000000000003002020000022	N	oracle_02009	2009
0000000000000000000003002200000022	N	oracle_02010	2010
0000000000000000000003003000000023	N	oracle_02011	2011
0000000000000000000003003000000122	N	oracle_02012	2012
0000000000000000000003003010000022	N	oracle_02013	2013
0000000000000000000003003100000022	N	oracle_02014	2014
0000000000000000000003004000000022	N	oracle_02015	2015
0000000000000000000003010030000022	N	oracle_02016	2016
0000000000000000000003010300000022	N	oracle_02017	2017
0000000000000000000003013000000022	N	oracle_02018	2018
0000000000000000000003020020000022	N	oracle_02019	2019
0000000000000000000003020200000022	N	oracle_02020	2020
0000000000000000000003021000000023	N	oracle_02021	2021
0000000000000000000003022000000022	N	oracle_02022	2022
0000000000000000000003030000000023	N	oracle_02023	2023
0000000000000000000003030000000122	N	oracle_02024	2024
0000000000000000000003030010000022	N	oracle_02025	2025
0000000000000000000003030100000022	N	oracle_02026	2026
0000000000000000000003031000000022	N	oracle_02027	2027
0000000000000000000003040000000013	N	oracle_02028	2028
0000000000000000000003040000000022	N	oracle_02029	2029
0000000000000000000003100020000023	N	oracle_02030	2030
0000000000000000000003100030000013	N	oracle_02031	2031
0000000000000000000003100030000022	N	oracle_02032	2032
0000000000000000000003100200000023	N	oracle_02033	2033
0000000000000000000003100300000013	N	oracle_02034	2034
0000000000000000000003100300000022	N	oracle_02035	2035
0000000000000000000003102000000023	N	oracle_02036	2036
0000000000000000000003103000000013	N	oracle_02037	2037
0000000000000000000003103000000022	N	oracle_02038	2038
0000000000000000000003111000000023	N	oracle_02039	2039
0000000000000000000003121000000013	N	oracle_02040	2040
0000000000000000000003121000000022	N	oracle_02041	2041
0000000000000000000003130000000013	N	oracle_02042	2042
0000000000000000000003130000000022	N	oracle_02043	2043
0000000000000000000003300010000022	N	oracle_02044	2044
0000000000000000000003300100000022	N	oracle_02045	2045
0000000000000000000003301000000022	N	oracle_02046	2046
0000000000000000000004000020000023	N	oracle_02047	2047
0000000000000000000004000030000013	N	oracle_02048	2048
0000000000000000000004000030000022	N	oracle_02049	2049
0000000000000000000004000200000023	N	oracle_02050	2050
0000000000000000000004000300000013	N	oracle_02051	2051
0000000000000000000004000300000022	N	oracle_02052	2052
0000000000000000000004002000000023	N	oracle_02053	2053
0000000000000000000004003000000013	N	oracle_02054	2054
0000000000000000000004003000000022	N	oracle_02055	2055
0000000000000000000010000020000044	N	oracle_02056	2056
0000000000000000000010000020000224	N	oracle_02057	2057
0000000000000000000010000200000044	N	oracle_02058	2058
0000000000000000000010000200000224	N	oracle_02059	2059
0000000000000000000010000210000223	N	oracle_02060	2060
0000000000000000000010000220000024	N	oracle_02061	2061
0000000000000000000010000220000033	N	oracle_02062	2062
0000000000000000000010000220000222	N	oracle_02063	2063
0000000000000000000010000230000023	N	oracle_02064	2064
0000000000000000000010000310000033	N	oracle_02065	2065
0000000000000000000010000320000023	N	oracle_02066	2066
0000000000000000000010000330000022	N	oracle_02067	2067
0000000000000000000010002000000044	N	oracle_02068	2068
0000000000000000000010002000000224	N	oracle_02069	2069
0000000000000000000010002020000033	N	oracle_02070	2070
0000000000000000000010002020000222	N	oracle_02071	2071
0000000000000000000010002200000033	N	oracle_02072	2072
0000000000000000000010002200000222	N	oracle_02073	2073
0000000000000000000010003030000022	N	oracle_02074	2074
0000000000000000000010003300000022	N	oracle_02075	2075
0000000000000000000010010220000023	N	oracle_02076	2076
0000000000000000000010012020000023	N	oracle_02077	2077
0000000000000000000010012200000023	N	oracle_02078	2078
0000000000000000000010013000000033	N	oracle_02079	2079
0000000000000000000010020020000033	N	oracle_02080	2080
0000000000000000000010020020000222	N	oracle_02081	2081
0000000000000000000010020200000033	N	oracle_02082	2082
0000000000000000000010020200000222	N	oracle_02083	2083
0000000000000000000010020210000023	N	oracle_02084	2084
0000000000000000000010020220000022	N	oracle_02085	2085
0000000000000000000010022000000024	N	oracle_02086	2086
0000000000000000000010022000000033	N	oracle_02087	2087
0000000000000000000010022000000123	N	oracle_02088	2088
0000000000000000000010022000000222	N	oracle_02089	2089
0000000000000000000010022010000023	N	oracle_02090	2090
0000000000000000000010022020000022	N	oracle_02091	2091
0000000000000000000010022100000023	N	oracle_02092	2092
0000000000000000000010023000000023	N	oracle_02093	2093
0000000000000000000010030030000022	N	oracle_02094	2094
0000000000000000000010030300000022	N	oracle_02095	2095
0000000000000000000010033000000022	N	oracle_02096	2096
0000000000000000000010112000000033	N	oracle_02097	2097
0000000000000000000010200020000033	N	oracle_02098	2098
0000000000000000000010200020000222	N	oracle_02099	2099
0000000000000000000010200200000033	N	oracle_02100	2100
0000000000000000000010200200000222	N	oracle_02101	2101
0000000000000000000010200220000022	N	oracle_02102	2102
0000000000000000000010200300000023	N	oracle_02103	2103
0000000000000000000010202000000033	N	oracle_02104	2104
0000000000000000000010202000000222	N	oracle_02105	2105
0000000000000000000010202200000022	N	oracle_02106	2106
0000000000000000000010203000000023	N	oracle_02107	2107
0000000000000000000010210020000023	N	oracle_02108	2108
0000000000000000000010210200000023	N	oracle_02109	2109
0000000000000000000010220010000023	N	oracle_02110	2110
0000000000000000000010220200000022	N	oracle_02111	2111
0000000000000000000010222000000022	N	oracle_02112	2112
0000000000000000000010300030000022	N	oracle_02113	2113
0000000000000000000010300300000022	N	oracle_02114	2114
0000000000000000000010303000000022	N	oracle_02115	2115
0000000000000000000011000220000023	N	oracle_02116	2116
0000000000000000000011002020000023	N	oracle_02117	2117
0000000000000000000011013000000023	N	oracle_02118	2118
0000000000000000000011100300000023	N	oracle_02119	2119
0000000000000000000011102000000033	N	oracle_02120	2120
0000000000000000000011103000000023	N	oracle_02121	2121
0000000000000000000011200100000222	N	oracle_02122	2122
0000000000000000000011200200000023	N	oracle_02123	2123
0000000000000000000011200300000013	N	oracle_02124	2124
0000000000000000000011200300000022	N	oracle_02125	2125
0000000000000000000011202000000023	N	oracle_02126	2126
0000000000000000000011203000000013	N	oracle_02127	2127
0000000000000000000011203000000022	N	oracle_02128	2128
0000000000000000000012000020000033	N	oracle_02129	2129
0000000000000000000012000020000222	N	oracle_02130	2130
0000000000000000000012000200000033	N	oracle_02131	2131
0000000000000000000012000200000222	N	oracle_02132	2132
0000000000000000000012000210000023	N	oracle_02133	2133
0000000000000000000012000220000022	N	oracle_02134	2134
0000000000000000000012002000000024	N	oracle_02135	2135
0000000000000000000012002000000033	N	oracle_02136	2136
0000000000000000000012002000000123	N	oracle_02137	2137
0000000000000000000012002000000222	N	oracle_02138	2138
0000000000000000000012002020000022	N	oracle_02139	2139
0000000000000000000012002100000023	N	oracle_02140	2140
0000000000000000000012002200000022	N	oracle_02141	2141
0000000000000000000012003000000023	N	oracle_02142	2142
0000000000000000000012020020000022	N	oracle_02143	2143
0000000000000000000012020200000022	N	oracle_02144	2144
0000000000000000000012022000000022	N	oracle_02145	2145
0000000000000000000012100100000222	N	oracle_02146	2146
0000000000000000000012100200000023	N	oracle_02147	2147
0000000000000000000012200100000122	N	oracle_02148	2148
0000000000000000000013000010000033	N	oracle_02149	2149
0000000000000000000013000020000023	N	oracle_02150	2150
0000000000000000000013000030000022	N	oracle_02151	2151
0000000000000000000013000300000022	N	oracle_02152	2152
0000000000000000000013003000000022	N	oracle_02153	2153
0000000000000000000020000010000044	N	oracle_02154	2154
0000000000000000000020000010000224	N	oracle_02155	2155
0000000000000000000020000020000034	N	oracle_02156	2156
0000000000000000000020000020000133	N	oracle_02157	2157
0000000000000000000020000020000223	N	oracle_02158	2158
0000000000000000000020000020001222	N	oracle_02159	2159
0000000000000000000020000030000033	N	oracle_02160	2160
0000000000000000000020000030000222	N	oracle_02161	2161
0000000000000000000020000040000023	N	oracle_02162	2162
0000000000000000000020000100000044	N	oracle_02163	2163
0000000000000000000020000100000224	N	oracle_02164	2164
0000000000000000000020000110000223	N	oracle_02165	2165
0000000000000000000020000120000024	N	oracle_02166	2166
0000000000000000000020000120000033	N	oracle_02167	2167
0000000000000000000020000120000222	N	oracle_02168	2168
0000000000000000000020000130000023	N	oracle_02169	2169
0000000000000000000020000200000034	N	oracle_02170	2170
0000000000000000000020000200000133	N	oracle_02171	2171
0000000000000000000020000200000223	N	oracle_02172	2172
0000000000000000000020000200001222	N	oracle_02173	2173
0000000000000000000020000210000024	N	oracle_02174	2174
0000000000000000000020000210000033	N	oracle_02175	2175
0000000000000000000020000210000123	N	oracle_02176	2176
0000000000000000000020000210000222	N	oracle_02177	2177
0000000000000000000020000220000014	N	oracle_02178	2178
0000000000000000000020000220000023	N	oracle_02179	2179
0000000000000000000020000230000013	N	oracle_02180	2180
0000000000000000000020000230000022	N	oracle_02181	2181
0000000000000000000020000300000033	N	oracle_02182	2182
0000000000000000000020000300000222	N	oracle_02183	2183
0000000000000000000020000310000023	N	oracle_02184	2184
0000000000000000000020000320000022	N	oracle_02185	2185
0000000000000000000020000400000023	N	oracle_02186	2186
0000000000000000000020001020000033	N	oracle_02187	2187
0000000000000000000020001020000222	N	oracle_02188	2188
0000000000000000000020001200000033	N	oracle_02189	2189
0000000000000000000020001200000222	N	oracle_02190	2190
0000000000000000000020001220000022	P	oracle_02191	2191
0000000000000000000020002000000034	N	oracle_02192	2192
0000000000000000000020002000000133	N	oracle_02193	2193
0000000000000000000020002000000223	N	oracle_02194	2194
0000000000000000000020002000001222	N	oracle_02195	2195
0000000000000000000020002010000033	N	oracle_02196	2196
0000000000000000000020002010000222	N	oracle_02197	2197
0000000000000000000020002020000023	N	oracle_02198	2198
0000000000000000000020002020000122	N	oracle_02199	2199
0000000000000000000020002030000022	N	oracle_02200	2200
0000000000000000000020002100000033	N	oracle_02201	2201
0000000000000000000020002100000222	N	oracle_02202	2202
0000000000000000000020002120000022	N	oracle_02203	2203
0000000000000000000020002200000023	N	oracle_02204	2204
0000000000000000000020002200000122	N	oracle_02205	2205
0000000000000000000020002210000022	N	oracle_02206	2206
0000000000000000000020002300000022	N	oracle_02207	2207
0000000000000000000020003000000033	N	oracle_02208	2208
0000000000000000000020003000000222	N	oracle_02209	2209
0000000000000000000020003020000022	N	oracle_02210	2210
0000000000000000000020003200000022	N	oracle_02211	2211
0000000000000000000020010020000033	N	oracle_02212	2212
0000000000000000000020010020000222	N	oracle_02213	2213
0000000000000000000020010120000023	N	oracle_02214	2214
0000000000000000000020010200000033	N	oracle_02215	2215
0000000000000000000020010200000222	N	oracle_02216	2216
0000000000000000000020010210000023	N	oracle_02217	2217
0000000000000000000020010220000013	N	oracle_02218	2218
0000000000000000000020010220000022	N	oracle_02219	2219
0000000000000000000020011020000023	N	oracle_02220	2220
0000000000000000000020011200000023	N	oracle_02221	2221
0000000000000000000020012000000024	N	oracle_02222	2222
0000000000000000000020012000000033	N	oracle_02223	2223
0000000000000000000020012000000123	N	oracle_02224	2224
0000000000000000000020012000000222	N	oracle_02225	2225
0000000000000000000020012010000023	N	oracle_02226	2226
0000000000000000000020012020000013	N	oracle_02227	2227
0000000000000000000020012020000022	N	oracle_02228	2228
0000000000000000000020012100000023	N	oracle_02229	2229
0000000000000000000020012200000013	N	oracle_02230	2230
0000000000000000000020012200000022	N	oracle_02231	2231
0000000000000000000020013000000023	N	oracle_02232	2232
0000000000000000000020020010000033	N	oracle_02233	2233
0000000000000000000020020010000222	N	oracle_02234	2234
0000000000000000000020020020000023	N	oracle_02235	2235
0000000000000000000020020020000122	N	oracle_02236	2236
0000000000000000000020020030000022	N	oracle_02237	2237
0000000000000000000020020100000033	N	oracle_02238	2238
0000000000000000000020020100000222	N	oracle_02239	2239
0000000000000000000020020110000023	N	oracle_02240	2240
0000000000000000000020020120000022	N	oracle_02241	2241
0000000000000000000020020200000023	N	oracle_02242	2242
0000000000000000000020020200000122	N	oracle_02243	2243
0000000000000000000020020210000013	N	oracle_02244	2244
0000000000000000000020020210000022	N	oracle_02245	2245
0000000000000000000020020300000022	N	oracle_02246	2246
0000000000000000000020021010000023	N	oracle_02247	2247
0000000000000000000020021020000022	N	oracle_02248	2248
0000000000000000000020021100000023	N	oracle_02249	2249
0000000000000000000020021200000022	N	oracle_02250	2250
0000000000000000000020022000000014	N	oracle_02251	2251
0000000000000000000020022000000023	N	oracle_02252	2252
0000000000000000000020022000000113	N	oracle_02253	2253
0000000000000000000020022000000122	N	oracle_02254	2254
0000000000000000000020022010000013	N	oracle_02255	2255
0000000000000000000020022010000022	N	oracle_02256	2256
0000000000000000000020022100000013	N	oracle_02257	2257
0000000000000000000020022100000022	N	oracle_02258	2258
0000000000000000000020023000000013	N	oracle_02259	2259
0000000000000000000020023000000022	N	oracle_02260	2260
0000000000000000000020030020000022	N	oracle_02261	2261
0000000000000000000020030200000022	N	oracle_02262	2262
0000000000000000000020032000000022	N	oracle_02263	2263
0000000000000000000020033000000012	N	oracle_02264	2264
0000000000000000000020100020000033	N	oracle_02265	2265
0000000000000000000020100020000222	N	oracle_02266	2266
0000000000000000000020100200000033	N	oracle_02267	2267
0000000000000000000020100200000222	N	oracle_02268	2268
0000000000000000000020102000000033	N	oracle_02269	2269
0000000000000000000020102000000222	N	oracle_02270	2270
0000000000000000000020102020000022	N	oracle_02271	2271
0000000000000000000020102200000022	N	oracle_02272	2272
0000000000000000000020110020000023	N	oracle_02273	2273
0000000000000000000020110200000023	N	oracle_02274	2274
0000000000000000000020112000000023	N	oracle_02275	2275
0000000000000000000020120010000023	N	oracle_02276	2276
0000000000000000000020120020000022	N	oracle_02277	2277
0000000000000000000020120200000022	N	oracle_02278	2278
0000000000000000000020200010000033	N	oracle_02279	2279
0000000000000000000020200010000222	N	oracle_02280	2280
0000000000000000000020200020000023	N	oracle_02281	2281
0000000000000000000020200020000122	N	oracle_02282	2282
0000000000000000000020200030000022	N	oracle_02283	2283
0000000000000000000020200100000033	N	oracle_02284	2284
0000000000000000000020200100000222	N	oracle_02285	2285
0000000000000000000020200120000022	N	oracle_02286	2286
0000000000000000000020200200000023	N	oracle_02287	2287
0000000000000000000020200200000122	N	oracle_02288	2288
0000000000000000000020200210000022	N	oracle_02289	2289
0000000000000000000020200300000022	N	oracle_02290	2290
0000000000000000000020201020000022	N	oracle_02291	2291
0000000000000000000020201200000022	N	oracle_02292	2292
0000000000000000000020202000000023	N	oracle_02293	2293
0000000000000000000020202000000122	N	oracle_02294	2294
0000000000000000000020202010000022	N	oracle_02295	2295
0000000000000000000020202100000022	N	oracle_02296	2296
0000000000000000000020203000000022	N	oracle_02297	2297
0000000000000000000020210010000023	N	oracle_02298	2298
0000000000000000000020210020000013	N	oracle_02299	2299
0000000000000000000020210020000022	N	oracle_02300	2300
0000000000000000000020210100000023	N	oracle_02301	2301
0000000000000000000020210200000013	N	oracle_02302	2302
0000000000000000000020210200000022	N	oracle_02303	2303
0000000000000000000020212000000022	N	oracle_02304	2304
0000000000000000000020220010000013	N	oracle_02305	2305
0000000000000000000020220010000022	N	oracle_02306	2306
0000000000000000000020300020000022	N	oracle_02307	2307
0000000000000000000020300200000022	N	oracle_02308	2308
0000000000000000000020302000000022	N	oracle_02309	2309
0000000000000000000021000020000033	N	oracle_02310	2310
0000000000000000000021000020000222	N	oracle_02311	2311
0000000000000000000021000030000023	N	oracle_02312	2312
0000000000000000000021000120000023	N	oracle_02313	2313
0000000000000000000021000200000033	N	oracle_02314	2314
0000000000000000000021000200000222	N	oracle_02315	2315
0000000000000000000021000210000023	N	oracle_02316	2316
0000000000000000000021000220000013	N	oracle_02317	2317
0000000000000000000021000220000022	N	oracle_02318	2318
0000000000000000000021001020000023	N	oracle_02319	2319
0000000000000000000021002010000023	N	oracle_02320	2320
0000000000000000000021002020000013	N	oracle_02321	2321
0000000000000000000021002020000022	N	oracle_02322	2322
0000000000000000000021002100000023	N	oracle_02323	2323
0000000000000000000021002200000022	N	oracle_02324	2324
0000000000000000000021003000000023	N	oracle_02325	2325
0000000000000000000021012000000023	N	oracle_02326	2326
0000000000000000000021013000000013	N	oracle_02327	2327
0000000000000000000021013000000022	N	oracle_02328	2328
0000000000000000000021020020000022	N	oracle_02329	2329
0000000000000000000021020200000022	N	oracle_02330	2330
0000000000000000000021100200000023	N	oracle_02331	2331
0000000000000000000021200020000022	N	oracle_02332	2332
0000000000000000000021200200000022	N	oracle_02333	2333
0000000000000000000022000010000033	N	oracle_02334	2334
0000000000000000000022000010000222	N	oracle_02335	2335
0000000000000000000022000020000023	N	oracle_02336	2336
0000000000000000000022000100000033	N	oracle_02337	2337
0000000000000000000022000100000222	N	oracle_02338	2338
0000000000000000000022000110000023	N	oracle_02339	2339
0000000000000000000022000200000023	N	oracle_02340	2340
0000000000000000000022000200000122	N	oracle_02341	2341
0000000000000000000022000210000013	N	oracle_02342	2342
0000000000000000000022000210000022	N	oracle_02343	2343
0000000000000000000022000300000022	N	oracle_02344	2344
0000000000000000000022001100000023	N	oracle_02345	2345
0000000000000000000022001200000022	N	oracle_02346	2346
0000000000000000000022002100000013	N	oracle_02347	2347
0000000000000000000022002100000022	N	oracle_02348	2348
0000000000000000000022010200000022	N	oracle_02349	2349
0000000000000000000022020010000022	N	oracle_02350	2350
0000000000000000000022020100000022	N	oracle_02351	2351
0000000000000000000022100100000023	N	oracle_02352	2352
0000000000000000000022100200000013	N	oracle_02353	2353
0000000000000000000022100200000022	N	oracle_02354	2354
0000000000000000000022200010000022	N	oracle_02355	2355
0000000000000000000022200100000022	N	oracle_02356	2356
0000000000000000000023000010000023	N	oracle_02357	2357
0000000000000000000023000020000022	N	oracle_02358	2358
0000000000000000000023000200000022	N	oracle_02359	2359
0000000000000000000030000020000033	N	oracle_02360	2360
0000000000000000000030000020000222	N	oracle_02361	2361
0000000000000000000030000030000023	N	oracle_02362	2362
0000000000000000000030000030000122	N	oracle_02363	2363
0000000000000000000030000040000013	N	oracle_02364	2364
0000000000000000000030000040000022	N	oracle_02365	2365
0000000000000000000030000120000023	N	oracle_02366	2366
0000000000000000000030000130000022	N	oracle_02367	2367
0000000000000000000030000200000033	N	oracle_02368	2368
0000000000000000000030000200000222	N	oracle_02369	2369
0000000000000000000030000210000023	N	oracle_02370	2370
0000000000000000000030000220000013	N	oracle_02371	2371
0000000000000000000030000220000022	N	oracle_02372	2372
0000000000000000000030000300000023	N	oracle_02373	2373
0000000000000000000030000300000122	N	oracle_02374	2374
0000000000000000000030000310000013	N	oracle_02375	2375
0000000000000000000030000310000022	N	oracle_02376	2376
0000000000000000000030000400000013	N	oracle_02377	2377
0000000000000000000030000400000022	N	oracle_02378	2378
0000000000000000000030001030000022	N	oracle_02379	2379
0000000000000000000030001300000022	N	oracle_02380	2380
0000000000000000000030002020000022	N	oracle_02381	2381
0000000000000000000030002200000022	N	oracle_02382	2382
0000000000000000000030003000000023	N	oracle_02383	2383
0000000000000000000030003000000122	N	oracle_02384	2384
0000000000000000000030003010000022	N	oracle_02385	2385
0000000000000000000030003100000022	N	oracle_02386	2386
0000000000000000000030004000000022	N	oracle_02387	2387
0000000000000000000030010030000022	N	oracle_02388	2388
0000000000000000000030010300000022	N	oracle_02389	2389
0000000000000000000030013000000013	N	oracle_02390	2390
0000000000000000000030013000000022	N	oracle_02391	2391
0000000000000000000030020020000022	N	oracle_02392	2392
0000000000000000000030020200000022	N	oracle_02393	2393
0000000000000000000030030010000022	N	oracle_02394	2394
0000000000000000000030030100000022	N	oracle_02395	2395
0000000000000000000030100030000022	N	oracle_02396	2396
0000000000000000000030100300000022	N	oracle_02397	2397
0000000000000000000030103000000022	N	oracle_02398	2398
0000000000000000000030200020000022	N	oracle_02399	2399
0000000000000000000030200200000022	N	oracle_02400	2400
0000000000000000000030300010000022	N	oracle_02401	2401
0000000000000000000030300020000012	N	oracle_02402	2402
0000000000000000000030300100000022	N	oracle_02403	2403
0000000000000000000030300200000012	N	oracle_02404	2404
0000000000000000000031000020000023	N	oracle_02405	2405
0000000000000000000031000030000013	N	oracle_02406	2406
0000000000000000000031000030000022	N	oracle_02407	2407
0000000000000000000031000300000022	N	oracle_02408	2408
0000000000000000000032000010000023	N	oracle_02409	2409
0000000000000000000032000020000022	N	oracle_02410	2410
0000000000000000000032000200000022	N	oracle_02411	2411
0000000000000000000033000010000013	N	oracle_02412	2412
0000000000000000000033000010000022	N	oracle_02413	2413
0000000000000000000033000020000012	N	oracle_02414	2414
0000000000000000000033000100000022	N	oracle_02415	2415
0000000000000000000033000200000012	N	oracle_02416	2416
0000000000000000000040000030000022	N	oracle_02417	2417
0000000000000000000040000300000022	N	oracle_02418	2418
0000000000000000000100000020000044	N	oracle_02419	2419
0000000000000000000100000020000224	N	oracle_02420	2420
0000000000000000000100000200000044	N	oracle_02421	2421
0000000000000000000100000200000224	N	oracle_02422	2422
0000000000000000000100000220000033	N	oracle_02423	2423
0000000000000000000100000220000222	N	oracle_02424	2424
0000000000000000000100000330000022	N	oracle_02425	2425
0000000000000000000100002020000033	N	oracle_02426	2426
0000000000000000000100002020000222	N	oracle_02427	2427
0000000000000000000100002200000033	N	oracle_02428	2428
0000000000000000000100002200000222	N	oracle_02429	2429
0000000000000000000100003030000022	N	oracle_02430	2430
0000000000000000000100003300000022	N	oracle_02431	2431
0000000000000000000100020020000033	N	oracle_02432	2432
0000000000000000000100020020000222	N	oracle_02433	2433
0000000000000000000100020200000033	N	oracle_02434	2434
0000000000000000000100020200000222	N	oracle_02435	2435
0000000000000000000100020220000022	N	oracle_02436	2436
0000000000000000000100022020000022	N	oracle_02437	2437
0000000000000000000100030030000022	N	oracle_02438	2438
0000000000000000000100030300000022	N	oracle_02439	2439
0000000000000000000100102020000023	N	oracle_02440	2440
0000000000000000000100120020000023	N	oracle_02441	2441
0000000000000000000100200020000033	N	oracle_02442	2442
0000000000000000000100200020000222	N	oracle_02443	2443
0000000000000000000100200200000033	N	oracle_02444	2444
0000000000000000000100200200000222	N	oracle_02445	2445
0000000000000000000100200220000022	N	oracle_02446	2446
0000000000000000000100201020000023	N	oracle_02447	2447
0000000000000000000100202010000023	N	oracle_02448	2448
0000000000000000000100202020000013	N	oracle_02449	2449
0000000000000000000100202020000022	N	oracle_02450	2450
0000000000000000000100202200000022	N	oracle_02451	2451
0000000000000000000100210020000023	N	oracle_02452	2452
0000000000000000000100210200000023	N	oracle_02453	2453
0000000000000000000100220010000023	N	oracle_02454	2454
0000000000000000000100220200000022	N	oracle_02455	2455
0000000000000000000100300030000022	N	oracle_02456	2456
0000000000000000000100300300000022	N	oracle_02457	2457
0000000000000000000101100210000023	N	oracle_02458	2458
0000000000000000000101102010000023	N	oracle_02459	2459
0000000000000000000101200200000023	N	oracle_02460	2460
0000000000000000000101201010000023	N	oracle_02461	2461
0000000000000000000101202010000013	N	oracle_02462	2462
0000000000000000000101202010000022	N	oracle_02463	2463
0000000000000000000102000020000033	N	oracle_02464	2464
0000000000000000000102000020000222	N	oracle_02465	2465
0000000000000000000102000200000033	N	oracle_02466	2466
0000000000000000000102000200000222	N	oracle_02467	2467
0000000000000000000102000210000023	N	oracle_02468	2468
0000000000000000000102000220000022	N	oracle_02469	2469
0000000000000000000102002020000022	N	oracle_02470	2470
0000000000000000000102002200000022	N	oracle_02471	2471
0000000000000000000102020020000022	N	oracle_02472	2472
0000000000000000000102020200000022	N	oracle_02473	2473
0000000000000000000102100110000023	N	oracle_02474	2474
0000000000000000000102100200000023	N	oracle_02475	2475
0000000000000000000102100210000013	N	oracle_02476	2476
0000000000000000000102100210000022	N	oracle_02477	2477
0000000000000000000103000030000022	N	oracle_02478	2478
0000000000000000000103000300000022	N	oracle_02479	2479
0000000000000000000110000220000023	N	oracle_02480	2480
0000000000000000000120000020000033	N	oracle_02481	2481
0000000000000000000120000020000222	N	oracle_02482	2482
0000000000000000000120000120000023	N	oracle_02483	2483
0000000000000000000120000200000033	N	oracle_02484	2484
0000000000000000000120000200000222	N	oracle_02485	2485
0000000000000000000120000210000023	N	oracle_02486	2486
0000000000000000000120000220000013	N	oracle_02487	2487
0000000000000000000120000220000022	N	oracle_02488	2488
0000000000000000000120002020000022	N	oracle_02489	2489
0000000000000000000120002200000022	N	oracle_02490	2490
0000000000000000000120020020000022	N	oracle_02491	2491
0000000000000000000120020200000022	N	oracle_02492	2492
0000000000000000000120200020000022	N	oracle_02493	2493
0000000000000000000120200200000022	N	oracle_02494	2494
0000000000000000000122000200000022	N	oracle_02495	2495
0000000000000000000130000030000022	N	oracle_02496	2496
0000000000000000000130000300000022	N	oracle_02497	2497
0000000000000000000200000010000044	N	oracle_02498	2498
0000000000000000000200000010000224	N	oracle_02499	2499
0000000000000000000200000020000034	N	oracle_02500	2500
0000000000000000000200000020000133	N	oracle_02501	2501
0000000000000000000200000020000223	N	oracle_02502	2502
0000000000000000000200000020001222	N	oracle_02503	2503
0000000000000000000200000030000033	N	oracle_02504	2504
0000000000000000000200000030000222	N	oracle_02505	2505
0000000000000000000200000040000023	N	oracle_02506	2506
0000000000000000000200000120000033	N	oracle_02507	2507
0000000000000000000200000120000222	N	oracle_02508	2508
0000000000000000000200000200000034	N	oracle_02509	2509
0000000000000000000200000200000133	N	oracle_02510	2510
0000000000000000000200000200000223	N	oracle_02511	2511
0000000000000000000200000200001222	N	oracle_02512	2512
0000000000000000000200000210000033	N	oracle_02513	2513
0000000000000000000200000210000222	N	oracle_02514	2514
0000000000000000000200000220000023	N	oracle_02515	2515
0000000000000000000200000220000122	N	oracle_02516	2516
0000000000000000000200000230000022	N	oracle_02517	2517
0000000000000000000200000300000033	N	oracle_02518	2518
0000000000000000000200000300000222	N	oracle_02519	2519
0000000000000000000200000320000022	N	oracle_02520	2520
0000000000000000000200001020000033	N	oracle_02521	2521
0000000000000000000200001020000222	N	oracle_02522	2522
0000000000000000000200001200000033	N	oracle_02523	2523
0000000000000000000200001200000222	N	oracle_02524	2524
0000000000000000000200001220000022	N	oracle_02525	2525
0000000000000000000200002010000033	N	oracle_02526	2526
0000000000000000000200002010000222	N	oracle_02527	2527
0000000000000000000200002020000023	N	oracle_02528	2528
0000000000000000000200002020000122	N	oracle_02529	2529
0000000000000000000200002030000022	N	oracle_02530	2530
0000000000000000000200002120000022	N	oracle_02531	2531
0000000000000000000200002200000023	N	oracle_02532	2532
0000000000000000000200002200000122	N	oracle_02533	2533
0000000000000000000200002210000022	N	oracle_02534	2534
0000000000000000000200002300000022	N	oracle_02535	2535
0000000000000000000200003020000022	N	oracle_02536	2536
0000000000000000000200003200000022	N	oracle_02537	2537
0000000000000000000200010020000033	N	oracle_02538	2538
0000000000000000000200010020000222	N	oracle_02539	2539
0000000000000000000200010200000033	N	oracle_02540	2540
0000000000000000000200010200000222	N	oracle_02541	2541
0000000000000000000200010220000022	N	oracle_02542	2542
0000000000000000000200012020000022	N	oracle_02543	2543
0000000000000000000200012200000022	N	oracle_02544	2544
0000000000000000000200020010000033	N	oracle_02545	2545
0000000000000000000200020010000222	N	oracle_02546	2546
0000000000000000000200020020000023	N	oracle_02547	2547
0000000000000000000200020020000122	N	oracle_02548	2548
0000000000000000000200020030000022	N	oracle_02549	2549
0000000000000000000200020120000022	N	oracle_02550	2550
0000000000000000000200020200000023	N	oracle_02551	2551
0000000000000000000200020200000122	N	oracle_02552	2552
0000000000000000000200020210000022	N	oracle_02553	2553
0000000000000000000200020300000022	N	oracle_02554	2554
0000000000000000000200021020000022	N	oracle_02555	2555
0000000000000000000200021200000022	N	oracle_02556	2556
0000000000000000000200022010000022	N	oracle_02557	2557
0000000000000000000200030020000022	N	oracle_02558	2558
0000000000000000000200030200000022	N	oracle_02559	2559
0000000000000000000200100020000033	N	oracle_02560	2560
0000000000000000000200100020000222	N	oracle_02561	2561
0000000000000000000200100200000033	N	oracle_02562	2562
0000000000000000000200100200000222	N	oracle_02563	2563
0000000000000000000200100220000022	N	oracle_02564	2564
0000000000000000000200101020000023	N	oracle_02565	2565
0000000000000000000200102010000023	N	oracle_02566	2566
0000000000000000000200102020000013	N	oracle_02567	2567
0000000000000000000200102020000022	N	oracle_02568	2568
0000000000000000000200102200000022	N	oracle_02569	2569
0000000000000000000200110020000023	N	oracle_02570	2570
0000000000000000000200110200000023	N	oracle_02571	2571
0000000000000000000200120010000023	N	oracle_02572	2572
0000000000000000000200120020000013	N	oracle_02573	2573
0000000000000000000200120020000022	N	oracle_02574	2574
0000000000000000000200120200000022	N	oracle_02575	2575
0000000000000000000200200010000033	N	oracle_02576	2576
0000000000000000000200200010000222	N	oracle_02577	2577
0000000000000000000200200020000023	N	oracle_02578	2578
0000000000000000000200200020000122	N	oracle_02579	2579
0000000000000000000200200030000022	N	oracle_02580	2580
0000000000000000000200200120000022	N	oracle_02581	2581
0000000000000000000200200200000023	N	oracle_02582	2582
0000000000000000000200200200000122	N	oracle_02583	2583
0000000000000000000200200210000022	N	oracle_02584	2584
0000000000000000000200200300000022	N	oracle_02585	2585
0000000000000000000200201010000023	N	oracle_02586	2586
0000000000000000000200201020000022	N	oracle_02587	2587
0000000000000000000200201200000022	N	oracle_02588	2588
0000000000000000000200202010000013	N	oracle_02589	2589
0000000000000000000200202010000022	N	oracle_02590	2590
0000000000000000000200210010000023	N	oracle_02591	2591
0000000000000000000200210020000013	N	oracle_02592	2592
0000000000000000000200210020000022	N	oracle_02593	2593
0000000000000000000200210200000013	N	oracle_02594	2594
0000000000000000000200210200000022	N	oracle_02595	2595
0000000000000000000200220010000013	N	oracle_02596	2596
0000000000000000000200220010000022	N	oracle_02597	2597
0000000000000000000200300020000022	N	oracle_02598	2598
0000000000000000000200300200000022	N	oracle_02599	2599
0000000000000000000201000020000033	N	oracle_02600	2600
0000000000000000000201000020000222	N	oracle_02601	2601
0000000000000000000201000220000022	N	oracle_02602	2602
0000000000000000000201002020000022	N	oracle_02603	2603
0000000000000000000201002200000022	N	oracle_02604	2604
0000000000000000000201020020000022	N	oracle_02605	2605
0000000000000000000201020200000022	N	oracle_02606	2606
0000000000000000000201200020000022	N	oracle_02607	2607
0000000000000000000202000010000033	N	oracle_02608	2608
0000000000000000000202000010000222	N	oracle_02609	2609
0000000000000000000202000020000023	N	oracle_02610	2610
0000000000000000000202000020000122	N	oracle_02611	2611
0000000000000000000202000030000022	N	oracle_02612	2612
0000000000000000000202000120000022	N	oracle_02613	2613
0000000000000000000202000210000022	N	oracle_02614	2614
0000000000000000000202000300000022	N	oracle_02615	2615
0000000000000000000202001020000022	N	oracle_02616	2616
0000000000000000000202001200000022	N	oracle_02617	2617
0000000000000000000202002010000022	N	oracle_02618	2618
0000000000000000000202010020000022	N	oracle_02619	2619
0000000000000000000202020010000022	N	oracle_02620	2620
0000000000000000000202100020000022	N	oracle_02621	2621
0000000000000000000202200010000022	N	oracle_02622	2622
0000000000000000000203000020000022	N	oracle_02623	2623
0000000000000000000210000020000033	N	oracle_02624	2624
0000000000000000000210000020000222	N	oracle_02625	2625
0000000000000000000210000210000023	N	oracle_02626	2626
0000000000000000000210000220000022	N	oracle_02627	2627
0000000000000000000210002020000022	N	oracle_02628	2628
0000000000000000000210002200000022	N	oracle_02629	2629
0000000000000000000210020020000022	N	oracle_02630	2630
0000000000000000000210200020000022	N	oracle_02631	2631
0000000000000000000212000020000022	N	oracle_02632	2632
0000000000000000000220000010000033	N	oracle_02633	2633
0000000000000000000220000010000222	N	oracle_02634	2634
0000000000000000000220000020000023	N	oracle_02635	2635
0000000000000000000220000020000122	N	oracle_02636	2636
0000000000000000000220000030000022	N	oracle_02637	2637
0000000000000000000220000110000023	N	oracle_02638	2638
0000000000000000000220000120000022	N	oracle_02639	2639
0000000000000000000220000210000013	N	oracle_02640	2640
0000000000000000000220000210000022	N	oracle_02641	2641
0000000000000000000220000300000022	N	oracle_02642	2642
0000000000000000000220001020000022	N	oracle_02643	2643
0000000000000000000220002010000022	N	oracle_02644	2644
0000000000000000000220010020000022	N	oracle_02645	2645
0000000000000000000220020010000022	N	oracle_02646	2646
0000000000000000000220100020000022	N	oracle_02647	2647
0000000000000000000220200010000022	N	oracle_02648	2648
0000000000000000000221000020000022	N	oracle_02649	2649
0000000000000000000230000020000022	N	oracle_02650	2650
0000000000000000000300000020000033	N	oracle_02651	2651
0000000000000000000300000020000222	N	oracle_02652	2652
0000000000000000000300000030000023	N	oracle_02653	2653
0000000000000000000300000030000122	N	oracle_02654	2654
0000000000000000000300000040000013	N	oracle_02655	2655
0000000000000000000300000040000022	N	oracle_02656	2656
0000000000000000000300000130000022	N	oracle_02657	2657
0000000000000000000300000220000022	N	oracle_02658	2658
0000000000000000000300000300000023	N	oracle_02659	2659
0000000000000000000300000300000122	N	oracle_02660	2660
0000000000000000000300000310000022	N	oracle_02661	2661
0000000000000000000300000400000022	N	oracle_02662	2662
0000000000000000000300001030000022	N	oracle_02663	2663
0000000000000000000300001300000022	N	oracle_02664	2664
0000000000000000000300002020000022	N	oracle_02665	2665
0000000000000000000300003010000022	N	oracle_02666	2666
0000000000000000000300010030000022	N	oracle_02667	2667
0000000000000000000300010300000022	N	oracle_02668	2668
0000000000000000000300020020000022	N	oracle_02669	2669
0000000000000000000300030010000022	N	oracle_02670	2670
0000000000000000000300100030000022	N	oracle_02671	2671
0000000000000000000300100300000022	N	oracle_02672	2672
0000000000000000000300200020000022	N	oracle_02673	2673
0000000000000000000300300010000022	N	oracle_02674	2674
0000000000000000000301000030000022	N	oracle_02675	2675
0000000000000000000302000020000022	N	oracle_02676	2676
0000000000000000000303000010000022	N	oracle_02677	2677
0000000000000000000310000030000022	N	oracle_02678	2678
0000000000000000000320000020000022	N	oracle_02679	2679
0000000000000000000330000010000022	N	oracle_02680	2680
0000000000000000000400000020000023	N	oracle_02681	2681
0000000000000000000400000030000022	N	oracle_02682	2682
0000000000000000001000000020000044	N	oracle_02683	2683
0000000000000000001000000020000224	N	oracle_02684	2684
0000000000000000001000000120000133	N	oracle_02685	2685
0000000000000000001000000130000123	N	oracle_02686	2686
0000000000000000001000000140000023	N	oracle_02687	2687
0000000000000000001000000220000024	N	oracle_02688	2688
0000000000000000001000000220000033	N	oracle_02689	2689
0000000000000000001000000220000222	N	oracle_02690	2690
0000000000000000001000000230000023	N	oracle_02691	2691
0000000000000000001000000320000023	N	oracle_02692	2692
0000000000000000001000000330000013	N	oracle_02693	2693
0000000000000000001000000330000022	N	oracle_02694	2694
0000000000000000001000000410000023	N	oracle_02695	2695
0000000000000000001000001120000024	N	oracle_02696	2696
0000000000000000001000002020000033	N	oracle_02697	2697
0000000000000000001000002020000222	N	oracle_02698	2698
0000000000000000001000003030000022	N	oracle_02699	2699
0000000000000000001000010120000024	N	oracle_02700	2700
0000000000000000001000010120000123	N	oracle_02701	2701
0000000000000000001000020020000033	N	oracle_02702	2702
0000000000000000001000020020000222	N	oracle_02703	2703
0000000000000000001000020220000022	N	oracle_02704	2704
0000000000000000001000022020000022	N	oracle_02705	2705
0000000000000000001000030030000022	N	oracle_02706	2706
0000000000000000001000102020000023	N	oracle_02707	2707
0000000000000000001000200020000033	N	oracle_02708	2708
0000000000000000001000200020000222	N	oracle_02709	2709
0000000000000000001000200220000022	N	oracle_02710	2710
0000000000000000001000201020000023	N	oracle_02711	2711
0000000000000000001000202010000023	N	oracle_02712	2712
0000000000000000001000202020000013	N	oracle_02713	2713
0000000000000000001000202020000022	N	oracle_02714	2714
0000000000000000001000300030000022	N	oracle_02715	2715
0000000000000000001001000120000024	N	oracle_02716	2716
0000000000000000001002000020000033	N	oracle_02717	2717
0000000000000000001002000020000222	N	oracle_02718	2718
0000000000000000001002000220000022	N	oracle_02719	2719
0000000000000000001002002020000022	N	oracle_02720	2720
0000000000000000001002020020000022	N	oracle_02721	2721
0000000000000000001003000030000022	N	oracle_02722	2722
0000000000000000001010010120000023	N	oracle_02723	2723
0000000000000000001010200020000023	N	oracle_02724	2724
0000000000000000001020000020000033	N	oracle_02725	2725
0000000000000000001020000020000222	N	oracle_02726	2726
0000000000000000001020002020000022	N	oracle_02727	2727
0000000000000000001020020020000022	N	oracle_02728	2728
0000000000000000001020100020000023	N	oracle_02729	2729
0000000000000000001020200020000013	N	oracle_02730	2730
0000000000000000001020200020000022	N	oracle_02731	2731
0000000000000000001030000030000022	N	oracle_02732	2732
0000000000000000001100000020000133	N	oracle_02733	2733
0000000000000000001100000030000024	N	oracle_02734	2734
0000000000000000001100000030000123	N	oracle_02735	2735
0000000000000000001100000120000033	N	oracle_02736	2736
0000000000000000001100000210000033	N	oracle_02737	2737
0000000000000000001100000220000023	N	oracle_02738	2738
0000000000000000001100010020000024	N	oracle_02739	2739
0000000000000000001101000020000024	N	oracle_02740	2740
0000000000000000001101000020000123	N	oracle_02741	2741
0000000000000000001101001020000023	N	oracle_02742	2742
0000000000000000001110000020000024	N	oracle_02743	2743
0000000000000000001200000020000024	N	oracle_02744	2744
0000000000000000001200000020000033	N	oracle_02745	2745
0000000000000000001200000020000222	N	oracle_02746	2746
0000000000000000001200000030000023	N	oracle_02747	2747
0000000000000000001200000220000022	N	oracle_02748	2748
0000000000000000001200002020000022	N	oracle_02749	2749
0000000000000000001200020020000022	N	oracle_02750	2750
0000000000000000001200200020000022	N	oracle_02751	2751
0000000000000000001202000020000022	N	oracle_02752	2752
0000000000000000001220000020000022	N	oracle_02753	2753
0000000000000000001300000020000023	N	oracle_02754	2754
0000000000000000001300000030000013	N	oracle_02755	2755
0000000000000000001300000030000022	N	oracle_02756	2756
0000000000000000001400000020000013	N	oracle_02757	2757
0000000000000000001400000020000022	N	oracle_02758	2758
0000000000000000002000000020000034	N	oracle_02759	2759
0000000000000000002000000020000133	N	oracle_02760	2760
0000000000000000002000000020000223	N	oracle_02761	2761
0000000000000000002000000020001222	N	oracle_02762	2762
0000000000000000002000000030000024	N	oracle_02763	2763
0000000000000000002000000030000033	N	oracle_02764	2764
0000000000000000002000000030000123	N	oracle_02765	2765
0000000000000000002000000030000222	N	oracle_02766	2766
0000000000000000002000000040000023	N	oracle_02767	2767
0000000000000000002000000120000024	N	oracle_02768	2768
0000000000000000002000000120000033	N	oracle_02769	2769
0000000000000000002000000120000123	N	oracle_02770	2770
0000000000000000002000000120000222	N	oracle_02771	2771
0000000000000000002000000130000023	N	oracle_02772	2772
0000000000000000002000000130000113	N	oracle_02773	2773
0000000000000000002000000130000122	N	oracle_02774	2774
0000000000000000002000000140000013	N	oracle_02775	2775
0000000000000000002000000140000022	N	oracle_02776	2776
0000000000000000002000000220000014	N	oracle_02777	2777
0000000000000000002000000220000023	N	oracle_02778	2778
0000000000000000002000000230000022	N	oracle_02779	2779
0000000000000000002000000320000022	N	oracle_02780	2780
0000000000000000002000001020000024	N	oracle_02781	2781
0000000000000000002000001020000033	N	oracle_02782	2782
0000000000000000002000001020000222	N	oracle_02783	2783
0000000000000000002000001120000014	N	oracle_02784	2784
0000000000000000002000001120000023	N	oracle_02785	2785
0000000000000000002000001220000022	P	oracle_02786	2786
0000000000000000002000002020000023	N	oracle_02787	2787
0000000000000000002000002020000122	N	oracle_02788	2788
0000000000000000002000002030000022	N	oracle_02789	2789
0000000000000000002000002120000022	N	oracle_02790	2790
0000000000000000002000003020000022	N	oracle_02791	2791
0000000000000000002000010020000024	N	oracle_02792	2792
0000000000000000002000010020000033	N	oracle_02793	2793
0000000000000000002000010020000123	N	oracle_02794	2794
0000000000000000002000010020000222	N	oracle_02795	2795
0000000000000000002000010120000014	N	oracle_02796	2796
0000000000000000002000010120000023	N	oracle_02797	2797
0000000000000000002000010120000113	N	oracle_02798	2798
0000000000000000002000010120000122	N	oracle_02799	2799
0000000000000000002000012020000022	N	oracle_02800	2800
0000000000000000002000020020000023	N	oracle_02801	2801
0000000000000000002000020020000122	N	oracle_02802	2802
0000000000000000002000020030000022	N	oracle_02803	2803
0000000000000000002000020120000022	N	oracle_02804	2804
0000000000000000002000021020000022	N	oracle_02805	2805
0000000000000000002000030020000022	N	oracle_02806	2806
0000000000000000002000100020000033	N	oracle_02807	2807
0000000000000000002000100020000222	N	oracle_02808	2808
0000000000000000002000100120000023	N	oracle_02809	2809
0000000000000000002000102020000022	N	oracle_02810	2810
0000000000000000002000120020000022	N	oracle_02811	2811
0000000000000000002000200020000023	N	oracle_02812	2812
0000000000000000002000200020000122	N	oracle_02813	2813
0000000000000000002000200030000022	N	oracle_02814	2814
0000000000000000002000200120000022	N	oracle_02815	2815
0000000000000000002000201020000022	N	oracle_02816	2816
0000000000000000002000210020000022	N	oracle_02817	2817
0000000000000000002000300020000022	N	oracle_02818	2818
0000000000000000002001000120000014	N	oracle_02819	2819
0000000000000000002001000120000023	N	oracle_02820	2820
0000000000000000002001001020000023	N	oracle_02821	2821
0000000000000000002001002020000022	N	oracle_02822	2822
0000000000000000002001020020000022	N	oracle_02823	2823
0000000000000000002002000030000022	N	oracle_02824	2824
0000000000000000002002000120000022	N	oracle_02825	2825
0000000000000000002002001020000022	N	oracle_02826	2826
0000000000000000002010000120000023	N	oracle_02827	2827
0000000000000000002010002020000022	N	oracle_02828	2828
0000000000000000002010010120000013	N	oracle_02829	2829
0000000000000000002010010120000022	N	oracle_02830	2830
0000000000000000002020000030000022	N	oracle_02831	2831
0000000000000000002020000120000022	N	oracle_02832	2832
0000000000000000002100000030000014	N	oracle_02833	2833
0000000000000000002100000030000023	N	oracle_02834	2834
0000000000000000002100000030000113	N	oracle_02835	2835
0000000000000000002100000030000122	N	oracle_02836	2836
0000000000000000002100000120000023	N	oracle_02837	2837
0000000000000000003000000030000023	N	oracle_02838	2838
0000000000000000003000000030000122	N	oracle_02839	2839
0000000000000000003000000040000013	N	oracle_02840	2840
0000000000000000003000000040000022	N	oracle_02841	2841
0000000000000000003000000130000022	N	oracle_02842	2842
0000000000000000003000001030000022	N	oracle_02843	2843
0000000000000000003000010030000022	N	oracle_02844	2844
0000000000000000003000100030000022	N	oracle_02845	2845
0000000000000000010000000020000044	N	oracle_02846	2846
0000000000000000010000000020000224	N	oracle_02847	2847
0000000000000000010000000200000044	N	oracle_02848	2848
0000000000000000010000000200000224	N	oracle_02849	2849
0000000000000000010000000220000033	N	oracle_02850	2850
0000000000000000010000000220000222	N	oracle_02851	2851
0000000000000000010000000330000022	N	oracle_02852	2852
0000000000000000010000002000000044	N	oracle_02853	2853
0000000000000000010000002000000224	N	oracle_02854	2854
0000000000000000010000002020000033	N	oracle_02855	2855
0000000000000000010000002020000222	N	oracle_02856	2856
0000000000000000010000002120000023	N	oracle_02857	2857
0000000000000000010000002200000033	N	oracle_02858	2858
0000000000000000010000002200000222	N	oracle_02859	2859
0000000000000000010000003030000022	N	oracle_02860	2860
0000000000000000010000003300000022	N	oracle_02861	2861
0000000000000000010000020000000044	N	oracle_02862	2862
0000000000000000010000020000000224	N	oracle_02863	2863
0000000000000000010000020020000033	N	oracle_02864	2864
0000000000000000010000020020000222	N	oracle_02865	2865
0000000000000000010000020200000033	N	oracle_02866	2866
0000000000000000010000020200000222	N	oracle_02867	2867
0000000000000000010000020220000022	N	oracle_02868	2868
0000000000000000010000022000000033	N	oracle_02869	2869
0000000000000000010000022000000222	N	oracle_02870	2870
0000000000000000010000022020000022	N	oracle_02871	2871
0000000000000000010000022100000023	N	oracle_02872	2872
0000000000000000010000030030000022	N	oracle_02873	2873
0000000000000000010000030300000022	N	oracle_02874	2874
0000000000000000010000033000000022	N	oracle_02875	2875
0000000000000000010000101120000023	N	oracle_02876	2876
0000000000000000010000102020000023	N	oracle_02877	2877
0000000000000000010000102110000023	N	oracle_02878	2878
0000000000000000010000102120000013	N	oracle_02879	2879
0000000000000000010000102120000022	N	oracle_02880	2880
0000000000000000010000122100000022	P	oracle_02881	2881
0000000000000000010000200000000044	N	oracle_02882	2882
0000000000000000010000200000000224	N	oracle_02883	2883
0000000000000000010000200020000033	N	oracle_02884	2884
0000000000000000010000200020000222	N	oracle_02885	2885
0000000000000000010000200200000033	N	oracle_02886	2886
0000000000000000010000200200000222	N	oracle_02887	2887
0000000000000000010000200220000022	N	oracle_02888	2888
0000000000000000010000202000000033	N	oracle_02889	2889
0000000000000000010000202000000222	N	oracle_02890	2890
0000000000000000010000202200000022	N	oracle_02891	2891
0000000000000000010000220000000033	N	oracle_02892	2892
0000000000000000010000220000000222	N	oracle_02893	2893
0000000000000000010000220200000022	N	oracle_02894	2894
0000000000000000010000222000000022	N	oracle_02895	2895
0000000000000000010000300030000022	N	oracle_02896	2896
0000000000000000010000300300000022	N	oracle_02897	2897
0000000000000000010000303000000022	N	oracle_02898	2898
0000000000000000010000330000000022	N	oracle_02899	2899
0000000000000000010001120000000024	N	oracle_02900	2900
0000000000000000010001200200000023	N	oracle_02901	2901
0000000000000000010001202000000023	N	oracle_02902	2902
0000000000000000010002000020000033	N	oracle_02903	2903
0000000000000000010002000020000222	N	oracle_02904	2904
0000000000000000010002000200000033	N	oracle_02905	2905
0000000000000000010002000200000222	N	oracle_02906	2906
0000000000000000010002000220000022	N	oracle_02907	2907
0000000000000000010002002000000033	N	oracle_02908	2908
0000000000000000010002002000000222	N	oracle_02909	2909
0000000000000000010002002020000022	N	oracle_02910	2910
0000000000000000010002002200000022	N	oracle_02911	2911
0000000000000000010002020000000024	N	oracle_02912	2912
0000000000000000010002020000000033	N	oracle_02913	2913
0000000000000000010002020000000222	N	oracle_02914	2914
0000000000000000010002020020000022	N	oracle_02915	2915
0000000000000000010002020200000022	N	oracle_02916	2916
0000000000000000010002022000000022	N	oracle_02917	2917
0000000000000000010002100200000023	N	oracle_02918	2918
0000000000000000010002102000000023	N	oracle_02919	2919
0000000000000000010002120000000014	N	oracle_02920	2920
0000000000000000010002120000000023	N	oracle_02921	2921
0000000000000000010002200100000023	N	oracle_02922	2922
0000000000000000010002200200000013	N	oracle_02923	2923
0000000000000000010002200200000022	N	oracle_02924	2924
0000000000000000010002201000000023	N	oracle_02925	2925
0000000000000000010002202000000013	N	oracle_02926	2926
0000000000000000010002202000000022	N	oracle_02927	2927
0000000000000000010003000030000022	N	oracle_02928	2928
0000000000000000010003000300000022	N	oracle_02929	2929
0000000000000000010003003000000022	N	oracle_02930	2930
0000000000000000010003030000000022	N	oracle_02931	2931
0000000000000000010010000230000022	N	oracle_02932	2932
0000000000000000010010022000000023	N	oracle_02933	2933
0000000000000000010012002000000023	N	oracle_02934	2934
0000000000000000010020000020000033	N	oracle_02935	2935
0000000000000000010020000020000222	N	oracle_02936	2936
0000000000000000010020000130000022	N	oracle_02937	2937
0000000000000000010020000200000033	N	oracle_02938	2938
0000000000000000010020000200000222	N	oracle_02939	2939
0000000000000000010020000210000023	N	oracle_02940	2940
0000000000000000010020000220000022	N	oracle_02941	2941
0000000000000000010020000230000012	N	oracle_02942	2942
0000000000000000010020002000000033	N	oracle_02943	2943
0000000000000000010020002000000222	N	oracle_02944	2944
0000000000000000010020002020000022	N	oracle_02945	2945
0000000000000000010020002200000022	N	oracle_02946	2946
0000000000000000010020012000000023	N	oracle_02947	2947
0000000000000000010020020020000022	N	oracle_02948	2948
0000000000000000010020020200000022	N	oracle_02949	2949
0000000000000000010020022000000013	N	oracle_02950	2950
0000000000000000010020022000000022	N	oracle_02951	2951
0000000000000000010020200020000022	N	oracle_02952	2952
0000000000000000010020200200000022	N	oracle_02953	2953
0000000000000000010020202000000022	N	oracle_02954	2954
0000000000000000010022000200000022	N	oracle_02955	2955
0000000000000000010030000030000022	N	oracle_02956	2956
0000000000000000010030000300000022	N	oracle_02957	2957
0000000000000000010030003000000022	N	oracle_02958	2958
0000000000000000010200000020000033	N	oracle_02959	2959
0000000000000000010200000020000222	N	oracle_02960	2960
0000000000000000010200000200000033	N	oracle_02961	2961
0000000000000000010200000200000222	N	oracle_02962	2962
0000000000000000010200000220000022	N	oracle_02963	2963
0000000000000000010200002020000022	N	oracle_02964	2964
0000000000000000010200002200000022	N	oracle_02965	2965
0000000000000000010200020020000022	N	oracle_02966	2966
0000000000000000010200020200000022	N	oracle_02967	2967
0000000000000000010200200020000022	N	oracle_02968	2968
0000000000000000010200200200000022	N	oracle_02969	2969
0000000000000000010202000020000022	N	oracle_02970	2970
0000000000000000010220000020000022	N	oracle_02971	2971
0000000000000000010300000030000022	N	oracle_02972	2972
0000000000000000010300000300000022	N	oracle_02973	2973
0000000000000000011000000120000024	N	oracle_02974	2974
0000000000000000011000000120000123	N	oracle_02975	2975
0000000000000000011000100120000023	N	oracle_02976	2976
0000000000000000011100000020000024	N	oracle_02977	2977
0000000000000000011100000020000123	N	oracle_02978	2978
0000000000000000011100100020000023	N	oracle_02979	2979
0000000000000000012000000020000024	N	oracle_02980	2980
0000000000000000012000000020000033	N	oracle_02981	2981
0000000000000000012000000020000123	N	oracle_02982	2982
0000000000000000012000000020000222	N	oracle_02983	2983
0000000000000000012000000120000014	N	oracle_02984	2984
0000000000000000012000000120000023	N	oracle_02985	2985
0000000000000000012000000120000113	N	oracle_02986	2986
0000000000000000012000000120000122	N	oracle_02987	2987
0000000000000000012000002020000022	N	oracle_02988	2988
0000000000000000012000020020000022	N	oracle_02989	2989
0000000000000000012000100020000023	N	oracle_02990	2990
0000000000000000012000100120000013	N	oracle_02991	2991
0000000000000000012000100120000022	N	oracle_02992	2992
0000000000000000012000200020000022	N	oracle_02993	2993
0000000000000000013000000030000022	N	oracle_02994	2994
0000000000000000020000000020000034	N	oracle_02995	2995
0000000000000000020000000020000133	N	oracle_02996	2996
0000000000000000020000000020000223	N	oracle_02997	2997
0000000000000000020000000020001222	N	oracle_02998	2998
0000000000000000020000000030000033	N	oracle_02999	2999
0000000000000000020000000030000222	N	oracle_03000	3000
0000000000000000020000000100000044	N	oracle_03001	3001
0000000000000000020000000100000224	N	oracle_03002	3002
0000000000000000020000000120000033	N	oracle_03003	3003
0000000000000000020000000120000222	N	oracle_03004	3004
0000000000000000020000000200000034	N	oracle_03005	3005
0000000000000000020000000200000133	N	oracle_03006	3006
0000000000000000020000000200000223	N	oracle_03007	3007
0000000000000000020000000200001222	N	oracle_03008	3008
0000000000000000020000000210000033	N	oracle_03009	3009
0000000000000000020000000210000222	N	oracle_03010	3010
0000000000000000020000000220000023	N	oracle_03011	3011
0000000000000000020000000220000122	N	oracle_03012	3012
0000000000000000020000000230000022	N	oracle_03013	3013
0000000000000000020000000300000033	N	oracle_03014	3014
0000000000000000020000000300000222	N	oracle_03015	3015
0000000000000000020000000320000022	N	oracle_03016	3016
0000000000000000020000001000000044	N	oracle_03017	3017
0000000000000000020000001000000224	N	oracle_03018	3018
0000000000000000020000001020000033	N	oracle_03019	3019
0000000000000000020000001020000222	N	oracle_03020	3020
0000000000000000020000001200000033	N	oracle_03021	3021
0000000000000000020000001200000222	N	oracle_03022	3022
0000000000000000020000001220000022	N	oracle_03023	3023
0000000000000000020000002000000034	N	oracle_03024	3024
0000000000000000020000002000000133	N	oracle_03025	3025
0000000000000000020000002000000223	N	oracle_03026	3026
0000000000000000020000002000001222	N	oracle_03027	3027
0000000000000000020000002010000033	N	oracle_03028	3028
0000000000000000020000002010000222	N	oracle_03029	3029
0000000000000000020000002020000023	N	oracle_03030	3030
0000000000000000020000002020000122	N	oracle_03031	3031
0000000000000000020000002030000022	N	oracle_03032	3032
0000000000000000020000002100000033	N	oracle_03033	3033
0000000000000000020000002100000222	N	oracle_03034	3034
0000000000000000020000002120000022	N	oracle_03035	3035
0000000000000000020000002200000023	N	oracle_03036	3036
0000000000000000020000002200000122	N	oracle_03037	3037
0000000000000000020000002210000022	N	oracle_03038	3038
0000000000000000020000002300000022	N	oracle_03039	3039
0000000000000000020000003000000033	N	oracle_03040	3040
0000000000000000020000003000000222	N	oracle_03041	3041
0000000000000000020000003020000022	N	oracle_03042	3042
0000000000000000020000003200000022	N	oracle_03043	3043
0000000000000000020000010000000044	N	oracle_03044	3044
0000000000000000020000010000000224	N	oracle_03045	3045
0000000000000000020000010020000033	N	oracle_03046	3046
0000000000000000020000010020000222	N	oracle_03047	3047
0000000000000000020000010200000033	N	oracle_03048	3048
0000000000000000020000010200000222	N	oracle_03049	3049
0000000000000000020000010220000022	N	oracle_03050	3050
0000000000000000020000012000000033	N	oracle_03051	3051
0000000000000000020000012000000222	N	oracle_03052	3052
0000000000000000020000012020000022	N	oracle_03053	3053
0000000000000000020000012100000023	N	oracle_03054	3054
0000000000000000020000012200000022	N	oracle_03055	3055
0000000000000000020000020000000034	N	oracle_03056	3056
0000000000000000020000020000000133	N	oracle_03057	3057
0000000000000000020000020000000223	N	oracle_03058	3058
0000000000000000020000020000001222	N	oracle_03059	3059
0000000000000000020000020010000033	N	oracle_03060	3060
0000000000000000020000020010000222	N	oracle_03061	3061
0000000000000000020000020020000023	N	oracle_03062	3062
0000000000000000020000020020000122	N	oracle_03063	3063
0000000000000000020000020030000022	N	oracle_03064	3064
0000000000000000020000020100000033	N	oracle_03065	3065
0000000000000000020000020100000222	N	oracle_03066	3066
0000000000000000020000020120000022	N	oracle_03067	3067
0000000000000000020000020200000023	N	oracle_03068	3068
0000000000000000020000020200000122	N	oracle_03069	3069
0000000000000000020000020210000022	N	oracle_03070	3070
0000000000000000020000020300000022	N	oracle_03071	3071
0000000000000000020000021000000033	N	oracle_03072	3072
0000000000000000020000021000000222	N	oracle_03073	3073
0000000000000000020000021020000022	N	oracle_03074	3074
0000000000000000020000021100000023	N	oracle_03075	3075
0000000000000000020000021200000022	N	oracle_03076	3076
0000000000000000020000022000000023	N	oracle_03077	3077
0000000000000000020000022000000122	N	oracle_03078	3078
0000000000000000020000022010000022	N	oracle_03079	3079
0000000000000000020000022100000013	N	oracle_03080	3080
0000000000000000020000022100000022	N	oracle_03081	3081
0000000000000000020000023000000022	N	oracle_03082	3082
0000000000000000020000030000000033	N	oracle_03083	3083
0000000000000000020000030000000222	N	oracle_03084	3084
0000000000000000020000030020000022	N	oracle_03085	3085
0000000000000000020000030200000022	N	oracle_03086	3086
0000000000000000020000032000000022	N	oracle_03087	3087
0000000000000000020000033000000012	N	oracle_03088	3088
0000000000000000020000100000000044	N	oracle_03089	3089
0000000000000000020000100000000224	N	oracle_03090	3090
0000000000000000020000100020000033	N	oracle_03091	3091
0000000000000000020000100020000222	N	oracle_03092	3092
0000000000000000020000100200000033	N	oracle_03093	3093
0000000000000000020000100200000222	N	oracle_03094	3094
0000000000000000020000100220000022	N	oracle_03095	3095
0000000000000000020000102000000033	N	oracle_03096	3096
0000000000000000020000102000000222	N	oracle_03097	3097
0000000000000000020000102020000022	N	oracle_03098	3098
0000000000000000020000102200000022	N	oracle_03099	3099
0000000000000000020000120000000033	N	oracle_03100	3100
0000000000000000020000120000000222	N	oracle_03101	3101
0000000000000000020000120020000022	N	oracle_03102	3102
0000000000000000020000120200000022	N	oracle_03103	3103
0000000000000000020000122000000022	N	oracle_03104	3104
0000000000000000020000200000000034	N	oracle_03105	3105
0000000000000000020000200000000133	N	oracle_03106	3106
0000000000000000020000200000000223	N	oracle_03107	3107
0000000000000000020000200000001222	N	oracle_03108	3108
0000000000000000020000200010000033	N	oracle_03109	3109
0000000000000000020000200010000222	N	oracle_03110	3110
0000000000000000020000200020000023	N	oracle_03111	3111
0000000000000000020000200020000122	N	oracle_03112	3112
0000000000000000020000200030000022	N	oracle_03113	3113
0000000000000000020000200100000033	N	oracle_03114	3114
0000000000000000020000200100000222	N	oracle_03115	3115
0000000000000000020000200120000022	N	oracle_03116	3116
0000000000000000020000200200000023	N	oracle_03117	3117
0000000000000000020000200200000122	N	oracle_03118	3118
0000000000000000020000200210000022	N	oracle_03119	3119
0000000000000000020000200300000022	N	oracle_03120	3120
0000000000000000020000201000000033	N	oracle_03121	3121
0000000000000000020000201000000222	N	oracle_03122	3122
0000000000000000020000201020000022	N	oracle_03123	3123
0000000000000000020000201200000022	N	oracle_03124	3124
0000000000000000020000202000000023	N	oracle_03125	3125
0000000000000000020000202000000122	N	oracle_03126	3126
0000000000000000020000202010000022	N	oracle_03127	3127
0000000000000000020000202100000022	N	oracle_03128	3128
0000000000000000020000203000000022	N	oracle_03129	3129
0000000000000000020000210000000033	N	oracle_03130	3130
0000000000000000020000210000000222	N	oracle_03131	3131
0000000000000000020000210020000022	N	oracle_03132	3132
0000000000000000020000210200000022	N	oracle_03133	3133
0000000000000000020000212000000022	N	oracle_03134	3134
0000000000000000020000220000000023	N	oracle_03135	3135
0000000000000000020000220000000122	N	oracle_03136	3136
0000000000000000020000220010000022	N	oracle_03137	3137
0000000000000000020000220100000022	N	oracle_03138	3138
0000000000000000020000221000000022	N	oracle_03139	3139
0000000000000000020000230000000022	N	oracle_03140	3140
0000000000000000020000300000000033	N	oracle_03141	3141
0000000000000000020000300000000222	N	oracle_03142	3142
0000000000000000020000300020000022	N	oracle_03143	3143
0000000000000000020000300200000022	N	oracle_03144	3144
0000000000000000020000302000000022	N	oracle_03145	3145
0000000000000000020000303000000012	N	oracle_03146	3146
0000000000000000020000320000000022	N	oracle_03147	3147
0000000000000000020000400000000023	N	oracle_03148	3148
0000000000000000020001000020000033	N	oracle_03149	3149
0000000000000000020001000020000222	N	oracle_03150	3150
0000000000000000020001000200000033	N	oracle_03151	3151
0000000000000000020001000200000222	N	oracle_03152	3152
0000000000000000020001000220000022	N	oracle_03153	3153
0000000000000000020001002000000033	N	oracle_03154	3154
0000000000000000020001002000000222	N	oracle_03155	3155
0000000000000000020001002020000022	N	oracle_03156	3156
0000000000000000020001002200000022	N	oracle_03157	3157
0000000000000000020001020000000033	N	oracle_03158	3158
0000000000000000020001020000000222	N	oracle_03159	3159
0000000000000000020001020020000022	N	oracle_03160	3160
0000000000000000020001020200000022	N	oracle_03161	3161
0000000000000000020001022000000022	N	oracle_03162	3162
0000000000000000020001100200000023	N	oracle_03163	3163
0000000000000000020001102000000023	N	oracle_03164	3164
0000000000000000020001200020000022	N	oracle_03165	3165
0000000000000000020001200100000023	N	oracle_03166	3166
0000000000000000020001200200000013	N	oracle_03167	3167
0000000000000000020001200200000022	N	oracle_03168	3168
0000000000000000020001201000000023	N	oracle_03169	3169
0000000000000000020001202000000013	N	oracle_03170	3170
0000000000000000020001202000000022	N	oracle_03171	3171
0000000000000000020001220000000022	N	oracle_03172	3172
0000000000000000020002000010000033	N	oracle_03173	3173
0000000000000000020002000010000222	N	oracle_03174	3174
0000000000000000020002000020000023	N	oracle_03175	3175
0000000000000000020002000020000122	N	oracle_03176	3176
0000000000000000020002000030000022	N	oracle_03177	3177
0000000000000000020002000100000033	N	oracle_03178	3178
0000000000000000020002000100000222	N	oracle_03179	3179
0000000000000000020002000120000022	N	oracle_03180	3180
0000000000000000020002000200000023	N	oracle_03181	3181
0000000000000000020002000200000122	N	oracle_03182	3182
0000000000000000020002000210000022	N	oracle_03183	3183
0000000000000000020002000300000022	N	oracle_03184	3184
0000000000000000020002001000000033	N	oracle_03185	3185
0000000000000000020002001000000222	N	oracle_03186	3186
0000000000000000020002001020000022	N	oracle_03187	3187
0000000000000000020002001200000022	N	oracle_03188	3188
0000000000000000020002002000000023	N	oracle_03189	3189
0000000000000000020002002000000122	N	oracle_03190	3190
0000000000000000020002002010000022	N	oracle_03191	3191
0000000000000000020002002100000022	N	oracle_03192	3192
0000000000000000020002003000000022	N	oracle_03193	3193
0000000000000000020002010020000022	N	oracle_03194	3194
0000000000000000020002010200000022	N	oracle_03195	3195
0000000000000000020002012000000022	N	oracle_03196	3196
0000000000000000020002020000000023	N	oracle_03197	3197
0000000000000000020002020000000122	N	oracle_03198	3198
0000000000000000020002020010000022	N	oracle_03199	3199
0000000000000000020002020100000022	N	oracle_03200	3200
0000000000000000020002021000000022	N	oracle_03201	3201
0000000000000000020002030000000022	N	oracle_03202	3202
0000000000000000020002100020000022	N	oracle_03203	3203
0000000000000000020002100100000023	N	oracle_03204	3204
0000000000000000020002100200000013	N	oracle_03205	3205
0000000000000000020002100200000022	N	oracle_03206	3206
0000000000000000020002101000000023	N	oracle_03207	3207
0000000000000000020002102000000013	N	oracle_03208	3208
0000000000000000020002102000000022	N	oracle_03209	3209
0000000000000000020002120000000022	N	oracle_03210	3210
0000000000000000020002200010000022	N	oracle_03211	3211
0000000000000000020002200100000022	N	oracle_03212	3212
0000000000000000020002201000000022	N	oracle_03213	3213
0000000000000000020003000020000022	N	oracle_03214	3214
0000000000000000020003000200000022	N	oracle_03215	3215
0000000000000000020003002000000022	N	oracle_03216	3216
0000000000000000020010000020000033	N	oracle_03217	3217
0000000000000000020010000020000222	N	oracle_03218	3218
0000000000000000020010000200000033	N	oracle_03219	3219
0000000000000000020010000200000222	N	oracle_03220	3220
0000000000000000020010000210000023	N	oracle_03221	3221
0000000000000000020010000220000022	N	oracle_03222	3222
0000000000000000020010002000000033	N	oracle_03223	3223
0000000000000000020010002000000222	N	oracle_03224	3224
0000000000000000020010002020000022	N	oracle_03225	3225
0000000000000000020010002200000022	N	oracle_03226	3226
0000000000000000020010020020000022	N	oracle_03227	3227
0000000000000000020010020200000022	N	oracle_03228	3228
0000000000000000020010022000000022	N	oracle_03229	3229
0000000000000000020010200020000022	N	oracle_03230	3230
0000000000000000020010200200000022	N	oracle_03231	3231
0000000000000000020010202000000022	N	oracle_03232	3232
0000000000000000020012000020000022	N	oracle_03233	3233
0000000000000000020012000200000022	N	oracle_03234	3234
0000000000000000020012002000000022	N	oracle_03235	3235
0000000000000000020020000010000033	N	oracle_03236	3236
0000000000000000020020000010000222	N	oracle_03237	3237
0000000000000000020020000020000023	N	oracle_03238	3238
0000000000000000020020000020000122	N	oracle_03239	3239
0000000000000000020020000030000022	N	oracle_03240	3240
0000000000000000020020000100000033	N	oracle_03241	3241
0000000000000000020020000100000222	N	oracle_03242	3242
0000000000000000020020000110000023	N	oracle_03243	3243
0000000000000000020020000120000022	N	oracle_03244	3244
0000000000000000020020000200000023	N	oracle_03245	3245
0000000000000000020020000200000122	N	oracle_03246	3246
0000000000000000020020000210000013	N	oracle_03247	3247
0000000000000000020020000210000022	N	oracle_03248	3248
0000000000000000020020000300000022	N	oracle_03249	3249
0000000000000000020020001020000022	N	oracle_03250	3250
0000000000000000020020001200000022	N	oracle_03251	3251
0000000000000000020020002000000023	N	oracle_03252	3252
0000000000000000020020002000000122	N	oracle_03253	3253
0000000000000000020020002010000022	N	oracle_03254	3254
0000000000000000020020002100000022	N	oracle_03255	3255
0000000000000000020020003000000022	N	oracle_03256	3256
0000000000000000020020010020000022	N	oracle_03257	3257
0000000000000000020020010200000022	N	oracle_03258	3258
0000000000000000020020012000000022	N	oracle_03259	3259
0000000000000000020020020010000022	N	oracle_03260	3260
0000000000000000020020020100000022	N	oracle_03261	3261
0000000000000000020020100020000022	N	oracle_03262	3262
0000000000000000020020100200000022	N	oracle_03263	3263
0000000000000000020020102000000022	N	oracle_03264	3264
0000000000000000020020200010000022	N	oracle_03265	3265
0000000000000000020020200100000022	N	oracle_03266	3266
0000000000000000020021000020000022	N	oracle_03267	3267
0000000000000000020021000200000022	N	oracle_03268	3268
0000000000000000020022000010000022	N	oracle_03269	3269
0000000000000000020022000100000022	N	oracle_03270	3270
0000000000000000020030000020000022	N	oracle_03271	3271
0000000000000000020030000200000022	N	oracle_03272	3272
0000000000000000020100000020000033	N	oracle_03273	3273
0000000000000000020100000020000222	N	oracle_03274	3274
0000000000000000020100000200000033	N	oracle_03275	3275
0000000000000000020100000200000222	N	oracle_03276	3276
0000000000000000020100000220000022	N	oracle_03277	3277
0000000000000000020100002020000022	N	oracle_03278	3278
0000000000000000020100002200000022	N	oracle_03279	3279
0000000000000000020100020020000022	N	oracle_03280	3280
0000000000000000020100020200000022	N	oracle_03281	3281
0000000000000000020100200020000022	N	oracle_03282	3282
0000000000000000020100200200000022	N	oracle_03283	3283
0000000000000000020102000020000022	N	oracle_03284	3284
0000000000000000020102000200000022	N	oracle_03285	3285
0000000000000000020120000020000022	N	oracle_03286	3286
0000000000000000020120000200000022	N	oracle_03287	3287
0000000000000000020200000010000033	N	oracle_03288	3288
0000000000000000020200000010000222	N	oracle_03289	3289
0000000000000000020200000020000023	N	oracle_03290	3290
0000000000000000020200000020000122	N	oracle_03291	3291
0000000000000000020200000030000022	N	oracle_03292	3292
0000000000000000020200000120000022	N	oracle_03293	3293
0000000000000000020200000200000023	N	oracle_03294	3294
0000000000000000020200000200000122	N	oracle_03295	3295
0000000000000000020200000210000022	N	oracle_03296	3296
0000000000000000020200000300000022	N	oracle_03297	3297
0000000000000000020200001020000022	N	oracle_03298	3298
0000000000000000020200001200000022	N	oracle_03299	3299
0000000000000000020200002010000022	N	oracle_03300	3300
0000000000000000020200010020000022	N	oracle_03301	3301
0000000000000000020200010200000022	N	oracle_03302	3302
0000000000000000020200020010000022	N	oracle_03303	3303
0000000000000000020200100020000022	N	oracle_03304	3304
0000000000000000020200100200000022	N	oracle_03305	3305
0000000000000000020200200010000022	N	oracle_03306	3306
0000000000000000020201000020000022	N	oracle_03307	3307
0000000000000000020202000010000022	N	oracle_03308	3308
0000000000000000020210000020000022	N	oracle_03309	3309
0000000000000000020220000010000022	N	oracle_03310	3310
0000000000000000020300000020000022	N	oracle_03311	3311
0000000000000000021000000020000033	N	oracle_03312	3312
0000000000000000021000000020000222	N	oracle_03313	3313
0000000000000000021000000220000022	N	oracle_03314	3314
0000000000000000021000002020000022	N	oracle_03315	3315
0000000000000000021000020020000022	N	oracle_03316	3316
0000000000000000021000200020000022	N	oracle_03317	3317
0000000000000000021002000020000022	N	oracle_03318	3318
0000000000000000021020000020000022	N	oracle_03319	3319
0000000000000000021200000020000022	N	oracle_03320	3320
0000000000000000022000000020000023	N	oracle_03321	3321
0000000000000000022000000020000122	N	oracle_03322	3322
0000000000000000022000000030000022	N	oracle_03323	3323
0000000000000000022000000120000022	N	oracle_03324	3324
0000000000000000022000001020000022	N	oracle_03325	3325
0000000000000000022000010020000022	N	oracle_03326	3326
0000000000000000022000100020000022	N	oracle_03327	3327
0000000000000000030000000030000023	N	oracle_03328	3328
0000000000000000030000000030000122	N	oracle_03329	3329
0000000000000000030000000040000022	N	oracle_03330	3330
0000000000000000030000000130000022	N	oracle_03331	3331
0000000000000000030000000200000033	N	oracle_03332	3332
0000000000000000030000000200000222	N	oracle_03333	3333
0000000000000000030000000220000022	N	oracle_03334	3334
0000000000000000030000000300000023	N	oracle_03335	3335
0000000000000000030000000300000122	N	oracle_03336	3336
0000000000000000030000000310000022	N	oracle_03337	3337
0000000000000000030000000400000022	N	oracle_03338	3338
0000000000000000030000001030000022	N	oracle_03339	3339
0000000000000000030000001300000022	N	oracle_03340	3340
0000000000000000030000002000000033	N	oracle_03341	3341
0000000000000000030000002000000222	N	oracle_03342	3342
0000000000000000030000002020000022	N	oracle_03343	3343
0000000000000000030000002200000022	N	oracle_03344	3344
0000000000000000030000003000000023	N	oracle_03345	3345
0000000000000000030000003000000122	N	oracle_03346	3346
0000000000000000030000003010000022	N	oracle_03347	3347
0000000000000000030000003100000022	N	oracle_03348	3348
0000000000000000030000004000000022	N	oracle_03349	3349
0000000000000000030000010030000022	N	oracle_03350	3350
0000000000000000030000010300000022	N	oracle_03351	3351
0000000000000000030000013000000022	N	oracle_03352	3352
0000000000000000030000020000000033	N	oracle_03353	3353
0000000000000000030000020000000222	N	oracle_03354	3354
0000000000000000030000020020000022	N	oracle_03355	3355
0000000000000000030000020200000022	N	oracle_03356	3356
0000000000000000030000022000000022	N	oracle_03357	3357
0000000000000000030000030000000023	N	oracle_03358	3358
0000000000000000030000030000000122	N	oracle_03359	3359
0000000000000000030000030010000022	N	oracle_03360	3360
0000000000000000030000030100000022	N	oracle_03361	3361
0000000000000000030000031000000022	N	oracle_03362	3362
0000000000000000030000040000000022	N	oracle_03363	3363
0000000000000000030000100030000022	N	oracle_03364	3364
0000000000000000030000100300000022	N	oracle_03365	3365
0000000000000000030000103000000022	N	oracle_03366	3366
0000000000000000030000130000000022	N	oracle_03367	3367
0000000000000000030000200000000033	N	oracle_03368	3368
0000000000000000030000200000000222	N	oracle_03369	3369
0000000000000000030000200020000022	N	oracle_03370	3370
0000000000000000030000200200000022	N	oracle_03371	3371
0000000000000000030000202000000022	N	oracle_03372	3372
0000000000000000030000220000000022	N	oracle_03373	3373
0000000000000000030000300000000023	N	oracle_03374	3374
0000000000000000030000300000000122	N	oracle_03375	3375
0000000000000000030000300010000022	N	oracle_03376	3376
0000000000000000030000300100000022	N	oracle_03377	3377
0000000000000000030000301000000022	N	oracle_03378	3378
0000000000000000030000310000000022	N	oracle_03379	3379
0000000000000000030000400000000013	N	oracle_03380	3380
0000000000000000030000400000000022	N	oracle_03381	3381
0000000000000000030001000030000022	N	oracle_03382	3382
0000000000000000030001000300000022	N	oracle_03383	3383
0000000000000000030001003000000022	N	oracle_03384	3384
0000000000000000030001030000000022	N	oracle_03385	3385
0000000000000000030002000020000022	N	oracle_03386	3386
0000000000000000030002000200000022	N	oracle_03387	3387
0000000000000000030002002000000022	N	oracle_03388	3388
0000000000000000030002020000000022	N	oracle_03389	3389
0000000000000000030003000010000022	N	oracle_03390	3390
0000000000000000030003000100000022	N	oracle_03391	3391
0000000000000000030003001000000022	N	oracle_03392	3392
0000000000000000030010000030000022	N	oracle_03393	3393
0000000000000000030010000300000022	N	oracle_03394	3394
0000000000000000030010003000000022	N	oracle_03395	3395
0000000000000000030020000020000022	N	oracle_03396	3396
0000000000000000030020000200000022	N	oracle_03397	3397
0000000000000000030020002000000022	N	oracle_03398	3398
0000000000000000030030000010000022	N	oracle_03399	3399
0000000000000000030030000100000022	N	oracle_03400	3400
0000000000000000030100000030000022	N	oracle_03401	3401
0000000000000000030100000300000022	N	oracle_03402	3402
0000000000000000030200000020000022	N	oracle_03403	3403
0000000000000000030200000200000022	N	oracle_03404	3404
0000000000000000030300000010000022	N	oracle_03405	3405
0000000000000000031000000030000022	N	oracle_03406	3406
0000000000000000032000000020000022	N	oracle_03407	3407
0000000000000000040000000200000023	N	oracle_03408	3408
0000000000000000040000000300000013	N	oracle_03409	3409
0000000000000000040000000300000022	N	oracle_03410	3410
0000000000000000040000002000000023	N	oracle_03411	3411
0000000000000000040000003000000013	N	oracle_03412	3412
0000000000000000040000003000000022	N	oracle_03413	3413
0000000000000000040000020000000023	N	oracle_03414	3414
0000000000000000040000030000000013	N	oracle_03415	3415
0000000000000000040000030000000022	N	oracle_03416	3416
0000000000000000040000200000000023	N	oracle_03417	3417
0000000000000000040000300000000013	N	oracle_03418	3418
0000000000000000040000300000000022	N	oracle_03419	3419
0000000000000000100000000200000044	N	oracle_03420	3420
0000000000000000100000000200000224	N	oracle_03421	3421
0000000000000000100000000220000033	N	oracle_03422	3422
0000000000000000100000000220000222	N	oracle_03423	3423
0000000000000000100000000330000022	N	oracle_03424	3424
0000000000000000100000002000000044	N	oracle_03425	3425
0000000000000000100000002000000224	N	oracle_03426	3426
0000000000000000100000002020000033	N	oracle_03427	3427
0000000000000000100000002020000222	N	oracle_03428	3428
0000000000000000100000002200000033	N	oracle_03429	3429
0000000000000000100000002200000222	N	oracle_03430	3430
0000000000000000100000003030000022	N	oracle_03431	3431
0000000000000000100000003300000022	N	oracle_03432	3432
0000000000000000100000012200000023	N	oracle_03433	3433
0000000000000000100000020000000044	N	oracle_03434	3434
0000000000000000100000020000000224	N	oracle_03435	3435
0000000000000000100000020020000033	N	oracle_03436	3436
0000000000000000100000020020000222	N	oracle_03437	3437
0000000000000000100000020200000033	N	oracle_03438	3438
0000000000000000100000020200000222	N	oracle_03439	3439
0000000000000000100000020220000022	N	oracle_03440	3440
0000000000000000100000021200000023	N	oracle_03441	3441
0000000000000000100000022000000033	N	oracle_03442	3442
0000000000000000100000022000000222	N	oracle_03443	3443
0000000000000000100000022020000022	N	oracle_03444	3444
0000000000000000100000022100000023	N	oracle_03445	3445
0000000000000000100000022200000013	N	oracle_03446	3446
0000000000000000100000022200000022	N	oracle_03447	3447
0000000000000000100000030030000022	N	oracle_03448	3448
0000000000000000100000030300000022	N	oracle_03449	3449
0000000000000000100000033000000022	N	oracle_03450	3450
0000000000000000100000102020000023	N	oracle_03451	3451
0000000000000000100000122000000023	N	oracle_03452	3452
0000000000000000100000200000000044	N	oracle_03453	3453
0000000000000000100000200000000224	N	oracle_03454	3454
0000000000000000100000200020000033	N	oracle_03455	3455
0000000000000000100000200020000222	N	oracle_03456	3456
0000000000000000100000200200000033	N	oracle_03457	3457
0000000000000000100000200200000222	N	oracle_03458	3458
0000000000000000100000200220000022	N	oracle_03459	3459
0000000000000000100000202000000033	N	oracle_03460	3460
0000000000000000100000202000000222	N	oracle_03461	3461
0000000000000000100000202010000023	N	oracle_03462	3462
0000000000000000100000202200000022	N	oracle_03463	3463
0000000000000000100000210000000223	N	oracle_03464	3464
0000000000000000100000212000000023	N	oracle_03465	3465
0000000000000000100000220000000024	N	oracle_03466	3466
0000000000000000100000220000000033	N	oracle_03467	3467
0000000000000000100000220000000222	N	oracle_03468	3468
0000000000000000100000220200000022	N	oracle_03469	3469
0000000000000000100000221000000023	N	oracle_03470	3470
0000000000000000100000222000000013	N	oracle_03471	3471
0000000000000000100000222000000022	N	oracle_03472	3472
0000000000000000100000230000000023	N	oracle_03473	3473
0000000000000000100000300030000022	N	oracle_03474	3474
0000000000000000100000300300000022	N	oracle_03475	3475
0000000000000000100000303000000022	N	oracle_03476	3476
0000000000000000100000320000000023	N	oracle_03477	3477
0000000000000000100000330000000013	N	oracle_03478	3478
0000000000000000100000330000000022	N	oracle_03479	3479
0000000000000000100001200200000023	N	oracle_03480	3480
0000000000000000100001202000000023	N	oracle_03481	3481
0000000000000000100001220000000023	N	oracle_03482	3482
0000000000000000100002000020000033	N	oracle_03483	3483
0000000000000000100002000020000222	N	oracle_03484	3484
0000000000000000100002000200000033	N	oracle_03485	3485
0000000000000000100002000200000222	N	oracle_03486	3486
0000000000000000100002000220000022	N	oracle_03487	3487
0000000000000000100002002000000033	N	oracle_03488	3488
0000000000000000100002002000000222	N	oracle_03489	3489
0000000000000000100002002020000022	N	oracle_03490	3490
0000000000000000100002002200000022	N	oracle_03491	3491
0000000000000000100002020000000033	N	oracle_03492	3492
0000000000000000100002020000000222	N	oracle_03493	3493
0000000000000000100002020020000022	N	oracle_03494	3494
0000000000000000100002020200000022	N	oracle_03495	3495
0000000000000000100002022000000022	N	oracle_03496	3496
0000000000000000100002100200000023	N	oracle_03497	3497
0000000000000000100002120000000023	N	oracle_03498	3498
0000000000000000100002200010000023	N	oracle_03499	3499
0000000000000000100002220000000013	N	oracle_03500	3500
0000000000000000100002220000000022	N	oracle_03501	3501
0000000000000000100003000030000022	N	oracle_03502	3502
0000000000000000100003000300000022	N	oracle_03503	3503
0000000000000000100003003000000022	N	oracle_03504	3504
0000000000000000100003030000000022	N	oracle_03505	3505
0000000000000000100011003000000023	N	oracle_03506	3506
0000000000000000100020000020000033	N	oracle_03507	3507
0000000000000000100020000020000222	N	oracle_03508	3508
0000000000000000100020000200000033	N	oracle_03509	3509
0000000000000000100020000200000222	N	oracle_03510	3510
0000000000000000100020000220000022	N	oracle_03511	3511
0000000000000000100020002000000033	N	oracle_03512	3512
0000000000000000100020002000000222	N	oracle_03513	3513
0000000000000000100020002020000022	N	oracle_03514	3514
0000000000000000100020002200000022	N	oracle_03515	3515
0000000000000000100020003000000023	N	oracle_03516	3516
0000000000000000100020012000000023	N	oracle_03517	3517
0000000000000000100020020020000022	N	oracle_03518	3518
0000000000000000100020020200000022	N	oracle_03519	3519
0000000000000000100020200020000022	N	oracle_03520	3520
0000000000000000100020200200000022	N	oracle_03521	3521
0000000000000000100020202000000022	N	oracle_03522	3522
0000000000000000100021003000000013	N	oracle_03523	3523
0000000000000000100021003000000022	N	oracle_03524	3524
0000000000000000100022000200000022	N	oracle_03525	3525
0000000000000000100030000030000022	N	oracle_03526	3526
0000000000000000100030000300000022	N	oracle_03527	3527
0000000000000000100030003000000022	N	oracle_03528	3528
0000000000000000100200000020000033	N	oracle_03529	3529
0000000000000000100200000020000222	N	oracle_03530	3530
0000000000000000100200000200000033	N	oracle_03531	3531
0000000000000000100200000200000222	N	oracle_03532	3532
0000000000000000100200000220000022	N	oracle_03533	3533
0000000000000000100200002020000022	N	oracle_03534	3534
0000000000000000100200002200000022	N	oracle_03535	3535
0000000000000000100200020020000022	N	oracle_03536	3536
0000000000000000100200020200000022	N	oracle_03537	3537
0000000000000000100200200020000022	N	oracle_03538	3538
0000000000000000100200200200000022	N	oracle_03539	3539
0000000000000000100202000020000022	N	oracle_03540	3540
0000000000000000100220000020000022	N	oracle_03541	3541
0000000000000000100300000030000022	N	oracle_03542	3542
0000000000000000100300000300000022	N	oracle_03543	3543
0000000000000000101200000020000023	N	oracle_03544	3544
0000000000000000102000000020000033	N	oracle_03545	3545
0000000000000000102000000020000222	N	oracle_03546	3546
0000000000000000102000000120000023	N	oracle_03547	3547
0000000000000000102000002020000022	N	oracle_03548	3548
0000000000000000102000020020000022	N	oracle_03549	3549
0000000000000000102000200020000022	N	oracle_03550	3550
0000000000000000103000000030000022	N	oracle_03551	3551
0000000000000000120000000200000033	N	oracle_03552	3552
0000000000000000120000000200000222	N	oracle_03553	3553
0000000000000000120000000220000022	N	oracle_03554	3554
0000000000000000120000002000000033	N	oracle_03555	3555
0000000000000000120000002000000222	N	oracle_03556	3556
0000000000000000120000002020000022	N	oracle_03557	3557
0000000000000000120000002200000022	N	oracle_03558	3558
0000000000000000120000020000000033	N	oracle_03559	3559
0000000000000000120000020000000222	N	oracle_03560	3560
0000000000000000120000020020000022	N	oracle_03561	3561
0000000000000000120000020200000022	N	oracle_03562	3562
0000000000000000120000022000000022	N	oracle_03563	3563
0000000000000000120000200000000033	N	oracle_03564	3564
0000000000000000120000200000000222	N	oracle_03565	3565
0000000000000000120000200020000022	N	oracle_03566	3566
0000000000000000120000200200000022	N	oracle_03567	3567
0000000000000000120000202000000022	N	oracle_03568	3568
0000000000000000120000220000000022	N	oracle_03569	3569
0000000000000000120002000020000022	N	oracle_03570	3570
0000000000000000120002000200000022	N	oracle_03571	3571
0000000000000000120002002000000022	N	oracle_03572	3572
0000000000000000120002020000000022	N	oracle_03573	3573
0000000000000000120020000020000022	N	oracle_03574	3574
0000000000000000120020000200000022	N	oracle_03575	3575
0000000000000000120020002000000022	N	oracle_03576	3576
0000000000000000120200000020000022	N	oracle_03577	3577
0000000000000000120200000200000022	N	oracle_03578	3578
0000000000000000122000000020000022	N	oracle_03579	3579
0000000000000000130000000300000022	N	oracle_03580	3580
0000000000000000130000003000000022	N	oracle_03581	3581
0000000000000000130000030000000022	N	oracle_03582	3582
0000000000000000130000300000000022	N	oracle_03583	3583
0000000000000000200000000200000034	N	oracle_03584	3584
0000000000000000200000000200000133	N	oracle_03585	3585
0000000000000000200000000200000223	N	oracle_03586	3586
0000000000000000200000000200001222	N	oracle_03587	3587
0000000000000000200000000210000033	N	oracle_03588	3588
0000000000000000200000000210000222	N	oracle_03589	3589
0000000000000000200000000220000023	N	oracle_03590	3590
0000000000000000200000000220000122	N	oracle_03591	3591
0000000000000000200000000230000022	N	oracle_03592	3592
0000000000000000200000000300000033	N	oracle_03593	3593
0000000000000000200000000300000222	N	oracle_03594	3594
0000000000000000200000000320000022	N	oracle_03595	3595
0000000000000000200000001000000044	N	oracle_03596	3596
0000000000000000200000001000000224	N	oracle_03597	3597
0000000000000000200000001020000033	N	oracle_03598	3598
0000000000000000200000001020000222	N	oracle_03599	3599
0000000000000000200000001200000033	N	oracle_03600	3600
0000000000000000200000001200000222	N	oracle_03601	3601
0000000000000000200000001220000022	N	oracle_03602	3602
0000000000000000200000002000000034	N	oracle_03603	3603
0000000000000000200000002000000133	N	oracle_03604	3604
0000000000000000200000002000000223	N	oracle_03605	3605
0000000000000000200000002000001222	N	oracle_03606	3606
0000000000000000200000002010000033	N	oracle_03607	3607
0000000000000000200000002010000222	N	oracle_03608	3608
0000000000000000200000002020000023	N	oracle_03609	3609
0000000000000000200000002020000122	N	oracle_03610	3610
0000000000000000200000002030000022	N	oracle_03611	3611
0000000000000000200000002100000033	N	oracle_03612	3612
0000000000000000200000002100000222	N	oracle_03613	3613
0000000000000000200000002120000022	N	oracle_03614	3614
0000000000000000200000002200000023	N	oracle_03615	3615
0000000000000000200000002200000122	N	oracle_03616	3616
0000000000000000200000002210000022	N	oracle_03617	3617
0000000000000000200000002300000022	N	oracle_03618	3618
0000000000000000200000003000000033	N	oracle_03619	3619
0000000000000000200000003000000222	N	oracle_03620	3620
0000000000000000200000003020000022	N	oracle_03621	3621
0000000000000000200000003200000022	N	oracle_03622	3622
0000000000000000200000010000000044	N	oracle_03623	3623
0000000000000000200000010000000224	N	oracle_03624	3624
0000000000000000200000010020000033	N	oracle_03625	3625
0000000000000000200000010020000222	N	oracle_03626	3626
0000000000000000200000010200000033	N	oracle_03627	3627
0000000000000000200000010200000222	N	oracle_03628	3628
0000000000000000200000010220000022	N	oracle_03629	3629
0000000000000000200000012000000033	N	oracle_03630	3630
0000000000000000200000012000000222	N	oracle_03631	3631
0000000000000000200000012020000022	N	oracle_03632	3632
0000000000000000200000012200000022	N	oracle_03633	3633
0000000000000000200000020000000034	N	oracle_03634	3634
0000000000000000200000020000000133	N	oracle_03635	3635
0000000000000000200000020000000223	N	oracle_03636	3636
0000000000000000200000020000001222	N	oracle_03637	3637
0000000000000000200000020010000033	N	oracle_03638	3638
0000000000000000200000020010000222	N	oracle_03639	3639
0000000000000000200000020020000023	N	oracle_03640	3640
0000000000000000200000020020000122	N	oracle_03641	3641
0000000000000000200000020030000022	N	oracle_03642	3642
0000000000000000200000020100000033	N	oracle_03643	3643
0000000000000000200000020100000222	N	oracle_03644	3644
0000000000000000200000020120000022	N	oracle_03645	3645
0000000000000000200000020200000023	N	oracle_03646	3646
0000000000000000200000020200000122	N	oracle_03647	3647
0000000000000000200000020210000022	N	oracle_03648	3648
0000000000000000200000020300000022	N	oracle_03649	3649
0000000000000000200000021000000033	N	oracle_03650	3650
0000000000000000200000021000000222	N	oracle_03651	3651
0000000000000000200000021020000022	N	oracle_03652	3652
0000000000000000200000021200000022	N	oracle_03653	3653
0000000000000000200000022000000023	N	oracle_03654	3654
0000000000000000200000022000000122	N	oracle_03655	3655
0000000000000000200000022010000022	N	oracle_03656	3656
0000000000000000200000022100000022	N	oracle_03657	3657
0000000000000000200000023000000022	N	oracle_03658	3658
0000000000000000200000030000000033	N	oracle_03659	3659
0000000000000000200000030000000222	N	oracle_03660	3660
0000000000000000200000030020000022	N	oracle_03661	3661
0000000000000000200000030200000022	N	oracle_03662	3662
0000000000000000200000032000000022	N	oracle_03663	3663
0000000000000000200000033000000012	N	oracle_03664	3664
0000000000000000200000040000000023	N	oracle_03665	3665
0000000000000000200000100000000044	N	oracle_03666	3666
0000000000000000200000100000000224	N	oracle_03667	3667
0000000000000000200000100020000033	N	oracle_03668	3668
0000000000000000200000100020000222	N	oracle_03669	3669
0000000000000000200000100200000033	N	oracle_03670	3670
0000000000000000200000100200000222	N	oracle_03671	3671
0000000000000000200000100220000022	N	oracle_03672	3672
0000000000000000200000101020000023	N	oracle_03673	3673
0000000000000000200000102000000033	N	oracle_03674	3674
0000000000000000200000102000000222	N	oracle_03675	3675
0000000000000000200000102010000023	N	oracle_03676	3676
0000000000000000200000102020000013	N	oracle_03677	3677
0000000000000000200000102020000022	N	oracle_03678	3678
0000000000000000200000102200000022	N	oracle_03679	3679
0000000000000000200000110000000223	N	oracle_03680	3680
0000000000000000200000112000000023	N	oracle_03681	3681
0000000000000000200000120000000024	N	oracle_03682	3682
0000000000000000200000120000000033	N	oracle_03683	3683
0000000000000000200000120000000222	N	oracle_03684	3684
0000000000000000200000120020000022	N	oracle_03685	3685
0000000000000000200000120200000022	N	oracle_03686	3686
0000000000000000200000121000000023	N	oracle_03687	3687
0000000000000000200000122000000022	N	oracle_03688	3688
0000000000000000200000130000000023	N	oracle_03689	3689
0000000000000000200000200000000034	N	oracle_03690	3690
0000000000000000200000200000000133	N	oracle_03691	3691
0000000000000000200000200000000223	N	oracle_03692	3692
0000000000000000200000200000001222	N	oracle_03693	3693
0000000000000000200000200010000033	N	oracle_03694	3694
0000000000000000200000200010000222	N	oracle_03695	3695
0000000000000000200000200020000023	N	oracle_03696	3696
0000000000000000200000200020000122	N	oracle_03697	3697
0000000000000000200000200030000022	N	oracle_03698	3698
0000000000000000200000200100000033	N	oracle_03699	3699
0000000000000000200000200100000222	N	oracle_03700	3700
0000000000000000200000200120000022	N	oracle_03701	3701
0000000000000000200000200200000023	N	oracle_03702	3702
0000000000000000200000200200000122	N	oracle_03703	3703
0000000000000000200000200210000022	N	oracle_03704	3704
0000000000000000200000200300000022	N	oracle_03705	3705
0000000000000000200000201000000033	N	oracle_03706	3706
0000000000000000200000201000000222	N	oracle_03707	3707
0000000000000000200000201010000023	N	oracle_03708	3708
0000000000000000200000201020000022	N	oracle_03709	3709
0000000000000000200000201200000022	N	oracle_03710	3710
0000000000000000200000202000000023	N	oracle_03711	3711
0000000000000000200000202000000122	N	oracle_03712	3712
0000000000000000200000202010000013	N	oracle_03713	3713
0000000000000000200000202010000022	N	oracle_03714	3714
0000000000000000200000202100000022	N	oracle_03715	3715
0000000000000000200000203000000022	N	oracle_03716	3716
0000000000000000200000210000000024	N	oracle_03717	3717
0000000000000000200000210000000033	N	oracle_03718	3718
0000000000000000200000210000000123	N	oracle_03719	3719
0000000000000000200000210000000222	N	oracle_03720	3720
0000000000000000200000210020000022	N	oracle_03721	3721
0000000000000000200000210200000022	N	oracle_03722	3722
0000000000000000200000211000000023	N	oracle_03723	3723
0000000000000000200000212000000013	N	oracle_03724	3724
0000000000000000200000212000000022	N	oracle_03725	3725
0000000000000000200000220000000014	N	oracle_03726	3726
0000000000000000200000220000000023	N	oracle_03727	3727
0000000000000000200000300000000033	N	oracle_03728	3728
0000000000000000200000300000000222	N	oracle_03729	3729
0000000000000000200000300020000022	N	oracle_03730	3730
0000000000000000200000300200000022	N	oracle_03731	3731
0000000000000000200000302000000022	N	oracle_03732	3732
0000000000000000200000303000000012	N	oracle_03733	3733
0000000000000000200000310000000023	N	oracle_03734	3734
0000000000000000200000400000000023	N	oracle_03735	3735
0000000000000000200001000020000033	N	oracle_03736	3736
0000000000000000200001000020000222	N	oracle_03737	3737
0000000000000000200001000200000033	N	oracle_03738	3738
0000000000000000200001000200000222	N	oracle_03739	3739
0000000000000000200001000220000022	N	oracle_03740	3740
0000000000000000200001002000000033	N	oracle_03741	3741
0000000000000000200001002000000222	N	oracle_03742	3742
0000000000000000200001002020000022	N	oracle_03743	3743
0000000000000000200001002200000022	N	oracle_03744	3744
0000000000000000200001020000000033	N	oracle_03745	3745
0000000000000000200001020000000222	N	oracle_03746	3746
0000000000000000200001020020000022	N	oracle_03747	3747
0000000000000000200001020200000022	N	oracle_03748	3748
0000000000000000200001022000000022	N	oracle_03749	3749
0000000000000000200001200010000023	N	oracle_03750	3750
0000000000000000200001200020000022	N	oracle_03751	3751
0000000000000000200001200200000022	N	oracle_03752	3752
0000000000000000200001202000000022	N	oracle_03753	3753
0000000000000000200001220000000022	N	oracle_03754	3754
0000000000000000200002000010000033	N	oracle_03755	3755
0000000000000000200002000010000222	N	oracle_03756	3756
0000000000000000200002000020000023	N	oracle_03757	3757
0000000000000000200002000020000122	N	oracle_03758	3758
0000000000000000200002000030000022	N	oracle_03759	3759
0000000000000000200002000100000033	N	oracle_03760	3760
0000000000000000200002000100000222	N	oracle_03761	3761
0000000000000000200002000120000022	N	oracle_03762	3762
0000000000000000200002000200000023	N	oracle_03763	3763
0000000000000000200002000200000122	N	oracle_03764	3764
0000000000000000200002000210000022	N	oracle_03765	3765
0000000000000000200002000300000022	N	oracle_03766	3766
0000000000000000200002001000000033	N	oracle_03767	3767
0000000000000000200002001000000222	N	oracle_03768	3768
0000000000000000200002001020000022	N	oracle_03769	3769
0000000000000000200002001200000022	N	oracle_03770	3770
0000000000000000200002002000000023	N	oracle_03771	3771
0000000000000000200002002000000122	N	oracle_03772	3772
0000000000000000200002002010000022	N	oracle_03773	3773
0000000000000000200002002100000022	N	oracle_03774	3774
0000000000000000200002003000000022	N	oracle_03775	3775
0000000000000000200002010020000022	N	oracle_03776	3776
0000000000000000200002010200000022	N	oracle_03777	3777
0000000000000000200002012000000022	N	oracle_03778	3778
0000000000000000200002020000000023	N	oracle_03779	3779
0000000000000000200002020000000122	N	oracle_03780	3780
0000000000000000200002020010000022	N	oracle_03781	3781
0000000000000000200002020100000022	N	oracle_03782	3782
0000000000000000200002021000000022	N	oracle_03783	3783
0000000000000000200002030000000022	N	oracle_03784	3784
0000000000000000200002100010000023	N	oracle_03785	3785
0000000000000000200002100020000022	N	oracle_03786	3786
0000000000000000200002100200000022	N	oracle_03787	3787
0000000000000000200002102000000022	N	oracle_03788	3788
0000000000000000200002120000000022	N	oracle_03789	3789
0000000000000000200002200010000013	N	oracle_03790	3790
0000000000000000200002200010000022	N	oracle_03791	3791
0000000000000000200003000020000022	N	oracle_03792	3792
0000000000000000200003000200000022	N	oracle_03793	3793
0000000000000000200003002000000022	N	oracle_03794	3794
0000000000000000200010000020000033	N	oracle_03795	3795
0000000000000000200010000020000222	N	oracle_03796	3796
0000000000000000200010000200000033	N	oracle_03797	3797
0000000000000000200010000200000222	N	oracle_03798	3798
0000000000000000200010000220000022	N	oracle_03799	3799
0000000000000000200010002000000033	N	oracle_03800	3800
0000000000000000200010002000000222	N	oracle_03801	3801
0000000000000000200010002020000022	N	oracle_03802	3802
0000000000000000200010002200000022	N	oracle_03803	3803
0000000000000000200010012000000023	N	oracle_03804	3804
0000000000000000200010020020000022	N	oracle_03805	3805
0000000000000000200010020200000022	N	oracle_03806	3806
0000000000000000200010022000000022	N	oracle_03807	3807
0000000000000000200010200020000022	N	oracle_03808	3808
0000000000000000200010200200000022	N	oracle_03809	3809
0000000000000000200010202000000022	N	oracle_03810	3810
0000000000000000200011002000000023	N	oracle_03811	3811
0000000000000000200012000020000022	N	oracle_03812	3812
0000000000000000200012000200000022	N	oracle_03813	3813
0000000000000000200012002000000022	N	oracle_03814	3814
0000000000000000200020000010000033	N	oracle_03815	3815
0000000000000000200020000010000222	N	oracle_03816	3816
0000000000000000200020000020000023	N	oracle_03817	3817
0000000000000000200020000020000122	N	oracle_03818	3818
0000000000000000200020000030000022	N	oracle_03819	3819
0000000000000000200020000100000033	N	oracle_03820	3820
0000000000000000200020000100000222	N	oracle_03821	3821
0000000000000000200020000120000022	N	oracle_03822	3822
0000000000000000200020000200000023	N	oracle_03823	3823
0000000000000000200020000200000122	N	oracle_03824	3824
0000000000000000200020000210000022	N	oracle_03825	3825
0000000000000000200020000300000022	N	oracle_03826	3826
0000000000000000200020001020000022	N	oracle_03827	3827
0000000000000000200020001200000022	N	oracle_03828	3828
0000000000000000200020002000000023	N	oracle_03829	3829
0000000000000000200020002000000122	N	oracle_03830	3830
0000000000000000200020002010000022	N	oracle_03831	3831
0000000000000000200020002100000022	N	oracle_03832	3832
0000000000000000200020003000000022	N	oracle_03833	3833
0000000000000000200020010020000022	N	oracle_03834	3834
0000000000000000200020010200000022	N	oracle_03835	3835
0000000000000000200020012000000013	N	oracle_03836	3836
0000000000000000200020012000000022	N	oracle_03837	3837
0000000000000000200020020010000022	N	oracle_03838	3838
0000000000000000200020020100000022	N	oracle_03839	3839
0000000000000000200020100020000022	N	oracle_03840	3840
0000000000000000200020100200000022	N	oracle_03841	3841
0000000000000000200020102000000022	N	oracle_03842	3842
0000000000000000200020200010000022	N	oracle_03843	3843
0000000000000000200020200100000022	N	oracle_03844	3844
0000000000000000200021000020000022	N	oracle_03845	3845
0000000000000000200021000200000022	N	oracle_03846	3846
0000000000000000200022000010000022	N	oracle_03847	3847
0000000000000000200022000100000022	N	oracle_03848	3848
0000000000000000200030000020000022	N	oracle_03849	3849
0000000000000000200030000200000022	N	oracle_03850	3850
0000000000000000200100000020000033	N	oracle_03851	3851
0000000000000000200100000020000222	N	oracle_03852	3852
0000000000000000200100000200000033	N	oracle_03853	3853
0000000000000000200100000200000222	N	oracle_03854	3854
0000000000000000200100000220000022	N	oracle_03855	3855
0000000000000000200100002020000022	N	oracle_03856	3856
0000000000000000200100002200000022	N	oracle_03857	3857
0000000000000000200100020020000022	N	oracle_03858	3858
0000000000000000200100020200000022	N	oracle_03859	3859
0000000000000000200100200020000022	N	oracle_03860	3860
0000000000000000200100200200000022	N	oracle_03861	3861
0000000000000000200102000020000022	N	oracle_03862	3862
0000000000000000200102000200000022	N	oracle_03863	3863
0000000000000000200120000020000022	N	oracle_03864	3864
0000000000000000200120000200000022	N	oracle_03865	3865
0000000000000000200200000010000033	N	oracle_03866	3866
0000000000000000200200000010000222	N	oracle_03867	3867
0000000000000000200200000020000023	N	oracle_03868	3868
0000000000000000200200000020000122	N	oracle_03869	3869
0000000000000000200200000030000022	N	oracle_03870	3870
0000000000000000200200000120000022	N	oracle_03871	3871
0000000000000000200200000200000023	N	oracle_03872	3872
0000000000000000200200000200000122	N	oracle_03873	3873
0000000000000000200200000210000022	N	oracle_03874	3874
0000000000000000200200000300000022	N	oracle_03875	3875
0000000000000000200200001020000022	N	oracle_03876	3876
0000000000000000200200001200000022	N	oracle_03877	3877
0000000000000000200200002010000022	N	oracle_03878	3878
0000000000000000200200010020000022	N	oracle_03879	3879
0000000000000000200200010200000022	N	oracle_03880	3880
0000000000000000200200020010000022	N	oracle_03881	3881
0000000000000000200200100020000022	N	oracle_03882	3882
0000000000000000200200100200000022	N	oracle_03883	3883
0000000000000000200200200010000022	N	oracle_03884	3884
0000000000000000200201000020000022	N	oracle_03885	3885
0000000000000000200202000010000022	N	oracle_03886	3886
0000000000000000200210000020000022	N	oracle_03887	3887
0000000000000000200220000010000022	N	oracle_03888	3888
0000000000000000200300000020000022	N	oracle_03889	3889
0000000000000000201000000020000033	N	oracle_03890	3890
0000000000000000201000000020000222	N	oracle_03891	3891
0000000000000000201000000120000023	N	oracle_03892	3892
0000000000000000201000000210000023	N	oracle_03893	3893
0000000000000000201000000220000022	N	oracle_03894	3894
0000000000000000201000002020000022	N	oracle_03895	3895
0000000000000000201000020020000022	N	oracle_03896	3896
0000000000000000201000200020000022	N	oracle_03897	3897
0000000000000000201002000020000022	N	oracle_03898	3898
0000000000000000201020000020000022	N	oracle_03899	3899
0000000000000000201100000020000023	N	oracle_03900	3900
0000000000000000201200000020000013	N	oracle_03901	3901
0000000000000000201200000020000022	N	oracle_03902	3902
0000000000000000202000000020000023	N	oracle_03903	3903
0000000000000000202000000020000122	N	oracle_03904	3904
0000000000000000202000000030000022	N	oracle_03905	3905
0000000000000000202000000120000013	N	oracle_03906	3906
0000000000000000202000000120000022	N	oracle_03907	3907
0000000000000000202000001020000022	N	oracle_03908	3908
0000000000000000202000010020000022	N	oracle_03909	3909
0000000000000000202000100020000022	N	oracle_03910	3910
0000000000000000210000000220000022	N	oracle_03911	3911
0000000000000000210000002000000033	N	oracle_03912	3912
0000000000000000210000002000000222	N	oracle_03913	3913
0000000000000000210000002020000022	N	oracle_03914	3914
0000000000000000210000002200000022	N	oracle_03915	3915
0000000000000000210000020000000033	N	oracle_03916	3916
0000000000000000210000020000000222	N	oracle_03917	3917
0000000000000000210000020020000022	N	oracle_03918	3918
0000000000000000210000020200000022	N	oracle_03919	3919
0000000000000000210000022000000022	N	oracle_03920	3920
0000000000000000210000200000000033	N	oracle_03921	3921
0000000000000000210000200000000222	N	oracle_03922	3922
0000000000000000210000200020000022	N	oracle_03923	3923
0000000000000000210000200200000022	N	oracle_03924	3924
0000000000000000210000202000000022	N	oracle_03925	3925
0000000000000000210002000020000022	N	oracle_03926	3926
0000000000000000210002000200000022	N	oracle_03927	3927
0000000000000000210002002000000022	N	oracle_03928	3928
0000000000000000210002020000000022	N	oracle_03929	3929
0000000000000000210020000020000022	N	oracle_03930	3930
0000000000000000210020000200000022	N	oracle_03931	3931
0000000000000000210020002000000022	N	oracle_03932	3932
0000000000000000210200000020000022	N	oracle_03933	3933
0000000000000000210200000200000022	N	oracle_03934	3934
0000000000000000212000000020000022	N	oracle_03935	3935
0000000000000000220000000300000022	N	oracle_03936	3936
0000000000000000220000001000000033	N	oracle_03937	3937
0000000000000000220000001000000222	N	oracle_03938	3938
0000000000000000220000001020000022	N	oracle_03939	3939
0000000000000000220000001200000022	N	oracle_03940	3940
0000000000000000220000002000000023	N	oracle_03941	3941
0000000000000000220000002000000122	N	oracle_03942	3942
0000000000000000220000002010000022	N	oracle_03943	3943
0000000000000000220000002100000022	N	oracle_03944	3944
0000000000000000220000003000000022	N	oracle_03945	3945
0000000000000000220000010000000033	N	oracle_03946	3946
0000000000000000220000010000000222	N	oracle_03947	3947
0000000000000000220000010020000022	N	oracle_03948	3948
0000000000000000220000010200000022	N	oracle_03949	3949
0000000000000000220000012000000022	N	oracle_03950	3950
0000000000000000220000020000000023	N	oracle_03951	3951
0000000000000000220000020000000122	N	oracle_03952	3952
0000000000000000220000020010000022	N	oracle_03953	3953
0000000000000000220000020100000022	N	oracle_03954	3954
0000000000000000220000021000000022	N	oracle_03955	3955
0000000000000000220000030000000022	N	oracle_03956	3956
0000000000000000220000100000000033	N	oracle_03957	3957
0000000000000000220000100000000222	N	oracle_03958	3958
0000000000000000220000100020000022	N	oracle_03959	3959
0000000000000000220000100200000022	N	oracle_03960	3960
0000000000000000220000102000000022	N	oracle_03961	3961
0000000000000000220000120000000022	N	oracle_03962	3962
0000000000000000220000200000000023	N	oracle_03963	3963
0000000000000000220000200000000122	N	oracle_03964	3964
0000000000000000220000200010000022	N	oracle_03965	3965
0000000000000000220000200100000022	N	oracle_03966	3966
0000000000000000220000201000000022	N	oracle_03967	3967
0000000000000000220000210000000022	N	oracle_03968	3968
0000000000000000220000300000000022	N	oracle_03969	3969
0000000000000000220001000020000022	N	oracle_03970	3970
0000000000000000220001000200000022	N	oracle_03971	3971
0000000000000000220001002000000022	N	oracle_03972	3972
0000000000000000220001020000000022	N	oracle_03973	3973
0000000000000000220002000010000022	N	oracle_03974	3974
0000000000000000220002000100000022	N	oracle_03975	3975
0000000000000000220002001000000022	N	oracle_03976	3976
0000000000000000220010000020000022	N	oracle_03977	3977
0000000000000000220010000200000022	N	oracle_03978	3978
0000000000000000220010002000000022	N	oracle_03979	3979
0000000000000000220020000010000022	N	oracle_03980	3980
0000000000000000220020000100000022	N	oracle_03981	3981
0000000000000000220100000020000022	N	oracle_03982	3982
0000000000000000220100000200000022	N	oracle_03983	3983
0000000000000000220200000010000022	N	oracle_03984	3984
0000000000000000221000000020000022	N	oracle_03985	3985
0000000000000000230000002000000022	N	oracle_03986	3986
0000000000000000230000020000000022	N	oracle_03987	3987
0000000000000000230000200000000022	N	oracle_03988	3988
0000000000000000300000000300000023	N	oracle_03989	3989
0000000000000000300000000300000122	N	oracle_03990	3990
0000000000000000300000000310000022	N	oracle_03991	3991
0000000000000000300000000400000022	N	oracle_03992	3992
0000000000000000300000001030000022	N	oracle_03993	3993
0000000000000000300000001300000022	N	oracle_03994	3994
0000000000000000300000002000000033	N	oracle_03995	3995
0000000000000000300000002000000222	N	oracle_03996	3996
0000000000000000300000002020000022	N	oracle_03997	3997
0000000000000000300000002200000022	N	oracle_03998	3998
0000000000000000300000003000000023	N	oracle_03999	3999
0000000000000000300000003000000122	N	oracle_04000	4000
0000000000000000300000003010000022	N	oracle_04001	4001
0000000000000000300000003100000022	N	oracle_04002	4002
0000000000000000300000004000000022	N	oracle_04003	4003
0000000000000000300000010030000022	N	oracle_04004	4004
0000000000000000300000010300000022	N	oracle_04005	4005
0000000000000000300000013000000022	N	oracle_04006	4006
0000000000000000300000020000000033	N	oracle_04007	4007
0000000000000000300000020000000222	N	oracle_04008	4008
0000000000000000300000020020000022	N	oracle_04009	4009
0000000000000000300000020200000022	N	oracle_04010	4010
0000000000000000300000021000000023	N	oracle_04011	4011
0000000000000000300000022000000022	N	oracle_04012	4012
0000000000000000300000030000000023	N	oracle_04013	4013
0000000000000000300000030000000122	N	oracle_04014	4014
0000000000000000300000030010000022	N	oracle_04015	4015
0000000000000000300000030100000022	N	oracle_04016	4016
0000000000000000300000031000000022	N	oracle_04017	4017
0000000000000000300000040000000013	N	oracle_04018	4018
0000000000000000300000040000000022	N	oracle_04019	4019
0000000000000000300000100030000022	N	oracle_04020	4020
0000000000000000300000100300000022	N	oracle_04021	4021
0000000000000000300000103000000022	N	oracle_04022	4022
0000000000000000300000111000000023	N	oracle_04023	4023
0000000000000000300000120000000023	N	oracle_04024	4024
0000000000000000300000121000000013	N	oracle_04025	4025
0000000000000000300000121000000022	N	oracle_04026	4026
0000000000000000300000130000000013	N	oracle_04027	4027
0000000000000000300000130000000022	N	oracle_04028	4028
0000000000000000300000200000000033	N	oracle_04029	4029
0000000000000000300000200000000222	N	oracle_04030	4030
0000000000000000300000200020000022	N	oracle_04031	4031
0000000000000000300000200200000022	N	oracle_04032	4032
0000000000000000300000202000000022	N	oracle_04033	4033
0000000000000000300000210000000023	N	oracle_04034	4034
0000000000000000300000220000000022	N	oracle_04035	4035
0000000000000000300000300000000023	N	oracle_04036	4036
0000000000000000300000300000000122	N	oracle_04037	4037
0000000000000000300000300010000022	N	oracle_04038	4038
0000000000000000300000300100000022	N	oracle_04039	4039
0000000000000000300000301000000022	N	oracle_04040	4040
0000000000000000300000310000000013	N	oracle_04041	4041
0000000000000000300000310000000022	N	oracle_04042	4042
0000000000000000300000400000000013	N	oracle_04043	4043
0000000000000000300000400000000022	N	oracle_04044	4044
0000000000000000300001000030000022	N	oracle_04045	4045
0000000000000000300001000300000022	N	oracle_04046	4046
0000000000000000300001003000000022	N	oracle_04047	4047
0000000000000000300001030000000022	N	oracle_04048	4048
0000000000000000300001120000000022	N	oracle_04049	4049
0000000000000000300001210000000022	N	oracle_04050	4050
0000000000000000300001220000000012	N	oracle_04051	4051
0000000000000000300002000020000022	N	oracle_04052	4052
0000000000000000300002000200000022	N	oracle_04053	4053
0000000000000000300002002000000022	N	oracle_04054	4054
0000000000000000300002020000000022	N	oracle_04055	4055
0000000000000000300003000010000022	N	oracle_04056	4056
0000000000000000300003000100000022	N	oracle_04057	4057
0000000000000000300003001000000022	N	oracle_04058	4058
0000000000000000300010000030000022	N	oracle_04059	4059
0000000000000000300010000300000022	N	oracle_04060	4060
0000000000000000300010003000000022	N	oracle_04061	4061
0000000000000000300020000020000022	N	oracle_04062	4062
0000000000000000300020000200000022	N	oracle_04063	4063
0000000000000000300020002000000022	N	oracle_04064	4064
0000000000000000300030000010000022	N	oracle_04065	4065
0000000000000000300030000100000022	N	oracle_04066	4066
0000000000000000300100000030000022	N	oracle_04067	4067
0000000000000000300100000300000022	N	oracle_04068	4068
0000000000000000300200000020000022	N	oracle_04069	4069
0000000000000000300200000200000022	N	oracle_04070	4070
0000000000000000300300000010000022	N	oracle_04071	4071
0000000000000000301000000030000022	N	oracle_04072	4072
0000000000000000302000000020000022	N	oracle_04073	4073
0000000000000000310000003000000022	N	oracle_04074	4074
0000000000000000310000030000000022	N	oracle_04075	4075
0000000000000000310000300000000022	N	oracle_04076	4076
0000000000000000320000002000000022	N	oracle_04077	4077
0000000000000000320000020000000022	N	oracle_04078	4078
0000000000000000320000200000000022	N	oracle_04079	4079
0000000000000000330000001000000022	N	oracle_04080	4080
0000000000000000330000010000000022	N	oracle_04081	4081
0000000000000000330000100000000022	N	oracle_04082	4082
0000000000000000400000003000000022	N	oracle_04083	4083
0000000000000000400000030000000022	N	oracle_04084	4084
0000000000000000400000300000000022	N	oracle_04085	4085
0000000000000001000000002000000044	N	oracle_04086	4086
0000000000000001000000002000000224	N	oracle_04087	4087
0000000000000001000000002020000033	N	oracle_04088	4088
0000000000000001000000002020000222	N	oracle_04089	4089
0000000000000001000000002200000033	N	oracle_04090	4090
0000000000000001000000002200000222	N	oracle_04091	4091
0000000000000001000000003030000022	N	oracle_04092	4092
0000000000000001000000003300000022	N	oracle_04093	4093
0000000000000001000000012200000023	N	oracle_04094	4094
0000000000000001000000020000000044	N	oracle_04095	4095
0000000000000001000000020000000224	N	oracle_04096	4096
0000000000000001000000020020000033	N	oracle_04097	4097
0000000000000001000000020020000222	N	oracle_04098	4098
0000000000000001000000020200000033	N	oracle_04099	4099
0000000000000001000000020200000222	N	oracle_04100	4100
0000000000000001000000020220000022	N	oracle_04101	4101
0000000000000001000000021200000023	N	oracle_04102	4102
0000000000000001000000022000000033	N	oracle_04103	4103
0000000000000001000000022000000222	N	oracle_04104	4104
0000000000000001000000022020000022	N	oracle_04105	4105
0000000000000001000000022100000023	N	oracle_04106	4106
0000000000000001000000022200000013	N	oracle_04107	4107
0000000000000001000000022200000022	N	oracle_04108	4108
0000000000000001000000030030000022	N	oracle_04109	4109
0000000000000001000000030300000022	N	oracle_04110	4110
0000000000000001000000033000000022	N	oracle_04111	4111
0000000000000001000000120000000223	N	oracle_04112	4112
0000000000000001000000120200000023	N	oracle_04113	4113
0000000000000001000000122000000023	N	oracle_04114	4114
0000000000000001000000200000000044	N	oracle_04115	4115
0000000000000001000000200000000224	N	oracle_04116	4116
0000000000000001000000200020000033	N	oracle_04117	4117
0000000000000001000000200020000222	N	oracle_04118	4118
0000000000000001000000200200000033	N	oracle_04119	4119
0000000000000001000000200200000222	N	oracle_04120	4120
0000000000000001000000200220000022	N	oracle_04121	4121
0000000000000001000000202000000033	N	oracle_04122	4122
0000000000000001000000202000000222	N	oracle_04123	4123
0000000000000001000000202200000022	N	oracle_04124	4124
0000000000000001000000210000000223	N	oracle_04125	4125
0000000000000001000000210200000023	N	oracle_04126	4126
0000000000000001000000212000000023	N	oracle_04127	4127
0000000000000001000000220000000024	N	oracle_04128	4128
0000000000000001000000220000000033	N	oracle_04129	4129
0000000000000001000000220000000123	N	oracle_04130	4130
0000000000000001000000220000000222	N	oracle_04131	4131
0000000000000001000000220010000023	N	oracle_04132	4132
0000000000000001000000220100000023	N	oracle_04133	4133
0000000000000001000000220200000022	N	oracle_04134	4134
0000000000000001000000221000000023	N	oracle_04135	4135
0000000000000001000000222000000013	N	oracle_04136	4136
0000000000000001000000222000000022	N	oracle_04137	4137
0000000000000001000000230000000023	N	oracle_04138	4138
0000000000000001000000300030000022	N	oracle_04139	4139
0000000000000001000000300300000022	N	oracle_04140	4140
0000000000000001000000303000000022	N	oracle_04141	4141
0000000000000001000000320000000023	N	oracle_04142	4142
0000000000000001000000330000000013	N	oracle_04143	4143
0000000000000001000000330000000022	N	oracle_04144	4144
0000000000000001000001200020000023	N	oracle_04145	4145
0000000000000001000001200200000023	N	oracle_04146	4146
0000000000000001000001202000000023	N	oracle_04147	4147
0000000000000001000001220000000023	N	oracle_04148	4148
0000000000000001000002000020000033	N	oracle_04149	4149
0000000000000001000002000020000222	N	oracle_04150	4150
0000000000000001000002000200000033	N	oracle_04151	4151
0000000000000001000002000200000222	N	oracle_04152	4152
0000000000000001000002000220000022	N	oracle_04153	4153
0000000000000001000002002000000033	N	oracle_04154	4154
0000000000000001000002002000000222	N	oracle_04155	4155
0000000000000001000002002020000022	N	oracle_04156	4156
0000000000000001000002002200000022	N	oracle_04157	4157
0000000000000001000002020000000033	N	oracle_04158	4158
0000000000000001000002020000000222	N	oracle_04159	4159
0000000000000001000002020020000022	N	oracle_04160	4160
0000000000000001000002020200000022	N	oracle_04161	4161
0000000000000001000002022000000022	N	oracle_04162	4162
0000000000000001000002100200000023	N	oracle_04163	4163
0000000000000001000002120000000023	N	oracle_04164	4164
0000000000000001000002200010000023	N	oracle_04165	4165
0000000000000001000002220000000013	N	oracle_04166	4166
0000000000000001000002220000000022	N	oracle_04167	4167
0000000000000001000003000030000022	N	oracle_04168	4168
0000000000000001000003000300000022	N	oracle_04169	4169
0000000000000001000003003000000022	N	oracle_04170	4170
0000000000000001000003030000000022	N	oracle_04171	4171
0000000000000001000011003000000023	N	oracle_04172	4172
0000000000000001000020000020000033	N	oracle_04173	4173
0000000000000001000020000020000222	N	oracle_04174	4174
0000000000000001000020000200000033	N	oracle_04175	4175
0000000000000001000020000200000222	N	oracle_04176	4176
0000000000000001000020000220000022	N	oracle_04177	4177
0000000000000001000020002000000033	N	oracle_04178	4178
0000000000000001000020002000000222	N	oracle_04179	4179
0000000000000001000020002020000022	N	oracle_04180	4180
0000000000000001000020002200000022	N	oracle_04181	4181
0000000000000001000020003000000023	N	oracle_04182	4182
0000000000000001000020012000000023	N	oracle_04183	4183
0000000000000001000020020020000022	N	oracle_04184	4184
0000000000000001000020020200000022	N	oracle_04185	4185
0000000000000001000020200020000022	N	oracle_04186	4186
0000000000000001000020200200000022	N	oracle_04187	4187
0000000000000001000020202000000022	N	oracle_04188	4188
0000000000000001000021003000000013	N	oracle_04189	4189
0000000000000001000021003000000022	N	oracle_04190	4190
0000000000000001000022000200000022	N	oracle_04191	4191
0000000000000001000030000030000022	N	oracle_04192	4192
0000000000000001000030000300000022	N	oracle_04193	4193
0000000000000001000030003000000022	N	oracle_04194	4194
0000000000000001000200000020000033	N	oracle_04195	4195
0000000000000001000200000020000222	N	oracle_04196	4196
0000000000000001000200000200000033	N	oracle_04197	4197
0000000000000001000200000200000222	N	oracle_04198	4198
0000000000000001000200000220000022	N	oracle_04199	4199
0000000000000001000200002020000022	N	oracle_04200	4200
0000000000000001000200002200000022	N	oracle_04201	4201
0000000000000001000200020020000022	N	oracle_04202	4202
0000000000000001000200020200000022	N	oracle_04203	4203
0000000000000001000200200020000022	N	oracle_04204	4204
0000000000000001000200200200000022	N	oracle_04205	4205
0000000000000001000202000020000022	N	oracle_04206	4206
0000000000000001000220000020000022	N	oracle_04207	4207
0000000000000001000300000030000022	N	oracle_04208	4208
0000000000000001000300000300000022	N	oracle_04209	4209
0000000000000001001200000020000023	N	oracle_04210	4210
0000000000000001002000000020000033	N	oracle_04211	4211
0000000000000001002000000020000222	N	oracle_04212	4212
0000000000000001002000000120000023	N	oracle_04213	4213
0000000000000001002000002020000022	N	oracle_04214	4214
0000000000000001002000020020000022	N	oracle_04215	4215
0000000000000001002000200020000022	N	oracle_04216	4216
0000000000000001003000000030000022	N	oracle_04217	4217
0000000000000001020000002000000033	N	oracle_04218	4218
0000000000000001020000002000000222	N	oracle_04219	4219
0000000000000001020000002020000022	N	oracle_04220	4220
0000000000000001020000002200000022	N	oracle_04221	4221
0000000000000001020000020000000033	N	oracle_04222	4222
0000000000000001020000020000000222	N	oracle_04223	4223
0000000000000001020000020020000022	N	oracle_04224	4224
0000000000000001020000020200000022	N	oracle_04225	4225
0000000000000001020000022000000022	N	oracle_04226	4226
0000000000000001020000200000000033	N	oracle_04227	4227
0000000000000001020000200000000222	N	oracle_04228	4228
0000000000000001020000200020000022	N	oracle_04229	4229
0000000000000001020000200200000022	N	oracle_04230	4230
0000000000000001020000202000000022	N	oracle_04231	4231
0000000000000001020000210000000023	N	oracle_04232	4232
0000000000000001020000220000000022	N	oracle_04233	4233
0000000000000001020002000020000022	N	oracle_04234	4234
0000000000000001020002000200000022	N	oracle_04235	4235
0000000000000001020002002000000022	N	oracle_04236	4236
0000000000000001020002020000000022	N	oracle_04237	4237
0000000000000001020020000020000022	N	oracle_04238	4238
0000000000000001020020000200000022	N	oracle_04239	4239
0000000000000001020020002000000022	N	oracle_04240	4240
0000000000000001020200000020000022	N	oracle_04241	4241
0000000000000001020200000200000022	N	oracle_04242	4242
0000000000000001022000000020000022	N	oracle_04243	4243
0000000000000001030000003000000022	N	oracle_04244	4244
0000000000000001030000030000000022	N	oracle_04245	4245
0000000000000001030000300000000022	N	oracle_04246	4246
0000000000000001200000002000000033	N	oracle_04247	4247
0000000000000001200000002000000222	N	oracle_04248	4248
0000000000000001200000002020000022	N	oracle_04249	4249
0000000000000001200000002200000022	N	oracle_04250	4250
0000000000000001200000020000000033	N	oracle_04251	4251
0000000000000001200000020000000222	N	oracle_04252	4252
0000000000000001200000020020000022	N	oracle_04253	4253
0000000000000001200000020200000022	N	oracle_04254	4254
0000000000000001200000022000000022	N	oracle_04255	4255
0000000000000001200000200000000033	N	oracle_04256	4256
0000000000000001200000200000000222	N	oracle_04257	4257
0000000000000001200000200020000022	N	oracle_04258	4258
0000000000000001200000200200000022	N	oracle_04259	4259
0000000000000001200000202000000022	N	oracle_04260	4260
0000000000000001200002000020000022	N	oracle_04261	4261
0000000000000001200002000200000022	N	oracle_04262	4262
0000000000000001200002002000000022	N	oracle_04263	4263
0000000000000001200002020000000022	N	oracle_04264	4264
0000000000000001200020000020000022	N	oracle_04265	4265
0000000000000001200020000200000022	N	oracle_04266	4266
0000000000000001200020002000000022	N	oracle_04267	4267
0000000000000001200200000020000022	N	oracle_04268	4268
0000000000000001200200000200000022	N	oracle_04269	4269
0000000000000001202000000020000022	N	oracle_04270	4270
0000000000000001220000002000000022	N	oracle_04271	4271
0000000000000001220000020000000022	N	oracle_04272	4272
0000000000000001220000200000000022	N	oracle_04273	4273
0000000000000001300000003000000022	N	oracle_04274	4274
0000000000000001300000030000000022	N	oracle_04275	4275
0000000000000001300000300000000022	N	oracle_04276	4276
0000000000000002000000002000000034	N	oracle_04277	4277
0000000000000002000000002000000133	N	oracle_04278	4278
0000000000000002000000002000000223	N	oracle_04279	4279
0000000000000002000000002000001222	N	oracle_04280	4280
0000000000000002000000002010000033	N	oracle_04281	4281
0000000000000002000000002010000222	N	oracle_04282	4282
0000000000000002000000002020000023	N	oracle_04283	4283
0000000000000002000000002020000122	N	oracle_04284	4284
0000000000000002000000002030000022	N	oracle_04285	4285
0000000000000002000000002100000033	N	oracle_04286	4286
0000000000000002000000002100000222	N	oracle_04287	4287
0000000000000002000000002120000022	N	oracle_04288	4288
0000000000000002000000002200000023	N	oracle_04289	4289
0000000000000002000000002200000122	N	oracle_04290	4290
0000000000000002000000002210000022	N	oracle_04291	4291
0000000000000002000000002300000022	N	oracle_04292	4292
0000000000000002000000003000000033	N	oracle_04293	4293
0000000000000002000000003000000222	N	oracle_04294	4294
0000000000000002000000003020000022	N	oracle_04295	4295
0000000000000002000000003200000022	N	oracle_04296	4296
0000000000000002000000010000000044	N	oracle_04297	4297
0000000000000002000000010000000224	N	oracle_04298	4298
0000000000000002000000010020000033	N	oracle_04299	4299
0000000000000002000000010020000222	N	oracle_04300	4300
0000000000000002000000010200000033	N	oracle_04301	4301
0000000000000002000000010200000222	N	oracle_04302	4302
0000000000000002000000010220000022	N	oracle_04303	4303
0000000000000002000000012000000033	N	oracle_04304	4304
0000000000000002000000012000000222	N	oracle_04305	4305
0000000000000002000000012020000022	N	oracle_04306	4306
0000000000000002000000012200000022	N	oracle_04307	4307
0000000000000002000000020000000034	N	oracle_04308	4308
0000000000000002000000020000000133	N	oracle_04309	4309
0000000000000002000000020000000223	N	oracle_04310	4310
0000000000000002000000020000001222	N	oracle_04311	4311
0000000000000002000000020010000033	N	oracle_04312	4312
0000000000000002000000020010000222	N	oracle_04313	4313
0000000000000002000000020020000023	N	oracle_04314	4314
0000000000000002000000020020000122	N	oracle_04315	4315
0000000000000002000000020030000022	N	oracle_04316	4316
0000000000000002000000020100000033	N	oracle_04317	4317
0000000000000002000000020100000222	N	oracle_04318	4318
0000000000000002000000020120000022	N	oracle_04319	4319
0000000000000002000000020200000023	N	oracle_04320	4320
0000000000000002000000020200000122	N	oracle_04321	4321
0000000000000002000000020210000022	N	oracle_04322	4322
0000000000000002000000020300000022	N	oracle_04323	4323
0000000000000002000000021000000033	N	oracle_04324	4324
0000000000000002000000021000000222	N	oracle_04325	4325
0000000000000002000000021020000022	N	oracle_04326	4326
0000000000000002000000021200000022	N	oracle_04327	4327
0000000000000002000000022000000023	N	oracle_04328	4328
0000000000000002000000022000000122	N	oracle_04329	4329
0000000000000002000000022010000022	N	oracle_04330	4330
0000000000000002000000022100000022	N	oracle_04331	4331
0000000000000002000000023000000022	N	oracle_04332	4332
0000000000000002000000030000000033	N	oracle_04333	4333
0000000000000002000000030000000222	N	oracle_04334	4334
0000000000000002000000030020000022	N	oracle_04335	4335
0000000000000002000000030200000022	N	oracle_04336	4336
0000000000000002000000032000000022	N	oracle_04337	4337
0000000000000002000000033000000012	N	oracle_04338	4338
0000000000000002000000040000000023	N	oracle_04339	4339
0000000000000002000000100000000044	N	oracle_04340	4340
0000000000000002000000100000000224	N	oracle_04341	4341
0000000000000002000000100020000033	N	oracle_04342	4342
0000000000000002000000100020000222	N	oracle_04343	4343
0000000000000002000000100200000033	N	oracle_04344	4344
0000000000000002000000100200000222	N	oracle_04345	4345
0000000000000002000000100220000022	N	oracle_04346	4346
0000000000000002000000102000000033	N	oracle_04347	4347
0000000000000002000000102000000222	N	oracle_04348	4348
0000000000000002000000102020000022	N	oracle_04349	4349
0000000000000002000000102200000022	N	oracle_04350	4350
0000000000000002000000110000000223	N	oracle_04351	4351
0000000000000002000000110200000023	N	oracle_04352	4352
0000000000000002000000120000000024	N	oracle_04353	4353
0000000000000002000000120000000033	N	oracle_04354	4354
0000000000000002000000120000000123	N	oracle_04355	4355
0000000000000002000000120000000222	N	oracle_04356	4356
0000000000000002000000120010000023	N	oracle_04357	4357
0000000000000002000000120020000022	N	oracle_04358	4358
0000000000000002000000120100000023	N	oracle_04359	4359
0000000000000002000000120200000013	N	oracle_04360	4360
0000000000000002000000120200000022	N	oracle_04361	4361
0000000000000002000000122000000022	N	oracle_04362	4362
0000000000000002000000130000000023	N	oracle_04363	4363
0000000000000002000000200000000034	N	oracle_04364	4364
0000000000000002000000200000000133	N	oracle_04365	4365
0000000000000002000000200000000223	N	oracle_04366	4366
0000000000000002000000200000001222	N	oracle_04367	4367
0000000000000002000000200010000033	N	oracle_04368	4368
0000000000000002000000200010000222	N	oracle_04369	4369
0000000000000002000000200020000023	N	oracle_04370	4370
0000000000000002000000200020000122	N	oracle_04371	4371
0000000000000002000000200030000022	N	oracle_04372	4372
0000000000000002000000200100000033	N	oracle_04373	4373
0000000000000002000000200100000222	N	oracle_04374	4374
0000000000000002000000200120000022	N	oracle_04375	4375
0000000000000002000000200200000023	N	oracle_04376	4376
0000000000000002000000200200000122	N	oracle_04377	4377
0000000000000002000000200210000022	N	oracle_04378	4378
0000000000000002000000200300000022	N	oracle_04379	4379
0000000000000002000000201000000033	N	oracle_04380	4380
0000000000000002000000201000000222	N	oracle_04381	4381
0000000000000002000000201020000022	N	oracle_04382	4382
0000000000000002000000201200000022	N	oracle_04383	4383
0000000000000002000000202000000023	N	oracle_04384	4384
0000000000000002000000202000000122	N	oracle_04385	4385
0000000000000002000000202010000022	N	oracle_04386	4386
0000000000000002000000202100000022	N	oracle_04387	4387
0000000000000002000000203000000022	N	oracle_04388	4388
0000000000000002000000210000000024	N	oracle_04389	4389
0000000000000002000000210000000033	N	oracle_04390	4390
0000000000000002000000210000000123	N	oracle_04391	4391
0000000000000002000000210000000222	N	oracle_04392	4392
0000000000000002000000210010000023	N	oracle_04393	4393
0000000000000002000000210020000022	N	oracle_04394	4394
0000000000000002000000210100000023	N	oracle_04395	4395
0000000000000002000000210200000013	N	oracle_04396	4396
0000000000000002000000210200000022	N	oracle_04397	4397
0000000000000002000000212000000022	N	oracle_04398	4398
0000000000000002000000220000000014	N	oracle_04399	4399
0000000000000002000000220000000023	N	oracle_04400	4400
0000000000000002000000220000000113	N	oracle_04401	4401
0000000000000002000000220000000122	N	oracle_04402	4402
0000000000000002000000220010000013	N	oracle_04403	4403
0000000000000002000000220010000022	N	oracle_04404	4404
0000000000000002000000220100000013	N	oracle_04405	4405
0000000000000002000000220100000022	N	oracle_04406	4406
0000000000000002000000300000000033	N	oracle_04407	4407
0000000000000002000000300000000222	N	oracle_04408	4408
0000000000000002000000300020000022	N	oracle_04409	4409
0000000000000002000000300200000022	N	oracle_04410	4410
0000000000000002000000302000000022	N	oracle_04411	4411
0000000000000002000000303000000012	N	oracle_04412	4412
0000000000000002000000310000000023	N	oracle_04413	4413
0000000000000002000000400000000023	N	oracle_04414	4414
0000000000000002000001000020000033	N	oracle_04415	4415
0000000000000002000001000020000222	N	oracle_04416	4416
0000000000000002000001000200000033	N	oracle_04417	4417
0000000000000002000001000200000222	N	oracle_04418	4418
0000000000000002000001000220000022	N	oracle_04419	4419
0000000000000002000001002000000033	N	oracle_04420	4420
0000000000000002000001002000000222	N	oracle_04421	4421
0000000000000002000001002020000022	N	oracle_04422	4422
0000000000000002000001002200000022	N	oracle_04423	4423
0000000000000002000001020000000033	N	oracle_04424	4424
0000000000000002000001020000000222	N	oracle_04425	4425
0000000000000002000001020020000022	N	oracle_04426	4426
0000000000000002000001020200000022	N	oracle_04427	4427
0000000000000002000001022000000022	N	oracle_04428	4428
0000000000000002000001100020000023	N	oracle_04429	4429
0000000000000002000001100200000023	N	oracle_04430	4430
0000000000000002000001200010000023	N	oracle_04431	4431
0000000000000002000001200020000013	N	oracle_04432	4432
0000000000000002000001200020000022	N	oracle_04433	4433
0000000000000002000001200100000023	N	oracle_04434	4434
0000000000000002000001200200000013	N	oracle_04435	4435
0000000000000002000001200200000022	N	oracle_04436	4436
0000000000000002000001202000000022	N	oracle_04437	4437
0000000000000002000002000010000033	N	oracle_04438	4438
0000000000000002000002000010000222	N	oracle_04439	4439
0000000000000002000002000020000023	N	oracle_04440	4440
0000000000000002000002000020000122	N	oracle_04441	4441
0000000000000002000002000030000022	N	oracle_04442	4442
0000000000000002000002000100000033	N	oracle_04443	4443
0000000000000002000002000100000222	N	oracle_04444	4444
0000000000000002000002000120000022	N	oracle_04445	4445
0000000000000002000002000200000023	N	oracle_04446	4446
0000000000000002000002000200000122	N	oracle_04447	4447
0000000000000002000002000210000022	N	oracle_04448	4448
0000000000000002000002000300000022	N	oracle_04449	4449
0000000000000002000002001000000033	N	oracle_04450	4450
0000000000000002000002001000000222	N	oracle_04451	4451
0000000000000002000002001020000022	N	oracle_04452	4452
0000000000000002000002001200000022	N	oracle_04453	4453
0000000000000002000002002000000023	N	oracle_04454	4454
0000000000000002000002002000000122	N	oracle_04455	4455
0000000000000002000002002010000022	N	oracle_04456	4456
0000000000000002000002002100000022	N	oracle_04457	4457
0000000000000002000002003000000022	N	oracle_04458	4458
0000000000000002000002010020000022	N	oracle_04459	4459
0000000000000002000002010200000022	N	oracle_04460	4460
0000000000000002000002012000000022	N	oracle_04461	4461
0000000000000002000002020000000023	N	oracle_04462	4462
0000000000000002000002020000000122	N	oracle_04463	4463
0000000000000002000002020010000022	N	oracle_04464	4464
0000000000000002000002020100000022	N	oracle_04465	4465
0000000000000002000002021000000022	N	oracle_04466	4466
0000000000000002000002030000000022	N	oracle_04467	4467
0000000000000002000002100010000023	N	oracle_04468	4468
0000000000000002000002100020000022	N	oracle_04469	4469
0000000000000002000002100100000023	N	oracle_04470	4470
0000000000000002000002100200000013	N	oracle_04471	4471
0000000000000002000002100200000022	N	oracle_04472	4472
0000000000000002000002102000000022	N	oracle_04473	4473
0000000000000002000002120000000022	N	oracle_04474	4474
0000000000000002000002200010000013	N	oracle_04475	4475
0000000000000002000002200010000022	N	oracle_04476	4476
0000000000000002000003000020000022	N	oracle_04477	4477
0000000000000002000003000200000022	N	oracle_04478	4478
0000000000000002000003002000000022	N	oracle_04479	4479
0000000000000002000010000020000033	N	oracle_04480	4480
0000000000000002000010000020000222	N	oracle_04481	4481
0000000000000002000010000200000033	N	oracle_04482	4482
0000000000000002000010000200000222	N	oracle_04483	4483
0000000000000002000010000220000022	N	oracle_04484	4484
0000000000000002000010002000000033	N	oracle_04485	4485
0000000000000002000010002000000222	N	oracle_04486	4486
0000000000000002000010002020000022	N	oracle_04487	4487
0000000000000002000010002200000022	N	oracle_04488	4488
0000000000000002000010012000000023	N	oracle_04489	4489
0000000000000002000010020020000022	N	oracle_04490	4490
0000000000000002000010020200000022	N	oracle_04491	4491
0000000000000002000010022000000022	N	oracle_04492	4492
0000000000000002000010200020000022	N	oracle_04493	4493
0000000000000002000010200200000022	N	oracle_04494	4494
0000000000000002000010202000000022	N	oracle_04495	4495
0000000000000002000011002000000023	N	oracle_04496	4496
0000000000000002000012000020000022	N	oracle_04497	4497
0000000000000002000012000200000022	N	oracle_04498	4498
0000000000000002000012002000000022	N	oracle_04499	4499
0000000000000002000020000010000033	N	oracle_04500	4500
0000000000000002000020000010000222	N	oracle_04501	4501
0000000000000002000020000020000023	N	oracle_04502	4502
0000000000000002000020000020000122	N	oracle_04503	4503
0000000000000002000020000030000022	N	oracle_04504	4504
0000000000000002000020000100000033	N	oracle_04505	4505
0000000000000002000020000100000222	N	oracle_04506	4506
0000000000000002000020000120000022	N	oracle_04507	4507
0000000000000002000020000200000023	N	oracle_04508	4508
0000000000000002000020000200000122	N	oracle_04509	4509
0000000000000002000020000210000022	N	oracle_04510	4510
0000000000000002000020000300000022	N	oracle_04511	4511
0000000000000002000020001020000022	N	oracle_04512	4512
0000000000000002000020001200000022	N	oracle_04513	4513
0000000000000002000020002000000023	N	oracle_04514	4514
0000000000000002000020002000000122	N	oracle_04515	4515
0000000000000002000020002010000022	N	oracle_04516	4516
0000000000000002000020002100000022	N	oracle_04517	4517
0000000000000002000020003000000022	N	oracle_04518	4518
0000000000000002000020010020000022	N	oracle_04519	4519
0000000000000002000020010200000022	N	oracle_04520	4520
0000000000000002000020012000000013	N	oracle_04521	4521
0000000000000002000020012000000022	N	oracle_04522	4522
0000000000000002000020020010000022	N	oracle_04523	4523
0000000000000002000020020100000022	N	oracle_04524	4524
0000000000000002000020100020000022	N	oracle_04525	4525
0000000000000002000020100200000022	N	oracle_04526	4526
0000000000000002000020102000000022	N	oracle_04527	4527
0000000000000002000020200010000022	N	oracle_04528	4528
0000000000000002000020200100000022	N	oracle_04529	4529
0000000000000002000021000020000022	N	oracle_04530	4530
0000000000000002000021000200000022	N	oracle_04531	4531
0000000000000002000022000010000022	N	oracle_04532	4532
0000000000000002000022000100000022	N	oracle_04533	4533
0000000000000002000030000020000022	N	oracle_04534	4534
0000000000000002000030000200000022	N	oracle_04535	4535
0000000000000002000100000020000033	N	oracle_04536	4536
0000000000000002000100000020000222	N	oracle_04537	4537
0000000000000002000100000200000033	N	oracle_04538	4538
0000000000000002000100000200000222	N	oracle_04539	4539
0000000000000002000100000220000022	N	oracle_04540	4540
0000000000000002000100002020000022	N	oracle_04541	4541
0000000000000002000100002200000022	N	oracle_04542	4542
0000000000000002000100020020000022	N	oracle_04543	4543
0000000000000002000100020200000022	N	oracle_04544	4544
0000000000000002000100200020000022	N	oracle_04545	4545
0000000000000002000100200200000022	N	oracle_04546	4546
0000000000000002000102000020000022	N	oracle_04547	4547
0000000000000002000102000200000022	N	oracle_04548	4548
0000000000000002000120000020000022	N	oracle_04549	4549
0000000000000002000120000200000022	N	oracle_04550	4550
0000000000000002000200000010000033	N	oracle_04551	4551
0000000000000002000200000010000222	N	oracle_04552	4552
0000000000000002000200000020000023	N	oracle_04553	4553
0000000000000002000200000020000122	N	oracle_04554	4554
0000000000000002000200000030000022	N	oracle_04555	4555
0000000000000002000200000120000022	N	oracle_04556	4556
0000000000000002000200000200000023	N	oracle_04557	4557
0000000000000002000200000200000122	N	oracle_04558	4558
0000000000000002000200000210000022	N	oracle_04559	4559
0000000000000002000200000300000022	N	oracle_04560	4560
0000000000000002000200001020000022	N	oracle_04561	4561
0000000000000002000200001200000022	N	oracle_04562	4562
0000000000000002000200002010000022	N	oracle_04563	4563
0000000000000002000200010020000022	N	oracle_04564	4564
0000000000000002000200010200000022	N	oracle_04565	4565
0000000000000002000200020010000022	N	oracle_04566	4566
0000000000000002000200100020000022	N	oracle_04567	4567
0000000000000002000200100200000022	N	oracle_04568	4568
0000000000000002000200200010000022	N	oracle_04569	4569
0000000000000002000201000020000022	N	oracle_04570	4570
0000000000000002000202000010000022	N	oracle_04571	4571
0000000000000002000210000020000022	N	oracle_04572	4572
0000000000000002000220000010000022	N	oracle_04573	4573
0000000000000002000300000020000022	N	oracle_04574	4574
0000000000000002001000000020000033	N	oracle_04575	4575
0000000000000002001000000020000222	N	oracle_04576	4576
0000000000000002001000000120000023	N	oracle_04577	4577
0000000000000002001000000210000023	N	oracle_04578	4578
0000000000000002001000000220000022	N	oracle_04579	4579
0000000000000002001000002020000022	N	oracle_04580	4580
0000000000000002001000020020000022	N	oracle_04581	4581
0000000000000002001000200020000022	N	oracle_04582	4582
0000000000000002001002000020000022	N	oracle_04583	4583
0000000000000002001020000020000022	N	oracle_04584	4584
0000000000000002001100000020000023	N	oracle_04585	4585
0000000000000002001200000020000013	N	oracle_04586	4586
0000000000000002001200000020000022	N	oracle_04587	4587
0000000000000002002000000020000023	N	oracle_04588	4588
0000000000000002002000000020000122	N	oracle_04589	4589
0000000000000002002000000030000022	N	oracle_04590	4590
0000000000000002002000000120000013	N	oracle_04591	4591
0000000000000002002000000120000022	N	oracle_04592	4592
0000000000000002002000001020000022	N	oracle_04593	4593
0000000000000002002000010020000022	N	oracle_04594	4594
0000000000000002002000100020000022	N	oracle_04595	4595
0000000000000002010000002020000022	N	oracle_04596	4596
0000000000000002010000002200000022	N	oracle_04597	4597
0000000000000002010000020000000033	N	oracle_04598	4598
0000000000000002010000020000000222	N	oracle_04599	4599
0000000000000002010000020020000022	N	oracle_04600	4600
0000000000000002010000020200000022	N	oracle_04601	4601
0000000000000002010000022000000022	N	oracle_04602	4602
0000000000000002010000200000000033	N	oracle_04603	4603
0000000000000002010000200000000222	N	oracle_04604	4604
0000000000000002010000200020000022	N	oracle_04605	4605
0000000000000002010000200200000022	N	oracle_04606	4606
0000000000000002010000202000000022	N	oracle_04607	4607
0000000000000002010000210000000023	N	oracle_04608	4608
0000000000000002010002000020000022	N	oracle_04609	4609
0000000000000002010002000200000022	N	oracle_04610	4610
0000000000000002010002002000000022	N	oracle_04611	4611
0000000000000002010002020000000022	N	oracle_04612	4612
0000000000000002010020000020000022	N	oracle_04613	4613
0000000000000002010020000200000022	N	oracle_04614	4614
0000000000000002010020002000000022	N	oracle_04615	4615
0000000000000002010200000020000022	N	oracle_04616	4616
0000000000000002010200000200000022	N	oracle_04617	4617
0000000000000002012000000020000022	N	oracle_04618	4618
0000000000000002020000002100000022	N	oracle_04619	4619
0000000000000002020000003000000022	N	oracle_04620	4620
0000000000000002020000010000000033	N	oracle_04621	4621
0000000000000002020000010000000222	N	oracle_04622	4622
0000000000000002020000010020000022	N	oracle_04623	4623
0000000000000002020000010200000022	N	oracle_04624	4624
0000000000000002020000012000000022	N	oracle_04625	4625
0000000000000002020000020000000023	N	oracle_04626	4626
0000000000000002020000020000000122	N	oracle_04627	4627
0000000000000002020000020010000022	N	oracle_04628	4628
0000000000000002020000020100000022	N	oracle_04629	4629
0000000000000002020000021000000022	N	oracle_04630	4630
0000000000000002020000030000000022	N	oracle_04631	4631
0000000000000002020000100000000033	N	oracle_04632	4632
0000000000000002020000100000000222	N	oracle_04633	4633
0000000000000002020000100020000022	N	oracle_04634	4634
0000000000000002020000100200000022	N	oracle_04635	4635
0000000000000002020000102000000022	N	oracle_04636	4636
0000000000000002020000110000000023	N	oracle_04637	4637
0000000000000002020000120000000022	N	oracle_04638	4638
0000000000000002020000200000000023	N	oracle_04639	4639
0000000000000002020000200000000122	N	oracle_04640	4640
0000000000000002020000200010000022	N	oracle_04641	4641
0000000000000002020000200100000022	N	oracle_04642	4642
0000000000000002020000201000000022	N	oracle_04643	4643
0000000000000002020000210000000013	N	oracle_04644	4644
0000000000000002020000210000000022	N	oracle_04645	4645
0000000000000002020000300000000022	N	oracle_04646	4646
0000000000000002020001000020000022	N	oracle_04647	4647
0000000000000002020001000200000022	N	oracle_04648	4648
0000000000000002020001002000000022	N	oracle_04649	4649
0000000000000002020001020000000022	N	oracle_04650	4650
0000000000000002020002000010000022	N	oracle_04651	4651
0000000000000002020002000100000022	N	oracle_04652	4652
0000000000000002020002001000000022	N	oracle_04653	4653
0000000000000002020010000020000022	N	oracle_04654	4654
0000000000000002020010000200000022	N	oracle_04655	4655
0000000000000002020010002000000022	N	oracle_04656	4656
0000000000000002020020000010000022	N	oracle_04657	4657
0000000000000002020020000100000022	N	oracle_04658	4658
0000000000000002020100000020000022	N	oracle_04659	4659
0000000000000002020100000200000022	N	oracle_04660	4660
0000000000000002020200000010000022	N	oracle_04661	4661
0000000000000002021000000020000022	N	oracle_04662	4662
0000000000000002030000020000000022	N	oracle_04663	4663
0000000000000002030000200000000022	N	oracle_04664	4664
0000000000000002100000002200000022	N	oracle_04665	4665
0000000000000002100000020000000033	N	oracle_04666	4666
0000000000000002100000020000000222	N	oracle_04667	4667
0000000000000002100000020020000022	N	oracle_04668	4668
0000000000000002100000020200000022	N	oracle_04669	4669
0000000000000002100000022000000022	N	oracle_04670	4670
0000000000000002100000200000000033	N	oracle_04671	4671
0000000000000002100000200000000222	N	oracle_04672	4672
0000000000000002100000200020000022	N	oracle_04673	4673
0000000000000002100000200200000022	N	oracle_04674	4674
0000000000000002100000202000000022	N	oracle_04675	4675
0000000000000002100002000020000022	N	oracle_04676	4676
0000000000000002100002000200000022	N	oracle_04677	4677
0000000000000002100002002000000022	N	oracle_04678	4678
0000000000000002100002020000000022	N	oracle_04679	4679
0000000000000002100020000020000022	N	oracle_04680	4680
0000000000000002100020000200000022	N	oracle_04681	4681
0000000000000002100020002000000022	N	oracle_04682	4682
0000000000000002100200000020000022	N	oracle_04683	4683
0000000000000002100200000200000022	N	oracle_04684	4684
0000000000000002102000000020000022	N	oracle_04685	4685
0000000000000002120000020000000022	N	oracle_04686	4686
0000000000000002120000200000000022	N	oracle_04687	4687
0000000000000002200000003000000022	N	oracle_04688	4688
0000000000000002200000010000000033	N	oracle_04689	4689
0000000000000002200000010000000222	N	oracle_04690	4690
0000000000000002200000010020000022	N	oracle_04691	4691
0000000000000002200000010200000022	N	oracle_04692	4692
0000000000000002200000012000000022	N	oracle_04693	4693
0000000000000002200000020000000023	N	oracle_04694	4694
0000000000000002200000020000000122	N	oracle_04695	4695
0000000000000002200000020010000022	N	oracle_04696	4696
0000000000000002200000020100000022	N	oracle_04697	4697
0000000000000002200000021000000022	N	oracle_04698	4698
0000000000000002200000030000000022	N	oracle_04699	4699
0000000000000002200000100000000033	N	oracle_04700	4700
0000000000000002200000100000000222	N	oracle_04701	4701
0000000000000002200000100020000022	N	oracle_04702	4702
0000000000000002200000100200000022	N	oracle_04703	4703
0000000000000002200000102000000022	N	oracle_04704	4704
0000000000000002200000120000000022	N	oracle_04705	4705
0000000000000002200000200000000023	N	oracle_04706	4706
0000000000000002200000200000000122	N	oracle_04707	4707
0000000000000002200000200010000022	N	oracle_04708	4708
0000000000000002200000200100000022	N	oracle_04709	4709
0000000000000002200000201000000022	N	oracle_04710	4710
0000000000000002200000210000000022	N	oracle_04711	4711
0000000000000002200000300000000022	N	oracle_04712	4712
0000000000000002200001000020000022	N	oracle_04713	4713
0000000000000002200001000200000022	N	oracle_04714	4714
0000000000000002200001002000000022	N	oracle_04715	4715
0000000000000002200001020000000022	N	oracle_04716	4716
0000000000000002200002000010000022	N	oracle_04717	4717
0000000000000002200002000100000022	N	oracle_04718	4718
0000000000000002200002001000000022	N	oracle_04719	4719
0000000000000002200010000020000022	N	oracle_04720	4720
0000000000000002200010000200000022	N	oracle_04721	4721
0000000000000002200010002000000022	N	oracle_04722	4722
0000000000000002200020000010000022	N	oracle_04723	4723
0000000000000002200020000100000022	N	oracle_04724	4724
0000000000000002200100000020000022	N	oracle_04725	4725
0000000000000002200100000200000022	N	oracle_04726	4726
0000000000000002200200000010000022	N	oracle_04727	4727
0000000000000002201000000020000022	N	oracle_04728	4728
0000000000000002210000020000000022	N	oracle_04729	4729
0000000000000002210000200000000022	N	oracle_04730	4730
0000000000000002300000020000000022	N	oracle_04731	4731
0000000000000002300000200000000022	N	oracle_04732	4732
0000000000000003000000003000000023	N	oracle_04733	4733
0000000000000003000000003000000122	N	oracle_04734	4734
0000000000000003000000003010000022	N	oracle_04735	4735
0000000000000003000000003100000022	N	oracle_04736	4736
0000000000000003000000004000000022	N	oracle_04737	4737
0000000000000003000000010030000022	N	oracle_04738	4738
0000000000000003000000010300000022	N	oracle_04739	4739
0000000000000003000000013000000022	N	oracle_04740	4740
0000000000000003000000020000000033	N	oracle_04741	4741
0000000000000003000000020000000222	N	oracle_04742	4742
0000000000000003000000020020000022	N	oracle_04743	4743
0000000000000003000000020200000022	N	oracle_04744	4744
0000000000000003000000022000000022	N	oracle_04745	4745
0000000000000003000000030000000023	N	oracle_04746	4746
0000000000000003000000030000000122	N	oracle_04747	4747
0000000000000003000000030010000022	N	oracle_04748	4748
0000000000000003000000030100000022	N	oracle_04749	4749
0000000000000003000000031000000022	N	oracle_04750	4750
0000000000000003000000040000000013	N	oracle_04751	4751
0000000000000003000000040000000022	N	oracle_04752	4752
0000000000000003000000100030000022	N	oracle_04753	4753
0000000000000003000000100300000022	N	oracle_04754	4754
0000000000000003000000103000000022	N	oracle_04755	4755
0000000000000003000000120000000023	N	oracle_04756	4756
0000000000000003000000130000000013	N	oracle_04757	4757
0000000000000003000000130000000022	N	oracle_04758	4758
0000000000000003000000200000000033	N	oracle_04759	4759
0000000000000003000000200000000222	N	oracle_04760	4760
0000000000000003000000200020000022	N	oracle_04761	4761
0000000000000003000000200200000022	N	oracle_04762	4762
0000000000000003000000202000000022	N	oracle_04763	4763
0000000000000003000000210000000023	N	oracle_04764	4764
0000000000000003000000300000000023	N	oracle_04765	4765
0000000000000003000000300000000122	N	oracle_04766	4766
0000000000000003000000300010000022	N	oracle_04767	4767
0000000000000003000000300100000022	N	oracle_04768	4768
0000000000000003000000301000000022	N	oracle_04769	4769
0000000000000003000000310000000013	N	oracle_04770	4770
0000000000000003000000310000000022	N	oracle_04771	4771
0000000000000003000000400000000013	N	oracle_04772	4772
0000000000000003000000400000000022	N	oracle_04773	4773
0000000000000003000001000030000022	N	oracle_04774	4774
0000000000000003000001000300000022	N	oracle_04775	4775
0000000000000003000001003000000022	N	oracle_04776	4776
0000000000000003000001030000000022	N	oracle_04777	4777
0000000000000003000002000020000022	N	oracle_04778	4778
0000000000000003000002000200000022	N	oracle_04779	4779
0000000000000003000002002000000022	N	oracle_04780	4780
0000000000000003000002020000000022	N	oracle_04781	4781
0000000000000003000003000010000022	N	oracle_04782	4782
0000000000000003000003000100000022	N	oracle_04783	4783
0000000000000003000003001000000022	N	oracle_04784	4784
0000000000000003000010000030000022	N	oracle_04785	4785
0000000000000003000010000300000022	N	oracle_04786	4786
0000000000000003000010003000000022	N	oracle_04787	4787
0000000000000003000020000020000022	N	oracle_04788	4788
0000000000000003000020000200000022	N	oracle_04789	4789
0000000000000003000020002000000022	N	oracle_04790	4790
0000000000000003000030000010000022	N	oracle_04791	4791
0000000000000003000030000100000022	N	oracle_04792	4792
0000000000000003000100000030000022	N	oracle_04793	4793
0000000000000003000100000300000022	N	oracle_04794	4794
0000000000000003000200000020000022	N	oracle_04795	4795
0000000000000003000200000200000022	N	oracle_04796	4796
0000000000000003000300000010000022	N	oracle_04797	4797
0000000000000003001000000030000022	N	oracle_04798	4798
0000000000000003002000000020000022	N	oracle_04799	4799
0000000000000003010000030000000022	N	oracle_04800	4800
0000000000000003010000300000000022	N	oracle_04801	4801
0000000000000003020000020000000022	N	oracle_04802	4802
0000000000000003020000200000000022	N	oracle_04803	4803
0000000000000003030000010000000022	N	oracle_04804	4804
0000000000000003030000100000000022	N	oracle_04805	4805
0000000000000003100000030000000022	N	oracle_04806	4806
0000000000000003100000300000000022	N	oracle_04807	4807
0000000000000003200000020000000022	N	oracle_04808	4808
0000000000000003200000200000000022	N	oracle_04809	4809
0000000000000003300000010000000022	N	oracle_04810	4810
0000000000000003300000100000000022	N	oracle_04811	4811
0000000000000004000000030000000022	N	oracle_04812	4812
0000000000000004000000300000000022	N	oracle_04813	4813
0000000000000010000000020000000044	N	oracle_04814	4814
0000000000000010000000020000000224	N	oracle_04815	4815
0000000000000010000000020020000033	N	oracle_04816	4816
0000000000000010000000020020000222	N	oracle_04817	4817
0000000000000010000000020200000033	N	oracle_04818	4818
0000000000000010000000020200000222	N	oracle_04819	4819
0000000000000010000000020220000022	N	oracle_04820	4820
0000000000000010000000022000000033	N	oracle_04821	4821
0000000000000010000000022000000222	N	oracle_04822	4822
0000000000000010000000022020000022	N	oracle_04823	4823
0000000000000010000000022100000023	N	oracle_04824	4824
0000000000000010000000030030000022	N	oracle_04825	4825
0000000000000010000000030300000022	N	oracle_04826	4826
0000000000000010000000033000000022	N	oracle_04827	4827
0000000000000010000000200000000044	N	oracle_04828	4828
0000000000000010000000200000000224	N	oracle_04829	4829
0000000000000010000000200020000033	N	oracle_04830	4830
0000000000000010000000200020000222	N	oracle_04831	4831
0000000000000010000000200200000033	N	oracle_04832	4832
0000000000000010000000200200000222	N	oracle_04833	4833
0000000000000010000000200220000022	N	oracle_04834	4834
0000000000000010000000202000000033	N	oracle_04835	4835
0000000000000010000000202000000222	N	oracle_04836	4836
0000000000000010000000202200000022	N	oracle_04837	4837
0000000000000010000000220000000033	N	oracle_04838	4838
0000000000000010000000220000000222	N	oracle_04839	4839
0000000000000010000000220200000022	N	oracle_04840	4840
0000000000000010000000222000000022	N	oracle_04841	4841
0000000000000010000000300030000022	N	oracle_04842	4842
0000000000000010000000300300000022	N	oracle_04843	4843
0000000000000010000000303000000022	N	oracle_04844	4844
0000000000000010000000330000000022	N	oracle_04845	4845
0000000000000010000001120000000024	N	oracle_04846	4846
0000000000000010000001200200000023	N	oracle_04847	4847
0000000000000010000001202000000023	N	oracle_04848	4848
0000000000000010000002000020000033	N	oracle_04849	4849
0000000000000010000002000020000222	N	oracle_04850	4850
0000000000000010000002000200000033	N	oracle_04851	4851
0000000000000010000002000200000222	N	oracle_04852	4852
0000000000000010000002000220000022	N	oracle_04853	4853
0000000000000010000002002000000033	N	oracle_04854	4854
0000000000000010000002002000000222	N	oracle_04855	4855
0000000000000010000002002020000022	N	oracle_04856	4856
0000000000000010000002002200000022	N	oracle_04857	4857
0000000000000010000002020000000024	N	oracle_04858	4858
0000000000000010000002020000000033	N	oracle_04859	4859
0000000000000010000002020000000222	N	oracle_04860	4860
0000000000000010000002020020000022	N	oracle_04861	4861
0000000000000010000002020200000022	N	oracle_04862	4862
0000000000000010000002022000000022	N	oracle_04863	4863
0000000000000010000002100200000023	N	oracle_04864	4864
0000000000000010000002102000000023	N	oracle_04865	4865
0000000000000010000002120000000014	N	oracle_04866	4866
0000000000000010000002120000000023	N	oracle_04867	4867
0000000000000010000002200100000023	N	oracle_04868	4868
0000000000000010000002200200000013	N	oracle_04869	4869
0000000000000010000002200200000022	N	oracle_04870	4870
0000000000000010000002201000000023	N	oracle_04871	4871
0000000000000010000002202000000013	N	oracle_04872	4872
0000000000000010000002202000000022	N	oracle_04873	4873
0000000000000010000003000030000022	N	oracle_04874	4874
0000000000000010000003000300000022	N	oracle_04875	4875
0000000000000010000003003000000022	N	oracle_04876	4876
0000000000000010000003030000000022	N	oracle_04877	4877
0000000000000010000010022000000023	N	oracle_04878	4878
0000000000000010000012002000000023	N	oracle_04879	4879
0000000000000010000020000020000033	N	oracle_04880	4880
0000000000000010000020000020000222	N	oracle_04881	4881
0000000000000010000020000200000033	N	oracle_04882	4882
0000000000000010000020000200000222	N	oracle_04883	4883
0000000000000010000020000210000023	N	oracle_04884	4884
0000000000000010000020000220000022	N	oracle_04885	4885
0000000000000010000020002000000033	N	oracle_04886	4886
0000000000000010000020002000000222	N	oracle_04887	4887
0000000000000010000020002020000022	N	oracle_04888	4888
0000000000000010000020002200000022	N	oracle_04889	4889
0000000000000010000020012000000023	N	oracle_04890	4890
0000000000000010000020020020000022	N	oracle_04891	4891
0000000000000010000020020200000022	N	oracle_04892	4892
0000000000000010000020022000000013	N	oracle_04893	4893
0000000000000010000020022000000022	N	oracle_04894	4894
0000000000000010000020200020000022	N	oracle_04895	4895
0000000000000010000020200200000022	N	oracle_04896	4896
0000000000000010000020202000000022	N	oracle_04897	4897
0000000000000010000022000200000022	N	oracle_04898	4898
0000000000000010000030000030000022	N	oracle_04899	4899
0000000000000010000030000300000022	N	oracle_04900	4900
0000000000000010000030003000000022	N	oracle_04901	4901
0000000000000010000200000020000033	N	oracle_04902	4902
0000000000000010000200000020000222	N	oracle_04903	4903
0000000000000010000200000200000033	N	oracle_04904	4904
0000000000000010000200000200000222	N	oracle_04905	4905
0000000000000010000200000220000022	N	oracle_04906	4906
0000000000000010000200002020000022	N	oracle_04907	4907
0000000000000010000200002200000022	N	oracle_04908	4908
0000000000000010000200020020000022	N	oracle_04909	4909
0000000000000010000200020200000022	N	oracle_04910	4910
0000000000000010000200200020000022	N	oracle_04911	4911
0000000000000010000200200200000022	N	oracle_04912	4912
0000000000000010000202000020000022	N	oracle_04913	4913
0000000000000010000220000020000022	N	oracle_04914	4914
0000000000000010000300000030000022	N	oracle_04915	4915
0000000000000010000300000300000022	N	oracle_04916	4916
0000000000000010001000000120000123	N	oracle_04917	4917
0000000000000010001000100120000023	N	oracle_04918	4918
0000000000000010001100000020000123	N	oracle_04919	4919
0000000000000010001100000120000023	N	oracle_04920	4920
0000000000000010001100100020000023	N	oracle_04921	4921
0000000000000010002000000020000033	N	oracle_04922	4922
0000000000000010002000000020000123	N	oracle_04923	4923
0000000000000010002000000020000222	N	oracle_04924	4924
0000000000000010002000000120000023	N	oracle_04925	4925
0000000000000010002000000120000113	N	oracle_04926	4926
0000000000000010002000000120000122	N	oracle_04927	4927
0000000000000010002000002020000022	N	oracle_04928	4928
0000000000000010002000020020000022	N	oracle_04929	4929
0000000000000010002000100020000023	N	oracle_04930	4930
0000000000000010002000100120000013	N	oracle_04931	4931
0000000000000010002000100120000022	N	oracle_04932	4932
0000000000000010002000200020000022	N	oracle_04933	4933
0000000000000010002100000120000013	N	oracle_04934	4934
0000000000000010002100000120000022	N	oracle_04935	4935
0000000000000010003000000030000022	N	oracle_04936	4936
0000000000000010020000020000000033	N	oracle_04937	4937
0000000000000010020000020000000222	N	oracle_04938	4938
0000000000000010020000020020000022	N	oracle_04939	4939
0000000000000010020000020200000022	N	oracle_04940	4940
0000000000000010020000022000000022	N	oracle_04941	4941
0000000000000010020000200000000033	N	oracle_04942	4942
0000000000000010020000200000000222	N	oracle_04943	4943
0000000000000010020000200020000022	N	oracle_04944	4944
0000000000000010020000200200000022	N	oracle_04945	4945
0000000000000010020000202000000022	N	oracle_04946	4946
0000000000000010020000220000000022	N	oracle_04947	4947
0000000000000010020002000020000022	N	oracle_04948	4948
0000000000000010020002000200000022	N	oracle_04949	4949
0000000000000010020002002000000022	N	oracle_04950	4950
0000000000000010020002020000000022	N	oracle_04951	4951
0000000000000010020020000020000022	N	oracle_04952	4952
0000000000000010020020000200000022	N	oracle_04953	4953
0000000000000010020020002000000022	N	oracle_04954	4954
0000000000000010020200000020000022	N	oracle_04955	4955
0000000000000010020200000200000022	N	oracle_04956	4956
0000000000000010022000000020000022	N	oracle_04957	4957
0000000000000010030000030000000022	N	oracle_04958	4958
0000000000000010030000300000000022	N	oracle_04959	4959
0000000000000010200000020000000033	N	oracle_04960	4960
0000000000000010200000020000000222	N	oracle_04961	4961
0000000000000010200000020020000022	N	oracle_04962	4962
0000000000000010200000020200000022	N	oracle_04963	4963
0000000000000010200000022000000022	N	oracle_04964	4964
0000000000000010200000200000000033	N	oracle_04965	4965
0000000000000010200000200000000222	N	oracle_04966	4966
0000000000000010200000200020000022	N	oracle_04967	4967
0000000000000010200000200200000022	N	oracle_04968	4968
0000000000000010200000202000000022	N	oracle_04969	4969
0000000000000010200000210000000023	N	oracle_04970	4970
0000000000000010200002000020000022	N	oracle_04971	4971
0000000000000010200002000200000022	N	oracle_04972	4972
0000000000000010200002002000000022	N	oracle_04973	4973
0000000000000010200002020000000022	N	oracle_04974	4974
0000000000000010200020000020000022	N	oracle_04975	4975
0000000000000010200020000200000022	N	oracle_04976	4976
0000000000000010200020002000000022	N	oracle_04977	4977
0000000000000010200200000020000022	N	oracle_04978	4978
0000000000000010200200000200000022	N	oracle_04979	4979
0000000000000010202000000020000022	N	oracle_04980	4980
0000000000000010220000020000000022	N	oracle_04981	4981
0000000000000010220000200000000022	N	oracle_04982	4982
0000000000000010300000030000000022	N	oracle_04983	4983
0000000000000010300000300000000022	N	oracle_04984	4984
0000000000000012000000020000000033	N	oracle_04985	4985
0000000000000012000000020000000222	N	oracle_04986	4986
0000000000000012000000020020000022	N	oracle_04987	4987
0000000000000012000000020200000022	N	oracle_04988	4988
0000000000000012000000022000000022	N	oracle_04989	4989
0000000000000012000000200000000033	N	oracle_04990	4990
0000000000000012000000200000000222	N	oracle_04991	4991
0000000000000012000000200020000022	N	oracle_04992	4992
0000000000000012000000200200000022	N	oracle_04993	4993
0000000000000012000000202000000022	N	oracle_04994	4994
0000000000000012000000210000000023	N	oracle_04995	4995
0000000000000012000002000020000022	N	oracle_04996	4996
0000000000000012000002000200000022	N	oracle_04997	4997
0000000000000012000002002000000022	N	oracle_04998	4998
0000000000000012000002020000000022	N	oracle_04999	4999
0000000000000012000020000020000022	N	oracle_05000	5000
0000000000000012000020000200000022	N	oracle_05001	5001
0000000000000012000020002000000022	N	oracle_05002	5002
0000000000000012000200000020000022	N	oracle_05003	5003
0000000000000012000200000200000022	N	oracle_05004	5004
0000000000000012002000000020000022	N	oracle_05005	5005
0000000000000012020000020000000022	N	oracle_05006	5006
0000000000000012020000200000000022	N	oracle_05007	5007
0000000000000012100000020000000023	N	oracle_05008	5008
0000000000000012100000200000000023	N	oracle_05009	5009
0000000000000012200000020000000022	N	oracle_05010	5010
0000000000000012200000200000000022	N	oracle_05011	5011
0000000000000013000000030000000022	N	oracle_05012	5012
0000000000000013000000300000000022	N	oracle_05013	5013
0000000000000020000000020000000034	N	oracle_05014	5014
0000000000000020000000020000000133	N	oracle_05015	5015
0000000000000020000000020000000223	N	oracle_05016	5016
0000000000000020000000020000001222	N	oracle_05017	5017
0000000000000020000000020010000033	N	oracle_05018	5018
0000000000000020000000020010000222	N	oracle_05019	5019
0000000000000020000000020020000023	N	oracle_05020	5020
0000000000000020000000020020000122	N	oracle_05021	5021
0000000000000020000000020030000022	N	oracle_05022	5022
0000000000000020000000020100000033	N	oracle_05023	5023
0000000000000020000000020100000222	N	oracle_05024	5024
0000000000000020000000020120000022	N	oracle_05025	5025
0000000000000020000000020200000023	N	oracle_05026	5026
0000000000000020000000020200000122	N	oracle_05027	5027
0000000000000020000000020210000022	N	oracle_05028	5028
0000000000000020000000020300000022	N	oracle_05029	5029
0000000000000020000000021000000033	N	oracle_05030	5030
0000000000000020000000021000000222	N	oracle_05031	5031
0000000000000020000000021020000022	N	oracle_05032	5032
0000000000000020000000021100000023	N	oracle_05033	5033
0000000000000020000000021200000022	N	oracle_05034	5034
0000000000000020000000022000000023	N	oracle_05035	5035
0000000000000020000000022000000122	N	oracle_05036	5036
0000000000000020000000022010000022	N	oracle_05037	5037
0000000000000020000000022100000013	N	oracle_05038	5038
0000000000000020000000022100000022	N	oracle_05039	5039
0000000000000020000000023000000022	N	oracle_05040	5040
0000000000000020000000030000000033	N	oracle_05041	5041
0000000000000020000000030000000222	N	oracle_05042	5042
0000000000000020000000030020000022	N	oracle_05043	5043
0000000000000020000000030200000022	N	oracle_05044	5044
0000000000000020000000032000000022	N	oracle_05045	5045
0000000000000020000000033000000012	N	oracle_05046	5046
0000000000000020000000040000000023	N	oracle_05047	5047
0000000000000020000000100000000044	N	oracle_05048	5048
0000000000000020000000100000000224	N	oracle_05049	5049
0000000000000020000000100020000033	N	oracle_05050	5050
0000000000000020000000100020000222	N	oracle_05051	5051
0000000000000020000000100200000033	N	oracle_05052	5052
0000000000000020000000100200000222	N	oracle_05053	5053
0000000000000020000000100220000022	N	oracle_05054	5054
0000000000000020000000102000000033	N	oracle_05055	5055
0000000000000020000000102000000222	N	oracle_05056	5056
0000000000000020000000102020000022	N	oracle_05057	5057
0000000000000020000000102200000022	N	oracle_05058	5058
0000000000000020000000120000000033	N	oracle_05059	5059
0000000000000020000000120000000222	N	oracle_05060	5060
0000000000000020000000120020000022	N	oracle_05061	5061
0000000000000020000000120200000022	N	oracle_05062	5062
0000000000000020000000122000000022	N	oracle_05063	5063
0000000000000020000000200000000034	N	oracle_05064	5064
0000000000000020000000200000000133	N	oracle_05065	5065
0000000000000020000000200000000223	N	oracle_05066	5066
0000000000000020000000200000001222	N	oracle_05067	5067
0000000000000020000000200010000033	N	oracle_05068	5068
0000000000000020000000200010000222	N	oracle_05069	5069
0000000000000020000000200020000023	N	oracle_05070	5070
0000000000000020000000200020000122	N	oracle_05071	5071
0000000000000020000000200030000022	N	oracle_05072	5072
0000000000000020000000200100000033	N	oracle_05073	5073
0000000000000020000000200100000222	N	oracle_05074	5074
0000000000000020000000200120000022	N	oracle_05075	5075
0000000000000020000000200200000023	N	oracle_05076	5076
0000000000000020000000200200000122	N	oracle_05077	5077
0000000000000020000000200210000022	N	oracle_05078	5078
0000000000000020000000200300000022	N	oracle_05079	5079
0000000000000020000000201000000033	N	oracle_05080	5080
0000000000000020000000201000000222	N	oracle_05081	5081
0000000000000020000000201020000022	N	oracle_05082	5082
0000000000000020000000201200000022	N	oracle_05083	5083
0000000000000020000000202000000023	N	oracle_05084	5084
0000000000000020000000202000000122	N	oracle_05085	5085
0000000000000020000000202010000022	N	oracle_05086	5086
0000000000000020000000202100000022	N	oracle_05087	5087
0000000000000020000000203000000022	N	oracle_05088	5088
0000000000000020000000210000000033	N	oracle_05089	5089
0000000000000020000000210000000222	N	oracle_05090	5090
0000000000000020000000210020000022	N	oracle_05091	5091
0000000000000020000000210200000022	N	oracle_05092	5092
0000000000000020000000212000000022	N	oracle_05093	5093
0000000000000020000000220000000023	N	oracle_05094	5094
0000000000000020000000220000000122	N	oracle_05095	5095
0000000000000020000000220010000022	N	oracle_05096	5096
0000000000000020000000220100000022	N	oracle_05097	5097
0000000000000020000000221000000022	N	oracle_05098	5098
0000000000000020000000230000000022	N	oracle_05099	5099
0000000000000020000000300000000033	N	oracle_05100	5100
0000000000000020000000300000000222	N	oracle_05101	5101
0000000000000020000000300020000022	N	oracle_05102	5102
0000000000000020000000300200000022	N	oracle_05103	5103
0000000000000020000000302000000022	N	oracle_05104	5104
0000000000000020000000303000000012	N	oracle_05105	5105
0000000000000020000000320000000022	N	oracle_05106	5106
0000000000000020000000400000000023	N	oracle_05107	5107
0000000000000020000001000020000033	N	oracle_05108	5108
0000000000000020000001000020000222	N	oracle_05109	5109
0000000000000020000001000200000033	N	oracle_05110	5110
0000000000000020000001000200000222	N	oracle_05111	5111
0000000000000020000001000220000022	N	oracle_05112	5112
0000000000000020000001002000000033	N	oracle_05113	5113
0000000000000020000001002000000222	N	oracle_05114	5114
0000000000000020000001002020000022	N	oracle_05115	5115
0000000000000020000001002200000022	N	oracle_05116	5116
0000000000000020000001020000000033	N	oracle_05117	5117
0000000000000020000001020000000222	N	oracle_05118	5118
0000000000000020000001020020000022	N	oracle_05119	5119
0000000000000020000001020200000022	N	oracle_05120	5120
0000000000000020000001022000000022	N	oracle_05121	5121
0000000000000020000001100200000023	N	oracle_05122	5122
0000000000000020000001102000000023	N	oracle_05123	5123
0000000000000020000001200020000022	N	oracle_05124	5124
0000000000000020000001200100000023	N	oracle_05125	5125
0000000000000020000001200200000013	N	oracle_05126	5126
0000000000000020000001200200000022	N	oracle_05127	5127
0000000000000020000001201000000023	N	oracle_05128	5128
0000000000000020000001202000000013	N	oracle_05129	5129
0000000000000020000001202000000022	N	oracle_05130	5130
0000000000000020000001220000000022	N	oracle_05131	5131
0000000000000020000002000010000033	N	oracle_05132	5132
0000000000000020000002000010000222	N	oracle_05133	5133
0000000000000020000002000020000023	N	oracle_05134	5134
0000000000000020000002000020000122	N	oracle_05135	5135
0000000000000020000002000030000022	N	oracle_05136	5136
0000000000000020000002000100000033	N	oracle_05137	5137
0000000000000020000002000100000222	N	oracle_05138	5138
0000000000000020000002000120000022	N	oracle_05139	5139
0000000000000020000002000200000023	N	oracle_05140	5140
0000000000000020000002000200000122	N	oracle_05141	5141
0000000000000020000002000210000022	N	oracle_05142	5142
0000000000000020000002000300000022	N	oracle_05143	5143
0000000000000020000002001000000033	N	oracle_05144	5144
0000000000000020000002001000000222	N	oracle_05145	5145
0000000000000020000002001020000022	N	oracle_05146	5146
0000000000000020000002001200000022	N	oracle_05147	5147
0000000000000020000002002000000023	N	oracle_05148	5148
0000000000000020000002002000000122	N	oracle_05149	5149
0000000000000020000002002010000022	N	oracle_05150	5150
0000000000000020000002002100000022	N	oracle_05151	5151
0000000000000020000002003000000022	N	oracle_05152	5152
0000000000000020000002010020000022	N	oracle_05153	5153
0000000000000020000002010200000022	N	oracle_05154	5154
0000000000000020000002012000000022	N	oracle_05155	5155
0000000000000020000002020000000023	N	oracle_05156	5156
0000000000000020000002020000000122	N	oracle_05157	5157
0000000000000020000002020010000022	N	oracle_05158	5158
0000000000000020000002020100000022	N	oracle_05159	5159
0000000000000020000002021000000022	N	oracle_05160	5160
0000000000000020000002030000000022	N	oracle_05161	5161
0000000000000020000002100020000022	N	oracle_05162	5162
0000000000000020000002100100000023	N	oracle_05163	5163
0000000000000020000002100200000013	N	oracle_05164	5164
0000000000000020000002100200000022	N	oracle_05165	5165
0000000000000020000002101000000023	N	oracle_05166	5166
0000000000000020000002102000000013	N	oracle_05167	5167
0000000000000020000002102000000022	N	oracle_05168	5168
0000000000000020000002120000000022	N	oracle_05169	5169
0000000000000020000002200010000022	N	oracle_05170	5170
0000000000000020000002200100000022	N	oracle_05171	5171
0000000000000020000002201000000022	N	oracle_05172	5172
0000000000000020000003000020000022	N	oracle_05173	5173
0000000000000020000003000200000022	N	oracle_05174	5174
0000000000000020000003002000000022	N	oracle_05175	5175
0000000000000020000010000020000033	N	oracle_05176	5176
0000000000000020000010000020000222	N	oracle_05177	5177
0000000000000020000010000200000033	N	oracle_05178	5178
0000000000000020000010000200000222	N	oracle_05179	5179
0000000000000020000010000210000023	N	oracle_05180	5180
0000000000000020000010000220000022	N	oracle_05181	5181
0000000000000020000010002000000033	N	oracle_05182	5182
0000000000000020000010002000000222	N	oracle_05183	5183
0000000000000020000010002020000022	N	oracle_05184	5184
0000000000000020000010002200000022	N	oracle_05185	5185
0000000000000020000010020020000022	N	oracle_05186	5186
0000000000000020000010020200000022	N	oracle_05187	5187
0000000000000020000010022000000022	N	oracle_05188	5188
0000000000000020000010200020000022	N	oracle_05189	5189
0000000000000020000010200200000022	N	oracle_05190	5190
0000000000000020000010202000000022	N	oracle_05191	5191
0000000000000020000012000020000022	N	oracle_05192	5192
0000000000000020000012000200000022	N	oracle_05193	5193
0000000000000020000012002000000022	N	oracle_05194	5194
0000000000000020000020000010000033	N	oracle_05195	5195
0000000000000020000020000010000222	N	oracle_05196	5196
0000000000000020000020000020000023	N	oracle_05197	5197
0000000000000020000020000020000122	N	oracle_05198	5198
0000000000000020000020000030000022	N	oracle_05199	5199
0000000000000020000020000100000033	N	oracle_05200	5200
0000000000000020000020000100000222	N	oracle_05201	5201
0000000000000020000020000110000023	N	oracle_05202	5202
0000000000000020000020000120000022	N	oracle_05203	5203
0000000000000020000020000200000023	N	oracle_05204	5204
0000000000000020000020000200000122	N	oracle_05205	5205
0000000000000020000020000210000013	N	oracle_05206	5206
0000000000000020000020000210000022	N	oracle_05207	5207
0000000000000020000020000300000022	N	oracle_05208	5208
0000000000000020000020001020000022	N	oracle_05209	5209
0000000000000020000020001200000022	N	oracle_05210	5210
0000000000000020000020002000000023	N	oracle_05211	5211
0000000000000020000020002000000122	N	oracle_05212	5212
0000000000000020000020002010000022	N	oracle_05213	5213
0000000000000020000020002100000022	N	oracle_05214	5214
0000000000000020000020003000000022	N	oracle_05215	5215
0000000000000020000020010020000022	N	oracle_05216	5216
0000000000000020000020010200000022	N	oracle_05217	5217
0000000000000020000020012000000022	N	oracle_05218	5218
0000000000000020000020020010000022	N	oracle_05219	5219
0000000000000020000020020100000022	N	oracle_05220	5220
0000000000000020000020100020000022	N	oracle_05221	5221
0000000000000020000020100200000022	N	oracle_05222	5222
0000000000000020000020102000000022	N	oracle_05223	5223
0000000000000020000020200010000022	N	oracle_05224	5224
0000000000000020000020200100000022	N	oracle_05225	5225
0000000000000020000021000020000022	N	oracle_05226	5226
0000000000000020000021000200000022	N	oracle_05227	5227
0000000000000020000022000010000022	N	oracle_05228	5228
0000000000000020000022000100000022	N	oracle_05229	5229
0000000000000020000030000020000022	N	oracle_05230	5230
0000000000000020000030000200000022	N	oracle_05231	5231
0000000000000020000100000020000033	N	oracle_05232	5232
0000000000000020000100000020000222	N	oracle_05233	5233
0000000000000020000100000200000033	N	oracle_05234	5234
0000000000000020000100000200000222	N	oracle_05235	5235
0000000000000020000100000220000022	N	oracle_05236	5236
0000000000000020000100002020000022	N	oracle_05237	5237
0000000000000020000100002200000022	N	oracle_05238	5238
0000000000000020000100020020000022	N	oracle_05239	5239
0000000000000020000100020200000022	N	oracle_05240	5240
0000000000000020000100200020000022	N	oracle_05241	5241
0000000000000020000100200200000022	N	oracle_05242	5242
0000000000000020000102000020000022	N	oracle_05243	5243
0000000000000020000102000200000022	N	oracle_05244	5244
0000000000000020000120000020000022	N	oracle_05245	5245
0000000000000020000120000200000022	N	oracle_05246	5246
0000000000000020000200000010000033	N	oracle_05247	5247
0000000000000020000200000010000222	N	oracle_05248	5248
0000000000000020000200000020000023	N	oracle_05249	5249
0000000000000020000200000020000122	N	oracle_05250	5250
0000000000000020000200000030000022	N	oracle_05251	5251
0000000000000020000200000120000022	N	oracle_05252	5252
0000000000000020000200000200000023	N	oracle_05253	5253
0000000000000020000200000200000122	N	oracle_05254	5254
0000000000000020000200000210000022	N	oracle_05255	5255
0000000000000020000200000300000022	N	oracle_05256	5256
0000000000000020000200001020000022	N	oracle_05257	5257
0000000000000020000200001200000022	N	oracle_05258	5258
0000000000000020000200002010000022	N	oracle_05259	5259
0000000000000020000200010020000022	N	oracle_05260	5260
0000000000000020000200010200000022	N	oracle_05261	5261
0000000000000020000200020010000022	N	oracle_05262	5262
0000000000000020000200100020000022	N	oracle_05263	5263
0000000000000020000200100200000022	N	oracle_05264	5264
0000000000000020000200200010000022	N	oracle_05265	5265
0000000000000020000201000020000022	N	oracle_05266	5266
0000000000000020000202000010000022	N	oracle_05267	5267
0000000000000020000210000020000022	N	oracle_05268	5268
0000000000000020000220000010000022	N	oracle_05269	5269
0000000000000020000300000020000022	N	oracle_05270	5270
0000000000000020001000000020000033	N	oracle_05271	5271
0000000000000020001000000020000222	N	oracle_05272	5272
0000000000000020001000000220000022	N	oracle_05273	5273
0000000000000020001000002020000022	N	oracle_05274	5274
0000000000000020001000020020000022	N	oracle_05275	5275
0000000000000020001000200020000022	N	oracle_05276	5276
0000000000000020001002000020000022	N	oracle_05277	5277
0000000000000020001020000020000022	N	oracle_05278	5278
0000000000000020001200000020000022	N	oracle_05279	5279
0000000000000020002000000020000023	N	oracle_05280	5280
0000000000000020002000000020000122	N	oracle_05281	5281
0000000000000020002000000030000022	N	oracle_05282	5282
0000000000000020002000000120000022	N	oracle_05283	5283
0000000000000020002000001020000022	N	oracle_05284	5284
0000000000000020002000010020000022	N	oracle_05285	5285
0000000000000020002000100020000022	N	oracle_05286	5286
0000000000000020010000020020000022	N	oracle_05287	5287
0000000000000020010000020200000022	N	oracle_05288	5288
0000000000000020010000022000000022	N	oracle_05289	5289
0000000000000020010000200000000033	N	oracle_05290	5290
0000000000000020010000200000000222	N	oracle_05291	5291
0000000000000020010000200020000022	N	oracle_05292	5292
0000000000000020010000200200000022	N	oracle_05293	5293
0000000000000020010000202000000022	N	oracle_05294	5294
0000000000000020010000220000000022	N	oracle_05295	5295
0000000000000020010002000020000022	N	oracle_05296	5296
0000000000000020010002000200000022	N	oracle_05297	5297
0000000000000020010002002000000022	N	oracle_05298	5298
0000000000000020010002020000000022	N	oracle_05299	5299
0000000000000020010020000020000022	N	oracle_05300	5300
0000000000000020010020000200000022	N	oracle_05301	5301
0000000000000020010020002000000022	N	oracle_05302	5302
0000000000000020010200000020000022	N	oracle_05303	5303
0000000000000020010200000200000022	N	oracle_05304	5304
0000000000000020012000000020000022	N	oracle_05305	5305
0000000000000020020000020100000022	N	oracle_05306	5306
0000000000000020020000021000000022	N	oracle_05307	5307
0000000000000020020000030000000022	N	oracle_05308	5308
0000000000000020020000100000000033	N	oracle_05309	5309
0000000000000020020000100000000222	N	oracle_05310	5310
0000000000000020020000100020000022	N	oracle_05311	5311
0000000000000020020000100200000022	N	oracle_05312	5312
0000000000000020020000102000000022	N	oracle_05313	5313
0000000000000020020000120000000022	N	oracle_05314	5314
0000000000000020020000200000000023	N	oracle_05315	5315
0000000000000020020000200000000122	N	oracle_05316	5316
0000000000000020020000200010000022	N	oracle_05317	5317
0000000000000020020000200100000022	N	oracle_05318	5318
0000000000000020020000201000000022	N	oracle_05319	5319
0000000000000020020000210000000022	N	oracle_05320	5320
0000000000000020020000300000000022	N	oracle_05321	5321
0000000000000020020001000020000022	N	oracle_05322	5322
0000000000000020020001000200000022	N	oracle_05323	5323
0000000000000020020001002000000022	N	oracle_05324	5324
0000000000000020020001020000000022	N	oracle_05325	5325
0000000000000020020002000010000022	N	oracle_05326	5326
0000000000000020020002000100000022	N	oracle_05327	5327
0000000000000020020002001000000022	N	oracle_05328	5328
0000000000000020020010000020000022	N	oracle_05329	5329
0000000000000020020010000200000022	N	oracle_05330	5330
0000000000000020020010002000000022	N	oracle_05331	5331
0000000000000020020020000010000022	N	oracle_05332	5332
0000000000000020020020000100000022	N	oracle_05333	5333
0000000000000020020100000020000022	N	oracle_05334	5334
0000000000000020020100000200000022	N	oracle_05335	5335
0000000000000020020200000010000022	N	oracle_05336	5336
0000000000000020021000000020000022	N	oracle_05337	5337
0000000000000020030000200000000022	N	oracle_05338	5338
0000000000000020100000020200000022	N	oracle_05339	5339
0000000000000020100000022000000022	N	oracle_05340	5340
0000000000000020100000200000000033	N	oracle_05341	5341
0000000000000020100000200000000222	N	oracle_05342	5342
0000000000000020100000200020000022	N	oracle_05343	5343
0000000000000020100000200200000022	N	oracle_05344	5344
0000000000000020100000202000000022	N	oracle_05345	5345
0000000000000020100000210000000023	N	oracle_05346	5346
0000000000000020100000220000000022	N	oracle_05347	5347
0000000000000020100002000020000022	N	oracle_05348	5348
0000000000000020100002000200000022	N	oracle_05349	5349
0000000000000020100002002000000022	N	oracle_05350	5350
0000000000000020100002020000000022	N	oracle_05351	5351
0000000000000020100020000020000022	N	oracle_05352	5352
0000000000000020100020000200000022	N	oracle_05353	5353
0000000000000020100020002000000022	N	oracle_05354	5354
0000000000000020100200000020000022	N	oracle_05355	5355
0000000000000020100200000200000022	N	oracle_05356	5356
0000000000000020102000000020000022	N	oracle_05357	5357
0000000000000020120000200000000022	N	oracle_05358	5358
0000000000000020200000021000000022	N	oracle_05359	5359
0000000000000020200000030000000022	N	oracle_05360	5360
0000000000000020200000100000000033	N	oracle_05361	5361
0000000000000020200000100000000222	N	oracle_05362	5362
0000000000000020200000100020000022	N	oracle_05363	5363
0000000000000020200000100200000022	N	oracle_05364	5364
0000000000000020200000102000000022	N	oracle_05365	5365
0000000000000020200000110000000023	N	oracle_05366	5366
0000000000000020200000120000000022	N	oracle_05367	5367
0000000000000020200000200000000023	N	oracle_05368	5368
0000000000000020200000200000000122	N	oracle_05369	5369
0000000000000020200000200010000022	N	oracle_05370	5370
0000000000000020200000200100000022	N	oracle_05371	5371
0000000000000020200000201000000022	N	oracle_05372	5372
0000000000000020200000210000000013	N	oracle_05373	5373
0000000000000020200000210000000022	N	oracle_05374	5374
0000000000000020200000300000000022	N	oracle_05375	5375
0000000000000020200001000020000022	N	oracle_05376	5376
0000000000000020200001000200000022	N	oracle_05377	5377
0000000000000020200001002000000022	N	oracle_05378	5378
0000000000000020200001020000000022	N	oracle_05379	5379
0000000000000020200002000010000022	N	oracle_05380	5380
0000000000000020200002000100000022	N	oracle_05381	5381
0000000000000020200002001000000022	N	oracle_05382	5382
0000000000000020200010000020000022	N	oracle_05383	5383
0000000000000020200010000200000022	N	oracle_05384	5384
0000000000000020200010002000000022	N	oracle_05385	5385
0000000000000020200020000010000022	N	oracle_05386	5386
0000000000000020200020000100000022	N	oracle_05387	5387
0000000000000020200100000020000022	N	oracle_05388	5388
0000000000000020200100000200000022	N	oracle_05389	5389
0000000000000020200200000010000022	N	oracle_05390	5390
0000000000000020201000000020000022	N	oracle_05391	5391
0000000000000020210000200000000022	N	oracle_05392	5392
0000000000000020220000100000000022	N	oracle_05393	5393
0000000000000020300000200000000022	N	oracle_05394	5394
0000000000000021000000022000000022	N	oracle_05395	5395
0000000000000021000000200000000033	N	oracle_05396	5396
0000000000000021000000200000000222	N	oracle_05397	5397
0000000000000021000000200020000022	N	oracle_05398	5398
0000000000000021000000200200000022	N	oracle_05399	5399
0000000000000021000000202000000022	N	oracle_05400	5400
0000000000000021000000210000000023	N	oracle_05401	5401
0000000000000021000000220000000022	N	oracle_05402	5402
0000000000000021000002000020000022	N	oracle_05403	5403
0000000000000021000002000200000022	N	oracle_05404	5404
0000000000000021000002002000000022	N	oracle_05405	5405
0000000000000021000002020000000022	N	oracle_05406	5406
0000000000000021000020000020000022	N	oracle_05407	5407
0000000000000021000020000200000022	N	oracle_05408	5408
0000000000000021000020002000000022	N	oracle_05409	5409
0000000000000021000200000020000022	N	oracle_05410	5410
0000000000000021000200000200000022	N	oracle_05411	5411
0000000000000021002000000020000022	N	oracle_05412	5412
0000000000000021020000200000000022	N	oracle_05413	5413
0000000000000021100000200000000023	N	oracle_05414	5414
0000000000000021200000200000000022	N	oracle_05415	5415
0000000000000022000000030000000022	N	oracle_05416	5416
0000000000000022000000100000000033	N	oracle_05417	5417
0000000000000022000000100000000222	N	oracle_05418	5418
0000000000000022000000100020000022	N	oracle_05419	5419
0000000000000022000000100200000022	N	oracle_05420	5420
0000000000000022000000102000000022	N	oracle_05421	5421
0000000000000022000000110000000023	N	oracle_05422	5422
0000000000000022000000120000000022	N	oracle_05423	5423
0000000000000022000000200000000023	N	oracle_05424	5424
0000000000000022000000200000000122	N	oracle_05425	5425
0000000000000022000000200010000022	N	oracle_05426	5426
0000000000000022000000200100000022	N	oracle_05427	5427
0000000000000022000000201000000022	N	oracle_05428	5428
0000000000000022000000210000000013	N	oracle_05429	5429
0000000000000022000000210000000022	N	oracle_05430	5430
0000000000000022000000300000000022	N	oracle_05431	5431
0000000000000022000001000020000022	N	oracle_05432	5432
0000000000000022000001000200000022	N	oracle_05433	5433
0000000000000022000001002000000022	N	oracle_05434	5434
0000000000000022000001020000000022	N	oracle_05435	5435
0000000000000022000002000010000022	N	oracle_05436	5436
0000000000000022000002000100000022	N	oracle_05437	5437
0000000000000022000002001000000022	N	oracle_05438	5438
0000000000000022000010000020000022	N	oracle_05439	5439
0000000000000022000010000200000022	N	oracle_05440	5440
0000000000000022000010002000000022	N	oracle_05441	5441
0000000000000022000020000010000022	N	oracle_05442	5442
0000000000000022000020000100000022	N	oracle_05443	5443
0000000000000022000100000020000022	N	oracle_05444	5444
0000000000000022000100000200000022	N	oracle_05445	5445
0000000000000022000200000010000022	N	oracle_05446	5446
0000000000000022001000000020000022	N	oracle_05447	5447
0000000000000022010000200000000022	N	oracle_05448	5448
0000000000000022020000100000000022	N	oracle_05449	5449
0000000000000022100000100000000023	N	oracle_05450	5450
0000000000000022100000200000000013	N	oracle_05451	5451
0000000000000022100000200000000022	N	oracle_05452	5452
0000000000000023000000200000000022	N	oracle_05453	5453
0000000000000030000000030000000023	N	oracle_05454	5454
0000000000000030000000030000000122	N	oracle_05455	5455
0000000000000030000000030010000022	N	oracle_05456	5456
0000000000000030000000030100000022	N	oracle_05457	5457
0000000000000030000000031000000022	N	oracle_05458	5458
0000000000000030000000040000000013	N	oracle_05459	5459
0000000000000030000000040000000022	N	oracle_05460	5460
0000000000000030000000100030000022	N	oracle_05461	5461
0000000000000030000000100300000022	N	oracle_05462	5462
0000000000000030000000103000000022	N	oracle_05463	5463
0000000000000030000000130000000022	N	oracle_05464	5464
0000000000000030000000200000000033	N	oracle_05465	5465
0000000000000030000000200000000222	N	oracle_05466	5466
0000000000000030000000200020000022	N	oracle_05467	5467
0000000000000030000000200200000022	N	oracle_05468	5468
0000000000000030000000202000000022	N	oracle_05469	5469
0000000000000030000000220000000022	N	oracle_05470	5470
0000000000000030000000300000000023	N	oracle_05471	5471
0000000000000030000000300000000122	N	oracle_05472	5472
0000000000000030000000300010000022	N	oracle_05473	5473
0000000000000030000000300100000022	N	oracle_05474	5474
0000000000000030000000301000000022	N	oracle_05475	5475
0000000000000030000000310000000022	N	oracle_05476	5476
0000000000000030000000400000000013	N	oracle_05477	5477
0000000000000030000000400000000022	N	oracle_05478	5478
0000000000000030000001000030000022	N	oracle_05479	5479
0000000000000030000001000300000022	N	oracle_05480	5480
0000000000000030000001003000000022	N	oracle_05481	5481
0000000000000030000001030000000022	N	oracle_05482	5482
0000000000000030000002000020000022	N	oracle_05483	5483
0000000000000030000002000200000022	N	oracle_05484	5484
0000000000000030000002002000000022	N	oracle_05485	5485
0000000000000030000002020000000022	N	oracle_05486	5486
0000000000000030000003000010000022	N	oracle_05487	5487
0000000000000030000003000100000022	N	oracle_05488	5488
0000000000000030000003001000000022	N	oracle_05489	5489
0000000000000030000010000030000022	N	oracle_05490	5490
0000000000000030000010000300000022	N	oracle_05491	5491
0000000000000030000010003000000022	N	oracle_05492	5492
0000000000000030000020000020000022	N	oracle_05493	5493
0000000000000030000020000200000022	N	oracle_05494	5494
0000000000000030000020002000000022	N	oracle_05495	5495
0000000000000030000030000010000022	N	oracle_05496	5496
0000000000000030000030000100000022	N	oracle_05497	5497
0000000000000030000100000030000022	N	oracle_05498	5498
0000000000000030000100000300000022	N	oracle_05499	5499
0000000000000030000200000020000022	N	oracle_05500	5500
0000000000000030000200000200000022	N	oracle_05501	5501
0000000000000030000300000010000022	N	oracle_05502	5502
0000000000000030001000000030000022	N	oracle_05503	5503
0000000000000030002000000020000022	N	oracle_05504	5504
0000000000000030010000300000000022	N	oracle_05505	5505
0000000000000030020000200000000022	N	oracle_05506	5506
0000000000000030030000100000000022	N	oracle_05507	5507
0000000000000030100000300000000022	N	oracle_05508	5508
0000000000000030200000200000000022	N	oracle_05509	5509
0000000000000030300000100000000022	N	oracle_05510	5510
0000000000000031000000300000000022	N	oracle_05511	5511
0000000000000032000000200000000022	N	oracle_05512	5512
0000000000000033000000100000000022	N	oracle_05513	5513
0000000000000033000000200000000012	N	oracle_05514	5514
0000000000000040000000200000000023	N	oracle_05515	5515
0000000000000040000000300000000013	N	oracle_05516	5516
0000000000000040000000300000000022	N	oracle_05517	5517
0000000000000100000000200000000044	N	oracle_05518	5518
0000000000000100000000200000000224	N	oracle_05519	5519
0000000000000100000000200020000033	N	oracle_05520	5520
0000000000000100000000200020000222	N	oracle_05521	5521
0000000000000100000000200200000033	N	oracle_05522	5522
0000000000000100000000200200000222	N	oracle_05523	5523
0000000000000100000000200220000022	N	oracle_05524	5524
0000000000000100000000202000000033	N	oracle_05525	5525
0000000000000100000000202000000222	N	oracle_05526	5526
0000000000000100000000202200000022	N	oracle_05527	5527
0000000000000100000000220000000033	N	oracle_05528	5528
0000000000000100000000220000000222	N	oracle_05529	5529
0000000000000100000000220200000022	N	oracle_05530	5530
0000000000000100000000222000000022	N	oracle_05531	5531
0000000000000100000000300030000022	N	oracle_05532	5532
0000000000000100000000300300000022	N	oracle_05533	5533
0000000000000100000000303000000022	N	oracle_05534	5534
0000000000000100000000330000000022	N	oracle_05535	5535
0000000000000100000001120000000024	N	oracle_05536	5536
0000000000000100000001200200000023	N	oracle_05537	5537
0000000000000100000001202000000023	N	oracle_05538	5538
0000000000000100000002000020000033	N	oracle_05539	5539
0000000000000100000002000020000222	N	oracle_05540	5540
0000000000000100000002000200000033	N	oracle_05541	5541
0000000000000100000002000200000222	N	oracle_05542	5542
0000000000000100000002000220000022	N	oracle_05543	5543
0000000000000100000002002000000033	N	oracle_05544	5544
0000000000000100000002002000000222	N	oracle_05545	5545
0000000000000100000002002020000022	N	oracle_05546	5546
0000000000000100000002002200000022	N	oracle_05547	5547
0000000000000100000002020000000024	N	oracle_05548	5548
0000000000000100000002020000000033	N	oracle_05549	5549
0000000000000100000002020000000222	N	oracle_05550	5550
0000000000000100000002020020000022	N	oracle_05551	5551
0000000000000100000002020200000022	N	oracle_05552	5552
0000000000000100000002022000000022	N	oracle_05553	5553
0000000000000100000002100200000023	N	oracle_05554	5554
0000000000000100000002102000000023	N	oracle_05555	5555
0000000000000100000002120000000014	N	oracle_05556	5556
0000000000000100000002120000000023	N	oracle_05557	5557
0000000000000100000002200100000023	N	oracle_05558	5558
0000000000000100000002200200000013	N	oracle_05559	5559
0000000000000100000002200200000022	N	oracle_05560	5560
0000000000000100000002201000000023	N	oracle_05561	5561
0000000000000100000002202000000013	N	oracle_05562	5562
0000000000000100000002202000000022	N	oracle_05563	5563
0000000000000100000003000030000022	N	oracle_05564	5564
0000000000000100000003000300000022	N	oracle_05565	5565
0000000000000100000003003000000022	N	oracle_05566	5566
0000000000000100000003030000000022	N	oracle_05567	5567
0000000000000100000010012000000024	N	oracle_05568	5568
0000000000000100000011002000000024	N	oracle_05569	5569
0000000000000100000020000020000033	N	oracle_05570	5570
0000000000000100000020000020000222	N	oracle_05571	5571
0000000000000100000020000200000033	N	oracle_05572	5572
0000000000000100000020000200000222	N	oracle_05573	5573
0000000000000100000020000220000022	N	oracle_05574	5574
0000000000000100000020002000000024	N	oracle_05575	5575
0000000000000100000020002000000033	N	oracle_05576	5576
0000000000000100000020002000000222	N	oracle_05577	5577
0000000000000100000020002020000022	N	oracle_05578	5578
0000000000000100000020002200000022	N	oracle_05579	5579
0000000000000100000020012000000014	N	oracle_05580	5580
0000000000000100000020012000000023	N	oracle_05581	5581
0000000000000100000020020020000022	N	oracle_05582	5582
0000000000000100000020020200000022	N	oracle_05583	5583
0000000000000100000020200020000022	N	oracle_05584	5584
0000000000000100000020200200000022	N	oracle_05585	5585
0000000000000100000020202000000022	N	oracle_05586	5586
0000000000000100000022000200000022	N	oracle_05587	5587
0000000000000100000030000030000022	N	oracle_05588	5588
0000000000000100000030000300000022	N	oracle_05589	5589
0000000000000100000030003000000022	N	oracle_05590	5590
0000000000000100000200000020000033	N	oracle_05591	5591
0000000000000100000200000020000222	N	oracle_05592	5592
0000000000000100000200000200000033	N	oracle_05593	5593
0000000000000100000200000200000222	N	oracle_05594	5594
0000000000000100000200000220000022	N	oracle_05595	5595
0000000000000100000200002020000022	N	oracle_05596	5596
0000000000000100000200002200000022	N	oracle_05597	5597
0000000000000100000200020020000022	N	oracle_05598	5598
0000000000000100000200020200000022	N	oracle_05599	5599
0000000000000100000200200020000022	N	oracle_05600	5600
0000000000000100000200200200000022	N	oracle_05601	5601
0000000000000100000202000020000022	N	oracle_05602	5602
0000000000000100000220000020000022	N	oracle_05603	5603
0000000000000100000300000030000022	N	oracle_05604	5604
0000000000000100000300000300000022	N	oracle_05605	5605
0000000000000100001100000030000023	N	oracle_05606	5606
0000000000000100002000000020000033	N	oracle_05607	5607
0000000000000100002000000020000222	N	oracle_05608	5608
0000000000000100002000000030000023	N	oracle_05609	5609
0000000000000100002000000120000023	N	oracle_05610	5610
0000000000000100002000002020000022	N	oracle_05611	5611
0000000000000100002000020020000022	N	oracle_05612	5612
0000000000000100002000200020000022	N	oracle_05613	5613
0000000000000100002100000030000013	N	oracle_05614	5614
0000000000000100002100000030000022	N	oracle_05615	5615
0000000000000100003000000030000022	N	oracle_05616	5616
0000000000000100020000200000000033	N	oracle_05617	5617
0000000000000100020000200000000222	N	oracle_05618	5618
0000000000000100020000200020000022	N	oracle_05619	5619
0000000000000100020000200200000022	N	oracle_05620	5620
0000000000000100020000202000000022	N	oracle_05621	5621
0000000000000100020000220000000022	N	oracle_05622	5622
0000000000000100020002000020000022	N	oracle_05623	5623
0000000000000100020002000200000022	N	oracle_05624	5624
0000000000000100020002002000000022	N	oracle_05625	5625
0000000000000100020002020000000022	N	oracle_05626	5626
0000000000000100020020000020000022	N	oracle_05627	5627
0000000000000100020020000200000022	N	oracle_05628	5628
0000000000000100020020002000000022	N	oracle_05629	5629
0000000000000100020200000020000022	N	oracle_05630	5630
0000000000000100020200000200000022	N	oracle_05631	5631
0000000000000100022000000020000022	N	oracle_05632	5632
0000000000000100030000300000000022	N	oracle_05633	5633
0000000000000100200000200000000033	N	oracle_05634	5634
0000000000000100200000200000000222	N	oracle_05635	5635
0000000000000100200000200020000022	N	oracle_05636	5636
0000000000000100200000200200000022	N	oracle_05637	5637
0000000000000100200000202000000022	N	oracle_05638	5638
0000000000000100200002000020000022	N	oracle_05639	5639
0000000000000100200002000200000022	N	oracle_05640	5640
0000000000000100200002002000000022	N	oracle_05641	5641
0000000000000100200002020000000022	N	oracle_05642	5642
0000000000000100200020000020000022	N	oracle_05643	5643
0000000000000100200020000200000022	N	oracle_05644	5644
0000000000000100200020002000000022	N	oracle_05645	5645
0000000000000100200200000020000022	N	oracle_05646	5646
0000000000000100200200000200000022	N	oracle_05647	5647
0000000000000100202000000020000022	N	oracle_05648	5648
0000000000000100220000200000000022	N	oracle_05649	5649
0000000000000100300000300000000022	N	oracle_05650	5650
0000000000000102000000120000000023	N	oracle_05651	5651
0000000000000102000000200000000033	N	oracle_05652	5652
0000000000000102000000200000000222	N	oracle_05653	5653
0000000000000102000000200020000022	N	oracle_05654	5654
0000000000000102000000200200000022	N	oracle_05655	5655
0000000000000102000000202000000022	N	oracle_05656	5656
0000000000000102000002000020000022	N	oracle_05657	5657
0000000000000102000002000200000022	N	oracle_05658	5658
0000000000000102000002002000000022	N	oracle_05659	5659
0000000000000102000002020000000022	N	oracle_05660	5660
0000000000000102000020000020000022	N	oracle_05661	5661
0000000000000102000020000200000022	N	oracle_05662	5662
0000000000000102000020002000000022	N	oracle_05663	5663
0000000000000102000200000020000022	N	oracle_05664	5664
0000000000000102000200000200000022	N	oracle_05665	5665
0000000000000102002000000020000022	N	oracle_05666	5666
0000000000000102020000200000000022	N	oracle_05667	5667
0000000000000102200000200000000022	N	oracle_05668	5668
0000000000000103000000300000000022	N	oracle_05669	5669
0000000000000110000000202000000023	N	oracle_05670	5670
0000000000000110000020000020000023	N	oracle_05671	5671
0000000000000110000020000200000023	N	oracle_05672	5672
0000000000000110000020002000000023	N	oracle_05673	5673
0000000000000110000200000020000023	N	oracle_05674	5674
0000000000000120000000200000000033	N	oracle_05675	5675
0000000000000120000000200000000222	N	oracle_05676	5676
0000000000000120000000200020000022	N	oracle_05677	5677
0000000000000120000000200200000022	N	oracle_05678	5678
0000000000000120000000201000000023	N	oracle_05679	5679
0000000000000120000000202000000013	N	oracle_05680	5680
0000000000000120000000202000000022	N	oracle_05681	5681
0000000000000120000000220000000022	N	oracle_05682	5682
0000000000000120000002000020000022	N	oracle_05683	5683
0000000000000120000002000200000022	N	oracle_05684	5684
0000000000000120000002002000000022	N	oracle_05685	5685
0000000000000120000002020000000022	N	oracle_05686	5686
0000000000000120000010002000000023	N	oracle_05687	5687
0000000000000120000020000020000022	N	oracle_05688	5688
0000000000000120000020000200000022	N	oracle_05689	5689
0000000000000120000020002000000013	N	oracle_05690	5690
0000000000000120000020002000000022	N	oracle_05691	5691
0000000000000120000200000020000022	N	oracle_05692	5692
0000000000000120000200000200000022	N	oracle_05693	5693
0000000000000120002000000020000022	N	oracle_05694	5694
0000000000000120020000200000000022	N	oracle_05695	5695
0000000000000120200000200000000022	N	oracle_05696	5696
0000000000000122000000200000000022	N	oracle_05697	5697
0000000000000130000000300000000022	N	oracle_05698	5698
0000000000000200000000200000000034	N	oracle_05699	5699
0000000000000200000000200000000133	N	oracle_05700	5700
0000000000000200000000200000000223	N	oracle_05701	5701
0000000000000200000000200000001222	N	oracle_05702	5702
0000000000000200000000200010000033	N	oracle_05703	5703
0000000000000200000000200010000222	N	oracle_05704	5704
0000000000000200000000200020000023	N	oracle_05705	5705
0000000000000200000000200020000122	N	oracle_05706	5706
0000000000000200000000200030000022	N	oracle_05707	5707
0000000000000200000000200100000033	N	oracle_05708	5708
0000000000000200000000200100000222	N	oracle_05709	5709
0000000000000200000000200120000022	N	oracle_05710	5710
0000000000000200000000200200000023	N	oracle_05711	5711
0000000000000200000000200200000122	N	oracle_05712	5712
0000000000000200000000200210000022	N	oracle_05713	5713
0000000000000200000000200300000022	N	oracle_05714	5714
0000000000000200000000201000000033	N	oracle_05715	5715
0000000000000200000000201000000222	N	oracle_05716	5716
0000000000000200000000201020000022	N	oracle_05717	5717
0000000000000200000000201200000022	N	oracle_05718	5718
0000000000000200000000202000000023	N	oracle_05719	5719
0000000000000200000000202000000122	N	oracle_05720	5720
0000000000000200000000202010000022	N	oracle_05721	5721
0000000000000200000000202100000022	N	oracle_05722	5722
0000000000000200000000203000000022	N	oracle_05723	5723
0000000000000200000000210000000033	N	oracle_05724	5724
0000000000000200000000210000000222	N	oracle_05725	5725
0000000000000200000000210020000022	N	oracle_05726	5726
0000000000000200000000210200000022	N	oracle_05727	5727
0000000000000200000000212000000022	N	oracle_05728	5728
0000000000000200000000220000000023	N	oracle_05729	5729
0000000000000200000000220000000122	N	oracle_05730	5730
0000000000000200000000220010000022	N	oracle_05731	5731
0000000000000200000000220100000022	N	oracle_05732	5732
0000000000000200000000221000000022	N	oracle_05733	5733
0000000000000200000000230000000022	N	oracle_05734	5734
0000000000000200000000300000000033	N	oracle_05735	5735
0000000000000200000000300000000222	N	oracle_05736	5736
0000000000000200000000300020000022	N	oracle_05737	5737
0000000000000200000000300200000022	N	oracle_05738	5738
0000000000000200000000302000000022	N	oracle_05739	5739
0000000000000200000000303000000012	N	oracle_05740	5740
0000000000000200000000320000000022	N	oracle_05741	5741
0000000000000200000000400000000023	N	oracle_05742	5742
0000000000000200000001000020000033	N	oracle_05743	5743
0000000000000200000001000020000222	N	oracle_05744	5744
0000000000000200000001000200000033	N	oracle_05745	5745
0000000000000200000001000200000222	N	oracle_05746	5746
0000000000000200000001000220000022	N	oracle_05747	5747
0000000000000200000001002000000033	N	oracle_05748	5748
0000000000000200000001002000000222	N	oracle_05749	5749
0000000000000200000001002020000022	N	oracle_05750	5750
0000000000000200000001002200000022	N	oracle_05751	5751
0000000000000200000001020000000033	N	oracle_05752	5752
0000000000000200000001020000000222	N	oracle_05753	5753
0000000000000200000001020020000022	N	oracle_05754	5754
0000000000000200000001020200000022	N	oracle_05755	5755
0000000000000200000001022000000022	N	oracle_05756	5756
0000000000000200000001100200000023	N	oracle_05757	5757
0000000000000200000001102000000023	N	oracle_05758	5758
0000000000000200000001200020000022	N	oracle_05759	5759
0000000000000200000001200100000023	N	oracle_05760	5760
0000000000000200000001200200000013	N	oracle_05761	5761
0000000000000200000001200200000022	N	oracle_05762	5762
0000000000000200000001201000000023	N	oracle_05763	5763
0000000000000200000001202000000013	N	oracle_05764	5764
0000000000000200000001202000000022	N	oracle_05765	5765
0000000000000200000001220000000022	N	oracle_05766	5766
0000000000000200000002000010000033	N	oracle_05767	5767
0000000000000200000002000010000222	N	oracle_05768	5768
0000000000000200000002000020000023	N	oracle_05769	5769
0000000000000200000002000020000122	N	oracle_05770	5770
0000000000000200000002000030000022	N	oracle_05771	5771
0000000000000200000002000100000033	N	oracle_05772	5772
0000000000000200000002000100000222	N	oracle_05773	5773
0000000000000200000002000120000022	N	oracle_05774	5774
0000000000000200000002000200000023	N	oracle_05775	5775
0000000000000200000002000200000122	N	oracle_05776	5776
0000000000000200000002000210000022	N	oracle_05777	5777
0000000000000200000002000300000022	N	oracle_05778	5778
0000000000000200000002001000000033	N	oracle_05779	5779
0000000000000200000002001000000222	N	oracle_05780	5780
0000000000000200000002001020000022	N	oracle_05781	5781
0000000000000200000002001200000022	N	oracle_05782	5782
0000000000000200000002002000000023	N	oracle_05783	5783
0000000000000200000002002000000122	N	oracle_05784	5784
0000000000000200000002002010000022	N	oracle_05785	5785
0000000000000200000002002100000022	N	oracle_05786	5786
0000000000000200000002003000000022	N	oracle_05787	5787
0000000000000200000002010020000022	N	oracle_05788	5788
0000000000000200000002010200000022	N	oracle_05789	5789
0000000000000200000002012000000022	N	oracle_05790	5790
0000000000000200000002020000000023	N	oracle_05791	5791
0000000000000200000002020000000122	N	oracle_05792	5792
0000000000000200000002020010000022	N	oracle_05793	5793
0000000000000200000002020100000022	N	oracle_05794	5794
0000000000000200000002021000000022	N	oracle_05795	5795
0000000000000200000002030000000022	N	oracle_05796	5796
0000000000000200000002100020000022	N	oracle_05797	5797
0000000000000200000002100100000023	N	oracle_05798	5798
0000000000000200000002100200000013	N	oracle_05799	5799
0000000000000200000002100200000022	N	oracle_05800	5800
0000000000000200000002101000000023	N	oracle_05801	5801
0000000000000200000002102000000013	N	oracle_05802	5802
0000000000000200000002102000000022	N	oracle_05803	5803
0000000000000200000002120000000022	N	oracle_05804	5804
0000000000000200000002200010000022	N	oracle_05805	5805
0000000000000200000002200100000022	N	oracle_05806	5806
0000000000000200000002201000000022	N	oracle_05807	5807
0000000000000200000003000020000022	N	oracle_05808	5808
0000000000000200000003000200000022	N	oracle_05809	5809
0000000000000200000003002000000022	N	oracle_05810	5810
0000000000000200000010000020000033	N	oracle_05811	5811
0000000000000200000010000020000222	N	oracle_05812	5812
0000000000000200000010000200000033	N	oracle_05813	5813
0000000000000200000010000200000222	N	oracle_05814	5814
0000000000000200000010000220000022	N	oracle_05815	5815
0000000000000200000010002000000033	N	oracle_05816	5816
0000000000000200000010002000000222	N	oracle_05817	5817
0000000000000200000010002020000022	N	oracle_05818	5818
0000000000000200000010002200000022	N	oracle_05819	5819
0000000000000200000010020020000022	N	oracle_05820	5820
0000000000000200000010020200000022	N	oracle_05821	5821
0000000000000200000010022000000022	N	oracle_05822	5822
0000000000000200000010200020000022	N	oracle_05823	5823
0000000000000200000010200200000022	N	oracle_05824	5824
0000000000000200000010202000000022	N	oracle_05825	5825
0000000000000200000012000020000022	N	oracle_05826	5826
0000000000000200000012000200000022	N	oracle_05827	5827
0000000000000200000012002000000022	N	oracle_05828	5828
0000000000000200000020000010000033	N	oracle_05829	5829
0000000000000200000020000010000222	N	oracle_05830	5830
0000000000000200000020000020000023	N	oracle_05831	5831
0000000000000200000020000020000122	N	oracle_05832	5832
0000000000000200000020000030000022	N	oracle_05833	5833
0000000000000200000020000100000033	N	oracle_05834	5834
0000000000000200000020000100000222	N	oracle_05835	5835
0000000000000200000020000120000022	N	oracle_05836	5836
0000000000000200000020000200000023	N	oracle_05837	5837
0000000000000200000020000200000122	N	oracle_05838	5838
0000000000000200000020000210000022	N	oracle_05839	5839
0000000000000200000020000300000022	N	oracle_05840	5840
0000000000000200000020001020000022	N	oracle_05841	5841
0000000000000200000020001200000022	N	oracle_05842	5842
0000000000000200000020002000000023	N	oracle_05843	5843
0000000000000200000020002000000122	N	oracle_05844	5844
0000000000000200000020002010000022	N	oracle_05845	5845
0000000000000200000020002100000022	N	oracle_05846	5846
0000000000000200000020003000000022	N	oracle_05847	5847
0000000000000200000020010020000022	N	oracle_05848	5848
0000000000000200000020010200000022	N	oracle_05849	5849
0000000000000200000020012000000022	N	oracle_05850	5850
0000000000000200000020020010000022	N	oracle_05851	5851
0000000000000200000020020100000022	N	oracle_05852	5852
0000000000000200000020100020000022	N	oracle_05853	5853
0000000000000200000020100200000022	N	oracle_05854	5854
0000000000000200000020102000000022	N	oracle_05855	5855
0000000000000200000020200010000022	N	oracle_05856	5856
0000000000000200000020200100000022	N	oracle_05857	5857
0000000000000200000021000020000022	N	oracle_05858	5858
0000000000000200000021000200000022	N	oracle_05859	5859
0000000000000200000022000010000022	N	oracle_05860	5860
0000000000000200000022000100000022	N	oracle_05861	5861
0000000000000200000030000020000022	N	oracle_05862	5862
0000000000000200000030000200000022	N	oracle_05863	5863
0000000000000200000100000020000033	N	oracle_05864	5864
0000000000000200000100000020000222	N	oracle_05865	5865
0000000000000200000100000200000033	N	oracle_05866	5866
0000000000000200000100000200000222	N	oracle_05867	5867
0000000000000200000100000220000022	N	oracle_05868	5868
0000000000000200000100002020000022	N	oracle_05869	5869
0000000000000200000100002200000022	N	oracle_05870	5870
0000000000000200000100020020000022	N	oracle_05871	5871
0000000000000200000100020200000022	N	oracle_05872	5872
0000000000000200000100200020000022	N	oracle_05873	5873
0000000000000200000100200200000022	N	oracle_05874	5874
0000000000000200000102000020000022	N	oracle_05875	5875
0000000000000200000102000200000022	N	oracle_05876	5876
0000000000000200000120000020000022	N	oracle_05877	5877
0000000000000200000120000200000022	N	oracle_05878	5878
0000000000000200000200000010000033	N	oracle_05879	5879
0000000000000200000200000010000222	N	oracle_05880	5880
0000000000000200000200000020000023	N	oracle_05881	5881
0000000000000200000200000020000122	N	oracle_05882	5882
0000000000000200000200000030000022	N	oracle_05883	5883
0000000000000200000200000120000022	N	oracle_05884	5884
0000000000000200000200000200000023	N	oracle_05885	5885
0000000000000200000200000200000122	N	oracle_05886	5886
0000000000000200000200000210000022	N	oracle_05887	5887
0000000000000200000200000300000022	N	oracle_05888	5888
0000000000000200000200001020000022	N	oracle_05889	5889
0000000000000200000200001200000022	N	oracle_05890	5890
0000000000000200000200002010000022	N	oracle_05891	5891
0000000000000200000200010020000022	N	oracle_05892	5892
0000000000000200000200010200000022	N	oracle_05893	5893
0000000000000200000200020010000022	N	oracle_05894	5894
0000000000000200000200100020000022	N	oracle_05895	5895
0000000000000200000200100200000022	N	oracle_05896	5896
0000000000000200000200200010000022	N	oracle_05897	5897
0000000000000200000201000020000022	N	oracle_05898	5898
0000000000000200000202000010000022	N	oracle_05899	5899
0000000000000200000210000020000022	N	oracle_05900	5900
0000000000000200000220000010000022	N	oracle_05901	5901
0000000000000200000300000020000022	N	oracle_05902	5902
0000000000000200001000000020000033	N	oracle_05903	5903
0000000000000200001000000020000222	N	oracle_05904	5904
0000000000000200001000000220000022	N	oracle_05905	5905
0000000000000200001000002020000022	N	oracle_05906	5906
0000000000000200001000020020000022	N	oracle_05907	5907
0000000000000200001000200020000022	N	oracle_05908	5908
0000000000000200001002000020000022	N	oracle_05909	5909
0000000000000200001020000020000022	N	oracle_05910	5910
0000000000000200001200000020000022	N	oracle_05911	5911
0000000000000200002000000020000023	N	oracle_05912	5912
0000000000000200002000000020000122	N	oracle_05913	5913
0000000000000200002000000030000022	N	oracle_05914	5914
0000000000000200002000000120000022	N	oracle_05915	5915
0000000000000200002000001020000022	N	oracle_05916	5916
0000000000000200002000010020000022	N	oracle_05917	5917
0000000000000200002000100020000022	N	oracle_05918	5918
0000000000000200010000200020000022	N	oracle_05919	5919
0000000000000200010000200200000022	N	oracle_05920	5920
0000000000000200010000202000000022	N	oracle_05921	5921
0000000000000200010000220000000022	N	oracle_05922	5922
0000000000000200010002000020000022	N	oracle_05923	5923
0000000000000200010002000200000022	N	oracle_05924	5924
0000000000000200010002002000000022	N	oracle_05925	5925
0000000000000200010002020000000022	N	oracle_05926	5926
0000000000000200010020000020000022	N	oracle_05927	5927
0000000000000200010020000200000022	N	oracle_05928	5928
0000000000000200010020002000000022	N	oracle_05929	5929
0000000000000200010200000020000022	N	oracle_05930	5930
0000000000000200010200000200000022	N	oracle_05931	5931
0000000000000200012000000020000022	N	oracle_05932	5932
0000000000000200020000200100000022	N	oracle_05933	5933
0000000000000200020000201000000022	N	oracle_05934	5934
0000000000000200020000210000000022	N	oracle_05935	5935
0000000000000200020000300000000022	N	oracle_05936	5936
0000000000000200020001000020000022	N	oracle_05937	5937
0000000000000200020001000200000022	N	oracle_05938	5938
0000000000000200020001002000000022	N	oracle_05939	5939
0000000000000200020001020000000022	N	oracle_05940	5940
0000000000000200020002000010000022	N	oracle_05941	5941
0000000000000200020002000100000022	N	oracle_05942	5942
0000000000000200020002001000000022	N	oracle_05943	5943
0000000000000200020010000020000022	N	oracle_05944	5944
0000000000000200020010000200000022	N	oracle_05945	5945
0000000000000200020010002000000022	N	oracle_05946	5946
0000000000000200020020000010000022	N	oracle_05947	5947
0000000000000200020020000100000022	N	oracle_05948	5948
0000000000000200020100000020000022	N	oracle_05949	5949
0000000000000200020100000200000022	N	oracle_05950	5950
0000000000000200020200000010000022	N	oracle_05951	5951
0000000000000200021000000020000022	N	oracle_05952	5952
0000000000000200100000200200000022	N	oracle_05953	5953
0000000000000200100000202000000022	N	oracle_05954	5954
0000000000000200100000220000000022	N	oracle_05955	5955
0000000000000200100002000020000022	N	oracle_05956	5956
0000000000000200100002000200000022	N	oracle_05957	5957
0000000000000200100002002000000022	N	oracle_05958	5958
0000000000000200100002020000000022	N	oracle_05959	5959
0000000000000200100020000020000022	N	oracle_05960	5960
0000000000000200100020000200000022	N	oracle_05961	5961
0000000000000200100020002000000022	N	oracle_05962	5962
0000000000000200100200000020000022	N	oracle_05963	5963
0000000000000200100200000200000022	N	oracle_05964	5964
0000000000000200102000000020000022	N	oracle_05965	5965
0000000000000200200000201000000022	N	oracle_05966	5966
0000000000000200200000210000000022	N	oracle_05967	5967
0000000000000200200000300000000022	N	oracle_05968	5968
0000000000000200200001000020000022	N	oracle_05969	5969
0000000000000200200001000200000022	N	oracle_05970	5970
0000000000000200200001002000000022	N	oracle_05971	5971
0000000000000200200001020000000022	N	oracle_05972	5972
0000000000000200200002000010000022	N	oracle_05973	5973
0000000000000200200002000100000022	N	oracle_05974	5974
0000000000000200200002001000000022	N	oracle_05975	5975
0000000000000200200010000020000022	N	oracle_05976	5976
0000000000000200200010000200000022	N	oracle_05977	5977
0000000000000200200010002000000022	N	oracle_05978	5978
0000000000000200200020000010000022	N	oracle_05979	5979
0000000000000200200020000100000022	N	oracle_05980	5980
0000000000000200200100000010000023	N	oracle_05981	5981
0000000000000200200100000020000022	N	oracle_05982	5982
0000000000000200200100000200000022	N	oracle_05983	5983
0000000000000200200200000010000022	N	oracle_05984	5984
0000000000000200201000000020000022	N	oracle_05985	5985
0000000000000201000000202000000022	N	oracle_05986	5986
0000000000000201000000220000000022	N	oracle_05987	5987
0000000000000201000002000020000022	N	oracle_05988	5988
0000000000000201000002000200000022	N	oracle_05989	5989
0000000000000201000002002000000022	N	oracle_05990	5990
0000000000000201000002020000000022	N	oracle_05991	5991
0000000000000201000020000020000022	N	oracle_05992	5992
0000000000000201000020000200000022	N	oracle_05993	5993
0000000000000201000020002000000022	N	oracle_05994	5994
0000000000000201000200000020000022	N	oracle_05995	5995
0000000000000201000200000200000022	N	oracle_05996	5996
0000000000000201002000000020000022	N	oracle_05997	5997
0000000000000202000000210000000022	N	oracle_05998	5998
0000000000000202000000300000000022	N	oracle_05999	5999
0000000000000202000001000020000022	N	oracle_06000	6000
0000000000000202000001000200000022	N	oracle_06001	6001
0000000000000202000001002000000022	N	oracle_06002	6002
0000000000000202000001020000000022	N	oracle_06003	6003
0000000000000202000002000010000022	N	oracle_06004	6004
0000000000000202000002000100000022	N	oracle_06005	6005
0000000000000202000002001000000022	N	oracle_06006	6006
0000000000000202000010000020000022	N	oracle_06007	6007
0000000000000202000010000200000022	N	oracle_06008	6008
0000000000000202000010002000000022	N	oracle_06009	6009
0000000000000202000020000010000022	N	oracle_06010	6010
0000000000000202000020000100000022	N	oracle_06011	6011
0000000000000202000100000010000023	N	oracle_06012	6012
0000000000000202000100000020000022	N	oracle_06013	6013
0000000000000202000100000200000022	N	oracle_06014	6014
0000000000000202000200000010000022	N	oracle_06015	6015
0000000000000202001000000020000022	N	oracle_06016	6016
0000000000000210000000220000000022	N	oracle_06017	6017
0000000000000210000002000020000022	N	oracle_06018	6018
0000000000000210000002000200000022	N	oracle_06019	6019
0000000000000210000002002000000022	N	oracle_06020	6020
0000000000000210000002020000000022	N	oracle_06021	6021
0000000000000210000010000020000023	N	oracle_06022	6022
0000000000000210000010000200000023	N	oracle_06023	6023
0000000000000210000010002000000023	N	oracle_06024	6024
0000000000000210000020000010000023	N	oracle_06025	6025
0000000000000210000020000020000013	N	oracle_06026	6026
0000000000000210000020000020000022	N	oracle_06027	6027
0000000000000210000020000100000023	N	oracle_06028	6028
0000000000000210000020000200000013	N	oracle_06029	6029
0000000000000210000020000200000022	N	oracle_06030	6030
0000000000000210000020002000000013	N	oracle_06031	6031
0000000000000210000020002000000022	N	oracle_06032	6032
0000000000000210000100000020000023	N	oracle_06033	6033
0000000000000210000200000010000023	N	oracle_06034	6034
0000000000000210000200000020000013	N	oracle_06035	6035
0000000000000210000200000020000022	N	oracle_06036	6036
0000000000000210000200000200000022	N	oracle_06037	6037
0000000000000210002000000020000022	N	oracle_06038	6038
0000000000000220000000300000000022	N	oracle_06039	6039
0000000000000220000001000020000022	N	oracle_06040	6040
0000000000000220000001020000000022	N	oracle_06041	6041
0000000000000220000002000010000022	N	oracle_06042	6042
0000000000000220000002000100000022	N	oracle_06043	6043
0000000000000220000002001000000022	N	oracle_06044	6044
0000000000000220000010000020000022	N	oracle_06045	6045
0000000000000220000010001000000023	N	oracle_06046	6046
0000000000000220000010002000000013	N	oracle_06047	6047
0000000000000220000010002000000022	N	oracle_06048	6048
0000000000000220000100000020000022	N	oracle_06049	6049
0000000000000220001000000020000022	N	oracle_06050	6050
0000000000000300000000300000000023	N	oracle_06051	6051
0000000000000300000000300000000122	N	oracle_06052	6052
0000000000000300000000300010000022	N	oracle_06053	6053
0000000000000300000000300100000022	N	oracle_06054	6054
0000000000000300000000301000000022	N	oracle_06055	6055
0000000000000300000000310000000022	N	oracle_06056	6056
0000000000000300000000400000000013	N	oracle_06057	6057
0000000000000300000000400000000022	N	oracle_06058	6058
0000000000000300000001000030000022	N	oracle_06059	6059
0000000000000300000001000300000022	N	oracle_06060	6060
0000000000000300000001003000000022	N	oracle_06061	6061
0000000000000300000001030000000022	N	oracle_06062	6062
0000000000000300000002000020000022	N	oracle_06063	6063
0000000000000300000002000200000022	N	oracle_06064	6064
0000000000000300000002002000000022	N	oracle_06065	6065
0000000000000300000002020000000022	N	oracle_06066	6066
0000000000000300000003000010000022	N	oracle_06067	6067
0000000000000300000003000100000022	N	oracle_06068	6068
0000000000000300000003001000000022	N	oracle_06069	6069
0000000000000300000010000030000022	N	oracle_06070	6070
0000000000000300000010000300000022	N	oracle_06071	6071
0000000000000300000010003000000022	N	oracle_06072	6072
0000000000000300000020000020000022	N	oracle_06073	6073
0000000000000300000020000200000022	N	oracle_06074	6074
0000000000000300000020002000000022	N	oracle_06075	6075
0000000000000300000030000010000022	N	oracle_06076	6076
0000000000000300000030000100000022	N	oracle_06077	6077
0000000000000300000100000030000022	N	oracle_06078	6078
0000000000000300000100000300000022	N	oracle_06079	6079
0000000000000300000200000020000022	N	oracle_06080	6080
0000000000000300000200000200000022	N	oracle_06081	6081
0000000000000300000300000010000022	N	oracle_06082	6082
0000000000000300001000000030000022	N	oracle_06083	6083
0000000000000300002000000020000022	N	oracle_06084	6084
0000000000001000020002000020000022	N	oracle_06085	6085
0000000000001000020002000200000022	N	oracle_06086	6086
0000000000001000020002002000000022	N	oracle_06087	6087
0000000000001000020002020000000022	N	oracle_06088	6088
0000000000001000020020000020000022	N	oracle_06089	6089
0000000000001000020020000200000022	N	oracle_06090	6090
0000000000001000020020002000000022	N	oracle_06091	6091
0000000000001000020200000020000022	N	oracle_06092	6092
0000000000001000020200000200000022	N	oracle_06093	6093
0000000000001000022000000020000022	N	oracle_06094	6094
0000000000001000200002000020000022	N	oracle_06095	6095
0000000000001000200002000200000022	N	oracle_06096	6096
0000000000001000200002002000000022	N	oracle_06097	6097
0000000000001000200002020000000022	N	oracle_06098	6098
0000000000001000200020000020000022	N	oracle_06099	6099
0000000000001000200020000200000022	N	oracle_06100	6100
0000000000001000200020002000000022	N	oracle_06101	6101
0000000000001000200200000020000022	N	oracle_06102	6102
0000000000001000200200000200000022	N	oracle_06103	6103
0000000000001000202000000020000022	N	oracle_06104	6104
0000000000001002000002000020000022	N	oracle_06105	6105
0000000000001002000002000200000022	N	oracle_06106	6106
0000000000001002000002002000000022	N	oracle_06107	6107
0000000000001002000002020000000022	N	oracle_06108	6108
0000000000001002000020000020000022	N	oracle_06109	6109
0000000000001002000020000200000022	N	oracle_06110	6110
0000000000001002000020002000000022	N	oracle_06111	6111
0000000000001002000200000020000022	N	oracle_06112	6112
0000000000001002000200000200000022	N	oracle_06113	6113
0000000000001002002000000020000022	N	oracle_06114	6114
0000000000001020000002000020000022	N	oracle_06115	6115
0000000000001020000002000200000022	N	oracle_06116	6116
0000000000001020000002002000000022	N	oracle_06117	6117
0000000000001020000002020000000022	N	oracle_06118	6118
0000000000001020000020000020000022	N	oracle_06119	6119
0000000000001020000020000200000022	N	oracle_06120	6120
0000000000001020000020002000000022	N	oracle_06121	6121
0000000000001020000200000020000022	N	oracle_06122	6122
0000000000001020000200000200000022	N	oracle_06123	6123
0000000000001020002000000020000022	N	oracle_06124	6124
0000000000001100200100000010000023	N	oracle_06125	6125
0000000000001102000100000010000023	N	oracle_06126	6126
0000000000001200100100000010000023	N	oracle_06127	6127
0000000000001200200100000010000013	N	oracle_06128	6128
0000000000001200200100000010000022	N	oracle_06129	6129
0000000000001201000100000010000023	N	oracle_06130	6130
0000000000001202000100000010000013	N	oracle_06131	6131
0000000000001202000100000010000022	N	oracle_06132	6132
0000000000002000010002000020000022	N	oracle_06133	6133
0000000000002000010002000200000022	N	oracle_06134	6134
0000000000002000010002002000000022	N	oracle_06135	6135
0000000000002000010002020000000022	N	oracle_06136	6136
0000000000002000010020000020000022	N	oracle_06137	6137
0000000000002000010020000200000022	N	oracle_06138	6138
0000000000002000010020002000000022	N	oracle_06139	6139
0000000000002000010200000020000022	N	oracle_06140	6140
0000000000002000010200000200000022	N	oracle_06141	6141
0000000000002000012000000020000022	N	oracle_06142	6142
0000000000002000020002000100000022	N	oracle_06143	6143
0000000000002000020002001000000022	N	oracle_06144	6144
0000000000002000020010000020000022	N	oracle_06145	6145
0000000000002000020010000200000022	N	oracle_06146	6146
0000000000002000020010002000000022	N	oracle_06147	6147
0000000000002000020020000010000022	N	oracle_06148	6148
0000000000002000020020000100000022	N	oracle_06149	6149
0000000000002000020100000020000022	N	oracle_06150	6150
0000000000002000020100000200000022	N	oracle_06151	6151
0000000000002000020200000010000022	N	oracle_06152	6152
0000000000002000021000000020000022	N	oracle_06153	6153
0000000000002000100002000200000022	N	oracle_06154	6154
0000000000002000100002002000000022	N	oracle_06155	6155
0000000000002000100002020000000022	N	oracle_06156	6156
0000000000002000100020000020000022	N	oracle_06157	6157
0000000000002000100020000200000022	N	oracle_06158	6158
0000000000002000100020002000000022	N	oracle_06159	6159
0000000000002000100200000020000022	N	oracle_06160	6160
0000000000002000100200000200000022	N	oracle_06161	6161
0000000000002000102000000020000022	N	oracle_06162	6162
0000000000002000200002001000000022	N	oracle_06163	6163
0000000000002000200010000020000022	N	oracle_06164	6164
0000000000002000200010000200000022	N	oracle_06165	6165
0000000000002000200010002000000022	N	oracle_06166	6166
0000000000002000200020000010000022	N	oracle_06167	6167
0000000000002000200020000100000022	N	oracle_06168	6168
0000000000002000200100000010000023	N	oracle_06169	6169
0000000000002000200100000020000022	N	oracle_06170	6170
0000000000002000200100000200000022	N	oracle_06171	6171
0000000000002000200200000010000022	N	oracle_06172	6172
0000000000002000201000000020000022	N	oracle_06173	6173
0000000000002001000002002000000022	N	oracle_06174	6174
0000000000002001000002020000000022	N	oracle_06175	6175
0000000000002001000020000020000022	N	oracle_06176	6176
0000000000002001000020000200000022	N	oracle_06177	6177
0000000000002001000020002000000022	N	oracle_06178	6178
0000000000002001000200000020000022	N	oracle_06179	6179
0000000000002001000200000200000022	N	oracle_06180	6180
0000000000002001002000000020000022	N	oracle_06181	6181
0000000000002002000010000020000022	N	oracle_06182	6182
0000000000002002000010000200000022	N	oracle_06183	6183
0000000000002002000010002000000022	N	oracle_06184	6184
0000000000002002000020000010000022	N	oracle_06185	6185
0000000000002002000020000100000022	N	oracle_06186	6186
0000000000002002000100000020000022	N	oracle_06187	6187
0000000000002002000100000200000022	N	oracle_06188	6188
0000000000002002000200000010000022	N	oracle_06189	6189
0000000000002002001000000020000022	N	oracle_06190	6190
0000000000002020000010000020000022	N	oracle_06191	6191
0000000000002020000010000200000022	N	oracle_06192	6192
0000000000002020000010002000000022	N	oracle_06193	6193
0000000000002020000020000010000022	N	oracle_06194	6194
0000000000002020000020000100000022	N	oracle_06195	6195
0000000000002020000100000020000022	N	oracle_06196	6196
0000000000002020000100000200000022	N	oracle_06197	6197
0000000000002020000200000010000022	N	oracle_06198	6198
0000000000002020001000000020000022	N	oracle_06199	6199
0000000000002100100100000010000023	N	oracle_06200	6200
0000000000002100200100000010000013	N	oracle_06201	6201
0000000000002100200100000010000022	N	oracle_06202	6202
0000000000010000020020000020000022	N	oracle_06203	6203
0000000000010000020020000200000022	N	oracle_06204	6204
0000000000010000020020002000000022	N	oracle_06205	6205
0000000000010000020200000020000022	N	oracle_06206	6206
0000000000010000020200000200000022	N	oracle_06207	6207
0000000000010000022000000020000022	N	oracle_06208	6208
0000000000010000200020000020000022	N	oracle_06209	6209
0000000000010000200020000200000022	N	oracle_06210	6210
0000000000010000200020002000000022	N	oracle_06211	6211
0000000000010000200200000020000022	N	oracle_06212	6212
0000000000010000200200000200000022	N	oracle_06213	6213
0000000000010000202000000020000022	N	oracle_06214	6214
0000000000010002000020000020000022	N	oracle_06215	6215
0000000000010002000020000200000022	N	oracle_06216	6216
0000000000010002000020002000000022	N	oracle_06217	6217
0000000000010002000200000020000022	N	oracle_06218	6218
0000000000010002000200000200000022	N	oracle_06219	6219
0000000000010002002000000020000022	N	oracle_06220	6220
0000000000020000010020000020000022	N	oracle_06221	6221
0000000000020000010020000200000022	N	oracle_06222	6222
0000000000020000010020002000000022	N	oracle_06223	6223
0000000000020000010200000020000022	N	oracle_06224	6224
0000000000020000010200000200000022	N	oracle_06225	6225
0000000000020000012000000020000022	N	oracle_06226	6226
0000000000020000020020000100000022	N	oracle_06227	6227
0000000000020000020100000020000022	N	oracle_06228	6228
0000000000020000020100000200000022	N	oracle_06229	6229
0000000000020000020200000010000022	N	oracle_06230	6230
0000000000020000021000000020000022	N	oracle_06231	6231
0000000000020000100020000200000022	N	oracle_06232	6232
0000000000020000100020002000000022	N	oracle_06233	6233
0000000000020000100200000020000022	N	oracle_06234	6234
0000000000020000100200000200000022	N	oracle_06235	6235
0000000000020000102000000020000022	N	oracle_06236	6236
0000000000020000200100000020000022	N	oracle_06237	6237
0000000000020000200100000200000022	N	oracle_06238	6238
0000000000020000200200000010000022	N	oracle_06239	6239
0000000000020000201000000020000022	N	oracle_06240	6240
0000000000020002000100000020000022	N	oracle_06241	6241
0000000000020002000100000200000022	N	oracle_06242	6242
0000000000020002000200000010000022	N	oracle_06243	6243
0000000000020002001000000020000022	N	oracle_06244	6244
0000000000100000020200000020000022	N	oracle_06245	6245
0000000000100000020200000200000022	N	oracle_06246	6246
0000000000100000022000000020000022	N	oracle_06247	6247
0000000000100000200200000020000022	N	oracle_06248	6248
0000000000100000200200000200000022	N	oracle_06249	6249
0000000000100000202000000020000022	N	oracle_06250	6250
0000000000200000010200000020000022	N	oracle_06251	6251
0000000000200000010200000200000022	N	oracle_06252	6252
0000000000200000012000000020000022	N	oracle_06253	6253
0000000000200000021000000020000022	N	oracle_06254	6254
0000000000200000201000000020000022	N	oracle_06255	6255
0000000001000000022000000020000022	N	oracle_06256	6256
0000000010000000020000000020000033	N	oracle_06257	6257
0000000010000000020000000020000222	N	oracle_06258	6258
0000000010000000020000000200000033	N	oracle_06259	6259
0000000010000000020000000200000222	N	oracle_06260	6260
0000000010000000020000000220000022	N	oracle_06261	6261
0000000010000000020000002000000033	N	oracle_06262	6262
0000000010000000020000002000000222	N	oracle_06263	6263
0000000010000000020000002020000022	N	oracle_06264	6264
0000000010000000020000002200000022	N	oracle_06265	6265
0000000010000000020000020000000033	N	oracle_06266	6266
0000000010000000020000020000000222	N	oracle_06267	6267
0000000010000000020000020020000022	N	oracle_06268	6268
0000000010000000020000020200000022	N	oracle_06269	6269
0000000010000000020000022000000022	N	oracle_06270	6270
0000000010000000020000200000000033	N	oracle_06271	6271
0000000010000000020000200000000222	N	oracle_06272	6272
0000000010000000020000200020000022	N	oracle_06273	6273
0000000010000000020000200200000022	N	oracle_06274	6274
0000000010000000020000202000000022	N	oracle_06275	6275
0000000010000000020000220000000022	N	oracle_06276	6276
0000000010000000020002000020000022	N	oracle_06277	6277
0000000010000000020002000200000022	N	oracle_06278	6278
0000000010000000020002002000000022	N	oracle_06279	6279
0000000010000000020002020000000022	N	oracle_06280	6280
0000000010000000020020000020000022	N	oracle_06281	6281
0000000010000000020020000200000022	N	oracle_06282	6282
0000000010000000020020002000000022	N	oracle_06283	6283
0000000010000000020200000020000022	N	oracle_06284	6284
0000000010000000020200000200000022	N	oracle_06285	6285
0000000010000000022000000020000022	N	oracle_06286	6286
0000000010000000030000000030000022	N	oracle_06287	6287
0000000010000000030000000300000022	N	oracle_06288	6288
0000000010000000030000003000000022	N	oracle_06289	6289
0000000010000000030000030000000022	N	oracle_06290	6290
0000000010000000030000300000000022	N	oracle_06291	6291
0000000010000000200000000200000033	N	oracle_06292	6292
0000000010000000200000000200000222	N	oracle_06293	6293
0000000010000000200000000220000022	N	oracle_06294	6294
0000000010000000200000002000000033	N	oracle_06295	6295
0000000010000000200000002000000222	N	oracle_06296	6296
0000000010000000200000002020000022	N	oracle_06297	6297
0000000010000000200000002200000022	N	oracle_06298	6298
0000000010000000200000020000000033	N	oracle_06299	6299
0000000010000000200000020000000222	N	oracle_06300	6300
0000000010000000200000020020000022	N	oracle_06301	6301
0000000010000000200000020200000022	N	oracle_06302	6302
0000000010000000200000022000000022	N	oracle_06303	6303
0000000010000000200000130000000022	N	oracle_06304	6304
0000000010000000200000200000000033	N	oracle_06305	6305
0000000010000000200000200000000222	N	oracle_06306	6306
0000000010000000200000200020000022	N	oracle_06307	6307
0000000010000000200000200200000022	N	oracle_06308	6308
0000000010000000200000202000000022	N	oracle_06309	6309
0000000010000000200000210000000023	N	oracle_06310	6310
0000000010000000200002000020000022	N	oracle_06311	6311
0000000010000000200002000200000022	N	oracle_06312	6312
0000000010000000200002002000000022	N	oracle_06313	6313
0000000010000000200002020000000022	N	oracle_06314	6314
0000000010000000200020000020000022	N	oracle_06315	6315
0000000010000000200020000200000022	N	oracle_06316	6316
0000000010000000200020002000000022	N	oracle_06317	6317
0000000010000000200200000020000022	N	oracle_06318	6318
0000000010000000200200000200000022	N	oracle_06319	6319
0000000010000000202000000020000022	N	oracle_06320	6320
0000000010000000220000002000000022	N	oracle_06321	6321
0000000010000000220000020000000022	N	oracle_06322	6322
0000000010000000220000200000000022	N	oracle_06323	6323
0000000010000000300000000300000022	N	oracle_06324	6324
0000000010000000300000003000000022	N	oracle_06325	6325
0000000010000000300000030000000022	N	oracle_06326	6326
0000000010000000300000120000000022	N	oracle_06327	6327
0000000010000000300000130000000012	N	oracle_06328	6328
0000000010000000300000300000000022	N	oracle_06329	6329
0000000010000002000000002000000033	N	oracle_06330	6330
0000000010000002000000002000000222	N	oracle_06331	6331
0000000010000002000000002020000022	N	oracle_06332	6332
0000000010000002000000002200000022	N	oracle_06333	6333
0000000010000002000000020000000033	N	oracle_06334	6334
0000000010000002000000020000000222	N	oracle_06335	6335
0000000010000002000000020020000022	N	oracle_06336	6336
0000000010000002000000020200000022	N	oracle_06337	6337
0000000010000002000000022000000022	N	oracle_06338	6338
0000000010000002000000120000000023	N	oracle_06339	6339
0000000010000002000000200000000033	N	oracle_06340	6340
0000000010000002000000200000000222	N	oracle_06341	6341
0000000010000002000000200020000022	N	oracle_06342	6342
0000000010000002000000200200000022	N	oracle_06343	6343
0000000010000002000000202000000022	N	oracle_06344	6344
0000000010000002000000210000000023	N	oracle_06345	6345
0000000010000002000002000020000022	N	oracle_06346	6346
0000000010000002000002000200000022	N	oracle_06347	6347
0000000010000002000002002000000022	N	oracle_06348	6348
0000000010000002000002020000000022	N	oracle_06349	6349
0000000010000002000020000020000022	N	oracle_06350	6350
0000000010000002000020000200000022	N	oracle_06351	6351
0000000010000002000020002000000022	N	oracle_06352	6352
0000000010000002000200000020000022	N	oracle_06353	6353
0000000010000002000200000200000022	N	oracle_06354	6354
0000000010000002002000000020000022	N	oracle_06355	6355
0000000010000002020000020000000022	N	oracle_06356	6356
0000000010000002020000200000000022	N	oracle_06357	6357
0000000010000002200000020000000022	N	oracle_06358	6358
0000000010000002200000200000000022	N	oracle_06359	6359
0000000010000003000000003000000022	N	oracle_06360	6360
0000000010000003000000030000000022	N	oracle_06361	6361
0000000010000003000000300000000022	N	oracle_06362	6362
0000000010000020000000020000000033	N	oracle_06363	6363
0000000010000020000000020000000222	N	oracle_06364	6364
0000000010000020000000020020000022	N	oracle_06365	6365
0000000010000020000000020200000022	N	oracle_06366	6366
0000000010000020000000022000000022	N	oracle_06367	6367
0000000010000020000000200000000033	N	oracle_06368	6368
0000000010000020000000200000000222	N	oracle_06369	6369
0000000010000020000000200020000022	N	oracle_06370	6370
0000000010000020000000200200000022	N	oracle_06371	6371
0000000010000020000000202000000022	N	oracle_06372	6372
0000000010000020000000220000000022	N	oracle_06373	6373
0000000010000020000002000020000022	N	oracle_06374	6374
0000000010000020000002000200000022	N	oracle_06375	6375
0000000010000020000002002000000022	N	oracle_06376	6376
0000000010000020000002020000000022	N	oracle_06377	6377
0000000010000020000020000020000022	N	oracle_06378	6378
0000000010000020000020000200000022	N	oracle_06379	6379
0000000010000020000020002000000022	N	oracle_06380	6380
0000000010000020000200000020000022	N	oracle_06381	6381
0000000010000020000200000200000022	N	oracle_06382	6382
0000000010000020002000000020000022	N	oracle_06383	6383
0000000010000020020000200000000022	N	oracle_06384	6384
0000000010000020200000200000000022	N	oracle_06385	6385
0000000010000022000000200000000022	N	oracle_06386	6386
0000000010000030000000030000000022	N	oracle_06387	6387
0000000010000030000000300000000022	N	oracle_06388	6388
0000000010000200000000200000000033	N	oracle_06389	6389
0000000010000200000000200000000222	N	oracle_06390	6390
0000000010000200000000200020000022	N	oracle_06391	6391
0000000010000200000000200200000022	N	oracle_06392	6392
0000000010000200000000202000000022	N	oracle_06393	6393
0000000010000200000000220000000022	N	oracle_06394	6394
0000000010000200000002000020000022	N	oracle_06395	6395
0000000010000200000002000200000022	N	oracle_06396	6396
0000000010000200000002002000000022	N	oracle_06397	6397
0000000010000200000002020000000022	N	oracle_06398	6398
0000000010000200000020000020000022	N	oracle_06399	6399
0000000010000200000020000200000022	N	oracle_06400	6400
0000000010000200000020002000000022	N	oracle_06401	6401
0000000010000200000200000020000022	N	oracle_06402	6402
0000000010000200000200000200000022	N	oracle_06403	6403
0000000010000200002000000020000022	N	oracle_06404	6404
0000000010000300000000300000000022	N	oracle_06405	6405
0000000020000000020000000020000023	N	oracle_06406	6406
0000000020000000020000000020000122	N	oracle_06407	6407
0000000020000000020000000030000022	N	oracle_06408	6408
0000000020000000020000000100000033	N	oracle_06409	6409
0000000020000000020000000100000222	N	oracle_06410	6410
0000000020000000020000000120000022	N	oracle_06411	6411
0000000020000000020000000200000023	N	oracle_06412	6412
0000000020000000020000000200000122	N	oracle_06413	6413
0000000020000000020000000210000022	N	oracle_06414	6414
0000000020000000020000000300000022	N	oracle_06415	6415
0000000020000000020000001000000033	N	oracle_06416	6416
0000000020000000020000001000000222	N	oracle_06417	6417
0000000020000000020000001020000022	N	oracle_06418	6418
0000000020000000020000001200000022	N	oracle_06419	6419
0000000020000000020000002000000023	N	oracle_06420	6420
0000000020000000020000002000000122	N	oracle_06421	6421
0000000020000000020000002010000022	N	oracle_06422	6422
0000000020000000020000002100000022	N	oracle_06423	6423
0000000020000000020000003000000022	N	oracle_06424	6424
0000000020000000020000010000000033	N	oracle_06425	6425
0000000020000000020000010000000222	N	oracle_06426	6426
0000000020000000020000010020000022	N	oracle_06427	6427
0000000020000000020000010200000022	N	oracle_06428	6428
0000000020000000020000012000000022	N	oracle_06429	6429
0000000020000000020000020000000023	N	oracle_06430	6430
0000000020000000020000020000000122	N	oracle_06431	6431
0000000020000000020000020010000022	N	oracle_06432	6432
0000000020000000020000020100000022	N	oracle_06433	6433
0000000020000000020000021000000022	N	oracle_06434	6434
0000000020000000020000030000000022	N	oracle_06435	6435
0000000020000000020000100000000033	N	oracle_06436	6436
0000000020000000020000100000000222	N	oracle_06437	6437
0000000020000000020000100020000022	N	oracle_06438	6438
0000000020000000020000100200000022	N	oracle_06439	6439
0000000020000000020000102000000022	N	oracle_06440	6440
0000000020000000020000120000000022	N	oracle_06441	6441
0000000020000000020000200000000023	N	oracle_06442	6442
0000000020000000020000200000000122	N	oracle_06443	6443
0000000020000000020000200010000022	N	oracle_06444	6444
0000000020000000020000200100000022	N	oracle_06445	6445
0000000020000000020000201000000022	N	oracle_06446	6446
0000000020000000020000210000000022	N	oracle_06447	6447
0000000020000000020000300000000022	N	oracle_06448	6448
0000000020000000020001000020000022	N	oracle_06449	6449
0000000020000000020001000200000022	N	oracle_06450	6450
0000000020000000020001002000000022	N	oracle_06451	6451
0000000020000000020001020000000022	N	oracle_06452	6452
0000000020000000020002000010000022	N	oracle_06453	6453
0000000020000000020002000100000022	N	oracle_06454	6454
0000000020000000020002001000000022	N	oracle_06455	6455
0000000020000000020010000020000022	N	oracle_06456	6456
0000000020000000020010000200000022	N	oracle_06457	6457
0000000020000000020010002000000022	N	oracle_06458	6458
0000000020000000020020000010000022	N	oracle_06459	6459
0000000020000000020020000100000022	N	oracle_06460	6460
0000000020000000020100000020000022	N	oracle_06461	6461
0000000020000000020100000200000022	N	oracle_06462	6462
0000000020000000020200000010000022	N	oracle_06463	6463
0000000020000000021000000020000022	N	oracle_06464	6464
0000000020000000030000000200000022	N	oracle_06465	6465
0000000020000000030000002000000022	N	oracle_06466	6466
0000000020000000030000020000000022	N	oracle_06467	6467
0000000020000000030000200000000022	N	oracle_06468	6468
0000000020000000100000000200000033	N	oracle_06469	6469
0000000020000000100000000200000222	N	oracle_06470	6470
0000000020000000100000000220000022	N	oracle_06471	6471
0000000020000000100000002000000033	N	oracle_06472	6472
0000000020000000100000002000000222	N	oracle_06473	6473
0000000020000000100000002020000022	N	oracle_06474	6474
0000000020000000100000002200000022	N	oracle_06475	6475
0000000020000000100000020000000033	N	oracle_06476	6476
0000000020000000100000020000000222	N	oracle_06477	6477
0000000020000000100000020020000022	N	oracle_06478	6478
0000000020000000100000020200000022	N	oracle_06479	6479
0000000020000000100000022000000022	N	oracle_06480	6480
0000000020000000100000200000000033	N	oracle_06481	6481
0000000020000000100000200000000222	N	oracle_06482	6482
0000000020000000100000200020000022	N	oracle_06483	6483
0000000020000000100000200200000022	N	oracle_06484	6484
0000000020000000100000202000000022	N	oracle_06485	6485
0000000020000000100000210000000023	N	oracle_06486	6486
0000000020000000100000220000000022	N	oracle_06487	6487
0000000020000000100002000020000022	N	oracle_06488	6488
0000000020000000100002000200000022	N	oracle_06489	6489
0000000020000000100002002000000022	N	oracle_06490	6490
0000000020000000100002020000000022	N	oracle_06491	6491
0000000020000000100020000020000022	N	oracle_06492	6492
0000000020000000100020000200000022	N	oracle_06493	6493
0000000020000000100020002000000022	N	oracle_06494	6494
0000000020000000100200000020000022	N	oracle_06495	6495
0000000020000000100200000200000022	N	oracle_06496	6496
0000000020000000102000000020000022	N	oracle_06497	6497
0000000020000000120000000200000022	N	oracle_06498	6498
0000000020000000120000002000000022	N	oracle_06499	6499
0000000020000000120000020000000022	N	oracle_06500	6500
0000000020000000120000200000000022	N	oracle_06501	6501
0000000020000000200000000200000023	N	oracle_06502	6502
0000000020000000200000000200000122	N	oracle_06503	6503
0000000020000000200000000210000022	N	oracle_06504	6504
0000000020000000200000000300000022	N	oracle_06505	6505
0000000020000000200000001000000033	N	oracle_06506	6506
0000000020000000200000001000000222	N	oracle_06507	6507
0000000020000000200000001020000022	N	oracle_06508	6508
0000000020000000200000001200000022	N	oracle_06509	6509
0000000020000000200000002000000023	N	oracle_06510	6510
0000000020000000200000002000000122	N	oracle_06511	6511
0000000020000000200000002010000022	N	oracle_06512	6512
0000000020000000200000002100000022	N	oracle_06513	6513
0000000020000000200000003000000022	N	oracle_06514	6514
0000000020000000200000010000000033	N	oracle_06515	6515
0000000020000000200000010000000222	N	oracle_06516	6516
0000000020000000200000010020000022	N	oracle_06517	6517
0000000020000000200000010200000022	N	oracle_06518	6518
0000000020000000200000012000000022	N	oracle_06519	6519
0000000020000000200000020000000023	N	oracle_06520	6520
0000000020000000200000020000000122	N	oracle_06521	6521
0000000020000000200000020010000022	N	oracle_06522	6522
0000000020000000200000020100000022	N	oracle_06523	6523
0000000020000000200000021000000022	N	oracle_06524	6524
0000000020000000200000030000000022	N	oracle_06525	6525
0000000020000000200000100000000033	N	oracle_06526	6526
0000000020000000200000100000000222	N	oracle_06527	6527
0000000020000000200000100020000022	N	oracle_06528	6528
0000000020000000200000100200000022	N	oracle_06529	6529
0000000020000000200000102000000022	N	oracle_06530	6530
0000000020000000200000110000000023	N	oracle_06531	6531
0000000020000000200000120000000022	N	oracle_06532	6532
0000000020000000200000200000000023	N	oracle_06533	6533
0000000020000000200000200000000122	N	oracle_06534	6534
0000000020000000200000200010000022	N	oracle_06535	6535
0000000020000000200000200100000022	N	oracle_06536	6536
0000000020000000200000201000000022	N	oracle_06537	6537
0000000020000000200000210000000013	N	oracle_06538	6538
0000000020000000200000210000000022	N	oracle_06539	6539
0000000020000000200000300000000022	N	oracle_06540	6540
0000000020000000200001000020000022	N	oracle_06541	6541
0000000020000000200001000200000022	N	oracle_06542	6542
0000000020000000200001002000000022	N	oracle_06543	6543
0000000020000000200001020000000022	N	oracle_06544	6544
0000000020000000200002000010000022	N	oracle_06545	6545
0000000020000000200002000100000022	N	oracle_06546	6546
0000000020000000200002001000000022	N	oracle_06547	6547
0000000020000000200010000020000022	N	oracle_06548	6548
0000000020000000200010000200000022	N	oracle_06549	6549
0000000020000000200010002000000022	N	oracle_06550	6550
0000000020000000200020000010000022	N	oracle_06551	6551
0000000020000000200020000100000022	N	oracle_06552	6552
0000000020000000200100000020000022	N	oracle_06553	6553
0000000020000000200100000200000022	N	oracle_06554	6554
0000000020000000200200000010000022	N	oracle_06555	6555
0000000020000000201000000020000022	N	oracle_06556	6556
0000000020000000210000002000000022	N	oracle_06557	6557
0000000020000000210000020000000022	N	oracle_06558	6558
0000000020000000210000200000000022	N	oracle_06559	6559
0000000020000000220000001000000022	N	oracle_06560	6560
0000000020000000220000010000000022	N	oracle_06561	6561
0000000020000000220000100000000022	N	oracle_06562	6562
0000000020000000300000002000000022	N	oracle_06563	6563
0000000020000000300000020000000022	N	oracle_06564	6564
0000000020000000300000200000000022	N	oracle_06565	6565
0000000020000001000000002000000033	N	oracle_06566	6566
0000000020000001000000002000000222	N	oracle_06567	6567
0000000020000001000000002020000022	N	oracle_06568	6568
0000000020000001000000002200000022	N	oracle_06569	6569
0000000020000001000000020000000033	N	oracle_06570	6570
0000000020000001000000020000000222	N	oracle_06571	6571
0000000020000001000000020020000022	N	oracle_06572	6572
0000000020000001000000020200000022	N	oracle_06573	6573
0000000020000001000000022000000022	N	oracle_06574	6574
0000000020000001000000120000000023	N	oracle_06575	6575
0000000020000001000000200000000033	N	oracle_06576	6576
0000000020000001000000200000000222	N	oracle_06577	6577
0000000020000001000000200020000022	N	oracle_06578	6578
0000000020000001000000200200000022	N	oracle_06579	6579
0000000020000001000000202000000022	N	oracle_06580	6580
0000000020000001000000210000000023	N	oracle_06581	6581
0000000020000001000000220000000022	N	oracle_06582	6582
0000000020000001000002000020000022	N	oracle_06583	6583
0000000020000001000002000200000022	N	oracle_06584	6584
0000000020000001000002002000000022	N	oracle_06585	6585
0000000020000001000002020000000022	N	oracle_06586	6586
0000000020000001000020000020000022	N	oracle_06587	6587
0000000020000001000020000200000022	N	oracle_06588	6588
0000000020000001000020002000000022	N	oracle_06589	6589
0000000020000001000200000020000022	N	oracle_06590	6590
0000000020000001000200000200000022	N	oracle_06591	6591
0000000020000001002000000020000022	N	oracle_06592	6592
0000000020000001020000002000000022	N	oracle_06593	6593
0000000020000001020000020000000022	N	oracle_06594	6594
0000000020000001020000200000000022	N	oracle_06595	6595
0000000020000001200000002000000022	N	oracle_06596	6596
0000000020000001200000020000000022	N	oracle_06597	6597
0000000020000001200000200000000022	N	oracle_06598	6598
0000000020000002000000002000000023	N	oracle_06599	6599
0000000020000002000000002000000122	N	oracle_06600	6600
0000000020000002000000002010000022	N	oracle_06601	6601
0000000020000002000000002100000022	N	oracle_06602	6602
0000000020000002000000003000000022	N	oracle_06603	6603
0000000020000002000000010000000033	N	oracle_06604	6604
0000000020000002000000010000000222	N	oracle_06605	6605
0000000020000002000000010020000022	N	oracle_06606	6606
0000000020000002000000010200000022	N	oracle_06607	6607
0000000020000002000000012000000022	N	oracle_06608	6608
0000000020000002000000020000000023	N	oracle_06609	6609
0000000020000002000000020000000122	N	oracle_06610	6610
0000000020000002000000020010000022	N	oracle_06611	6611
0000000020000002000000020100000022	N	oracle_06612	6612
0000000020000002000000021000000022	N	oracle_06613	6613
0000000020000002000000030000000022	N	oracle_06614	6614
0000000020000002000000100000000033	N	oracle_06615	6615
0000000020000002000000100000000222	N	oracle_06616	6616
0000000020000002000000100020000022	N	oracle_06617	6617
0000000020000002000000100200000022	N	oracle_06618	6618
0000000020000002000000102000000022	N	oracle_06619	6619
0000000020000002000000110000000023	N	oracle_06620	6620
0000000020000002000000120000000013	N	oracle_06621	6621
0000000020000002000000120000000022	N	oracle_06622	6622
0000000020000002000000200000000023	N	oracle_06623	6623
0000000020000002000000200000000122	N	oracle_06624	6624
0000000020000002000000200010000022	N	oracle_06625	6625
0000000020000002000000200100000022	N	oracle_06626	6626
0000000020000002000000201000000022	N	oracle_06627	6627
0000000020000002000000210000000013	N	oracle_06628	6628
0000000020000002000000210000000022	N	oracle_06629	6629
0000000020000002000000300000000022	N	oracle_06630	6630
0000000020000002000001000020000022	N	oracle_06631	6631
0000000020000002000001000200000022	N	oracle_06632	6632
0000000020000002000001002000000022	N	oracle_06633	6633
0000000020000002000001020000000022	N	oracle_06634	6634
0000000020000002000002000010000022	N	oracle_06635	6635
0000000020000002000002000100000022	N	oracle_06636	6636
0000000020000002000002001000000022	N	oracle_06637	6637
0000000020000002000010000020000022	N	oracle_06638	6638
0000000020000002000010000200000022	N	oracle_06639	6639
0000000020000002000010002000000022	N	oracle_06640	6640
0000000020000002000020000010000022	N	oracle_06641	6641
0000000020000002000020000100000022	N	oracle_06642	6642
0000000020000002000100000020000022	N	oracle_06643	6643
0000000020000002000100000200000022	N	oracle_06644	6644
0000000020000002000200000010000022	N	oracle_06645	6645
0000000020000002001000000020000022	N	oracle_06646	6646
0000000020000002010000020000000022	N	oracle_06647	6647
0000000020000002010000200000000022	N	oracle_06648	6648
0000000020000002020000010000000022	N	oracle_06649	6649
0000000020000002020000100000000022	N	oracle_06650	6650
0000000020000002100000020000000022	N	oracle_06651	6651
0000000020000002100000200000000022	N	oracle_06652	6652
0000000020000002200000010000000022	N	oracle_06653	6653
0000000020000002200000100000000022	N	oracle_06654	6654
0000000020000003000000020000000022	N	oracle_06655	6655
0000000020000003000000200000000022	N	oracle_06656	6656
0000000020000010000000020000000033	N	oracle_06657	6657
0000000020000010000000020000000222	N	oracle_06658	6658
0000000020000010000000020020000022	N	oracle_06659	6659
0000000020000010000000020200000022	N	oracle_06660	6660
0000000020000010000000022000000022	N	oracle_06661	6661
0000000020000010000000200000000033	N	oracle_06662	6662
0000000020000010000000200000000222	N	oracle_06663	6663
0000000020000010000000200020000022	N	oracle_06664	6664
0000000020000010000000200200000022	N	oracle_06665	6665
0000000020000010000000202000000022	N	oracle_06666	6666
0000000020000010000000220000000022	N	oracle_06667	6667
0000000020000010000002000020000022	N	oracle_06668	6668
0000000020000010000002000200000022	N	oracle_06669	6669
0000000020000010000002002000000022	N	oracle_06670	6670
0000000020000010000002020000000022	N	oracle_06671	6671
0000000020000010000020000020000022	N	oracle_06672	6672
0000000020000010000020000200000022	N	oracle_06673	6673
0000000020000010000020002000000022	N	oracle_06674	6674
0000000020000010000200000020000022	N	oracle_06675	6675
0000000020000010000200000200000022	N	oracle_06676	6676
0000000020000010002000000020000022	N	oracle_06677	6677
0000000020000010020000020000000022	N	oracle_06678	6678
0000000020000010020000200000000022	N	oracle_06679	6679
0000000020000010200000020000000022	N	oracle_06680	6680
0000000020000010200000200000000022	N	oracle_06681	6681
0000000020000012000000020000000022	N	oracle_06682	6682
0000000020000012000000200000000022	N	oracle_06683	6683
0000000020000020000000020000000023	N	oracle_06684	6684
0000000020000020000000020000000122	N	oracle_06685	6685
0000000020000020000000020010000022	N	oracle_06686	6686
0000000020000020000000020100000022	N	oracle_06687	6687
0000000020000020000000021000000022	N	oracle_06688	6688
0000000020000020000000030000000022	N	oracle_06689	6689
0000000020000020000000100000000033	N	oracle_06690	6690
0000000020000020000000100000000222	N	oracle_06691	6691
0000000020000020000000100020000022	N	oracle_06692	6692
0000000020000020000000100200000022	N	oracle_06693	6693
0000000020000020000000102000000022	N	oracle_06694	6694
0000000020000020000000120000000022	N	oracle_06695	6695
0000000020000020000000200000000023	N	oracle_06696	6696
0000000020000020000000200000000122	N	oracle_06697	6697
0000000020000020000000200010000022	N	oracle_06698	6698
0000000020000020000000200100000022	N	oracle_06699	6699
0000000020000020000000201000000022	N	oracle_06700	6700
0000000020000020000000210000000022	N	oracle_06701	6701
0000000020000020000000300000000022	N	oracle_06702	6702
0000000020000020000001000020000022	N	oracle_06703	6703
0000000020000020000001000200000022	N	oracle_06704	6704
0000000020000020000001002000000022	N	oracle_06705	6705
0000000020000020000001020000000022	N	oracle_06706	6706
0000000020000020000002000010000022	N	oracle_06707	6707
0000000020000020000002000100000022	N	oracle_06708	6708
0000000020000020000002001000000022	N	oracle_06709	6709
0000000020000020000010000020000022	N	oracle_06710	6710
0000000020000020000010000200000022	N	oracle_06711	6711
0000000020000020000010002000000022	N	oracle_06712	6712
0000000020000020000020000010000022	N	oracle_06713	6713
0000000020000020000020000100000022	N	oracle_06714	6714
0000000020000020000100000020000022	N	oracle_06715	6715
0000000020000020000100000200000022	N	oracle_06716	6716
0000000020000020000200000010000022	N	oracle_06717	6717
0000000020000020001000000020000022	N	oracle_06718	6718
0000000020000020010000200000000022	N	oracle_06719	6719
0000000020000020020000100000000022	N	oracle_06720	6720
0000000020000020100000200000000022	N	oracle_06721	6721
0000000020000020200000100000000022	N	oracle_06722	6722
0000000020000021000000200000000022	N	oracle_06723	6723
0000000020000022000000100000000022	N	oracle_06724	6724
0000000020000030000000200000000022	N	oracle_06725	6725
0000000020000100000000200000000033	N	oracle_06726	6726
0000000020000100000000200000000222	N	oracle_06727	6727
0000000020000100000000200020000022	N	oracle_06728	6728
0000000020000100000000200200000022	N	oracle_06729	6729
0000000020000100000000202000000022	N	oracle_06730	6730
0000000020000100000000220000000022	N	oracle_06731	6731
0000000020000100000002000020000022	N	oracle_06732	6732
0000000020000100000002000200000022	N	oracle_06733	6733
0000000020000100000002002000000022	N	oracle_06734	6734
0000000020000100000002020000000022	N	oracle_06735	6735
0000000020000100000020000020000022	N	oracle_06736	6736
0000000020000100000020000200000022	N	oracle_06737	6737
0000000020000100000020002000000022	N	oracle_06738	6738
0000000020000100000200000020000022	N	oracle_06739	6739
0000000020000100000200000200000022	N	oracle_06740	6740
0000000020000100002000000020000022	N	oracle_06741	6741
0000000020000100020000200000000022	N	oracle_06742	6742
0000000020000100200000200000000022	N	oracle_06743	6743
0000000020000102000000200000000022	N	oracle_06744	6744
0000000020000120000000200000000022	N	oracle_06745	6745
0000000020000200000000200000000023	N	oracle_06746	6746
0000000020000200000000200000000122	N	oracle_06747	6747
0000000020000200000000200010000022	N	oracle_06748	6748
0000000020000200000000200100000022	N	oracle_06749	6749
0000000020000200000000201000000022	N	oracle_06750	6750
0000000020000200000000210000000022	N	oracle_06751	6751
0000000020000200000000300000000022	N	oracle_06752	6752
0000000020000200000001000020000022	N	oracle_06753	6753
0000000020000200000001000200000022	N	oracle_06754	6754
0000000020000200000001002000000022	N	oracle_06755	6755
0000000020000200000001020000000022	N	oracle_06756	6756
0000000020000200000002000010000022	N	oracle_06757	6757
0000000020000200000002000100000022	N	oracle_06758	6758
0000000020000200000002001000000022	N	oracle_06759	6759
0000000020000200000010000020000022	N	oracle_06760	6760
0000000020000200000010000200000022	N	oracle_06761	6761
0000000020000200000010002000000022	N	oracle_06762	6762
0000000020000200000020000010000022	N	oracle_06763	6763
0000000020000200000020000100000022	N	oracle_06764	6764
0000000020000200000100000020000022	N	oracle_06765	6765
0000000020000200000100000200000022	N	oracle_06766	6766
0000000020000200000200000010000022	N	oracle_06767	6767
0000000020000200001000000020000022	N	oracle_06768	6768
0000000030000000030000000100000022	N	oracle_06769	6769
0000000030000000030000001000000022	N	oracle_06770	6770
0000000030000000030000010000000022	N	oracle_06771	6771
0000000030000000030000100000000022	N	oracle_06772	6772
0000000030000000100000000300000022	N	oracle_06773	6773
0000000030000000100000003000000022	N	oracle_06774	6774
0000000030000000100000030000000022	N	oracle_06775	6775
0000000030000000100000300000000022	N	oracle_06776	6776
0000000030000000200000000200000022	N	oracle_06777	6777
0000000030000000200000002000000022	N	oracle_06778	6778
0000000030000000200000020000000022	N	oracle_06779	6779
0000000030000000200000200000000022	N	oracle_06780	6780
0000000030000000300000001000000022	N	oracle_06781	6781
0000000030000000300000010000000022	N	oracle_06782	6782
0000000030000000300000100000000022	N	oracle_06783	6783
0000000030000001000000003000000022	N	oracle_06784	6784
0000000030000001000000030000000022	N	oracle_06785	6785
0000000030000001000000300000000022	N	oracle_06786	6786
0000000030000002000000002000000022	N	oracle_06787	6787
0000000030000002000000020000000022	N	oracle_06788	6788
0000000030000002000000200000000022	N	oracle_06789	6789
0000000030000003000000010000000022	N	oracle_06790	6790
0000000030000003000000100000000022	N	oracle_06791	6791
0000000030000010000000030000000022	N	oracle_06792	6792
0000000030000010000000300000000022	N	oracle_06793	6793
0000000030000020000000020000000022	N	oracle_06794	6794
0000000030000020000000200000000022	N	oracle_06795	6795
0000000030000030000000100000000022	N	oracle_06796	6796
0000000030000100000000300000000022	N	oracle_06797	6797
0000000030000200000000200000000022	N	oracle_06798	6798
0000000100000000200000000200000033	N	oracle_06799	6799
0000000100000000200000000200000222	N	oracle_06800	6800
0000000100000000200000000220000022	N	oracle_06801	6801
0000000100000000200000002000000033	N	oracle_06802	6802
0000000100000000200000002000000222	N	oracle_06803	6803
0000000100000000200000002020000022	N	oracle_06804	6804
0000000100000000200000002200000022	N	oracle_06805	6805
0000000100000000200000020000000033	N	oracle_06806	6806
0000000100000000200000020000000222	N	oracle_06807	6807
0000000100000000200000020020000022	N	oracle_06808	6808
0000000100000000200000020200000022	N	oracle_06809	6809
0000000100000000200000022000000022	N	oracle_06810	6810
0000000100000000200000200000000033	N	oracle_06811	6811
0000000100000000200000200000000222	N	oracle_06812	6812
0000000100000000200000200020000022	N	oracle_06813	6813
0000000100000000200000200200000022	N	oracle_06814	6814
0000000100000000200000202000000022	N	oracle_06815	6815
0000000100000000200002000020000022	N	oracle_06816	6816
0000000100000000200002000200000022	N	oracle_06817	6817
0000000100000000200002002000000022	N	oracle_06818	6818
0000000100000000200002020000000022	N	oracle_06819	6819
0000000100000000200020000020000022	N	oracle_06820	6820
0000000100000000200020000200000022	N	oracle_06821	6821
0000000100000000200020002000000022	N	oracle_06822	6822
0000000100000000200200000020000022	N	oracle_06823	6823
0000000100000000200200000200000022	N	oracle_06824	6824
0000000100000000202000000020000022	N	oracle_06825	6825
0000000100000000220000002000000022	N	oracle_06826	6826
0000000100000000220000020000000022	N	oracle_06827	6827
0000000100000000220000200000000022	N	oracle_06828	6828
0000000100000000300000000300000022	N	oracle_06829	6829
0000000100000000300000003000000022	N	oracle_06830	6830
0000000100000000300000030000000022	N	oracle_06831	6831
0000000100000000300000300000000022	N	oracle_06832	6832
0000000100000002000000002000000033	N	oracle_06833	6833
0000000100000002000000002000000222	N	oracle_06834	6834
0000000100000002000000002020000022	N	oracle_06835	6835
0000000100000002000000002200000022	N	oracle_06836	6836
0000000100000002000000020000000033	N	oracle_06837	6837
0000000100000002000000020000000222	N	oracle_06838	6838
0000000100000002000000020020000022	N	oracle_06839	6839
0000000100000002000000020200000022	N	oracle_06840	6840
0000000100000002000000022000000022	N	oracle_06841	6841
0000000100000002000000200000000033	N	oracle_06842	6842
0000000100000002000000200000000222	N	oracle_06843	6843
0000000100000002000000200020000022	N	oracle_06844	6844
0000000100000002000000200200000022	N	oracle_06845	6845
0000000100000002000000202000000022	N	oracle_06846	6846
0000000100000002000002000020000022	N	oracle_06847	6847
0000000100000002000002000200000022	N	oracle_06848	6848
0000000100000002000002002000000022	N	oracle_06849	6849
0000000100000002000002020000000022	N	oracle_06850	6850
0000000100000002000020000020000022	N	oracle_06851	6851
0000000100000002000020000200000022	N	oracle_06852	6852
0000000100000002000020002000000022	N	oracle_06853	6853
0000000100000002000200000020000022	N	oracle_06854	6854
0000000100000002000200000200000022	N	oracle_06855	6855
0000000100000002002000000020000022	N	oracle_06856	6856
0000000100000002020000020000000022	N	oracle_06857	6857
0000000100000002020000200000000022	N	oracle_06858	6858
0000000100000002200000020000000022	N	oracle_06859	6859
0000000100000002200000200000000022	N	oracle_06860	6860
0000000100000003000000003000000022	N	oracle_06861	6861
0000000100000003000000030000000022	N	oracle_06862	6862
0000000100000003000000300000000022	N	oracle_06863	6863
0000000100000020000000020000000033	N	oracle_06864	6864
0000000100000020000000020000000222	N	oracle_06865	6865
0000000100000020000000020020000022	N	oracle_06866	6866
0000000100000020000000020200000022	N	oracle_06867	6867
0000000100000020000000022000000022	N	oracle_06868	6868
0000000100000020000000200000000033	N	oracle_06869	6869
0000000100000020000000200000000222	N	oracle_06870	6870
0000000100000020000000200020000022	N	oracle_06871	6871
0000000100000020000000200200000022	N	oracle_06872	6872
0000000100000020000000202000000022	N	oracle_06873	6873
0000000100000020000000210000000023	N	oracle_06874	6874
0000000100000020000000220000000022	N	oracle_06875	6875
0000000100000020000002000020000022	N	oracle_06876	6876
0000000100000020000002000200000022	N	oracle_06877	6877
0000000100000020000002002000000022	N	oracle_06878	6878
0000000100000020000002020000000022	N	oracle_06879	6879
0000000100000020000020000020000022	N	oracle_06880	6880
0000000100000020000020000200000022	N	oracle_06881	6881
0000000100000020000020002000000022	N	oracle_06882	6882
0000000100000020000200000020000022	N	oracle_06883	6883
0000000100000020000200000200000022	N	oracle_06884	6884
0000000100000020002000000020000022	N	oracle_06885	6885
0000000100000020020000200000000022	N	oracle_06886	6886
0000000100000020200000200000000022	N	oracle_06887	6887
0000000100000022000000200000000022	N	oracle_06888	6888
0000000100000030000000030000000022	N	oracle_06889	6889
0000000100000030000000300000000022	N	oracle_06890	6890
0000000100000200000000200000000033	N	oracle_06891	6891
0000000100000200000000200000000222	N	oracle_06892	6892
0000000100000200000000200020000022	N	oracle_06893	6893
0000000100000200000000200200000022	N	oracle_06894	6894
0000000100000200000000202000000022	N	oracle_06895	6895
0000000100000200000000210000000023	N	oracle_06896	6896
0000000100000200000000220000000022	N	oracle_06897	6897
0000000100000200000002000020000022	N	oracle_06898	6898
0000000100000200000002000200000022	N	oracle_06899	6899
0000000100000200000002002000000022	N	oracle_06900	6900
0000000100000200000002020000000022	N	oracle_06901	6901
0000000100000200000020000020000022	N	oracle_06902	6902
0000000100000200000020000200000022	N	oracle_06903	6903
0000000100000200000020002000000022	N	oracle_06904	6904
0000000100000200000200000020000022	N	oracle_06905	6905
0000000100000200000200000200000022	N	oracle_06906	6906
0000000100000200002000000020000022	N	oracle_06907	6907
0000000100000300000000300000000022	N	oracle_06908	6908
0000000120000000200000000200000022	N	oracle_06909	6909
0000000120000000200000002000000022	N	oracle_06910	6910
0000000120000000200000020000000022	N	oracle_06911	6911
0000000120000000200000200000000022	N	oracle_06912	6912
0000000120000002000000002000000022	N	oracle_06913	6913
0000000120000002000000020000000022	N	oracle_06914	6914
0000000120000002000000200000000022	N	oracle_06915	6915
0000000120000020000000020000000022	N	oracle_06916	6916
0000000120000020000000200000000022	N	oracle_06917	6917
0000000120000200000000200000000022	N	oracle_06918	6918
0000000200000000200000000200000023	N	oracle_06919	6919
0000000200000000200000000200000122	N	oracle_06920	6920
0000000200000000200000000210000022	N	oracle_06921	6921
0000000200000000200000000300000022	N	oracle_06922	6922
0000000200000000200000001000000033	N	oracle_06923	6923
0000000200000000200000001000000222	N	oracle_06924	6924
0000000200000000200000001020000022	N	oracle_06925	6925
0000000200000000200000001200000022	N	oracle_06926	6926
0000000200000000200000002000000023	N	oracle_06927	6927
0000000200000000200000002000000122	N	oracle_06928	6928
0000000200000000200000002010000022	N	oracle_06929	6929
0000000200000000200000002100000022	N	oracle_06930	6930
0000000200000000200000003000000022	N	oracle_06931	6931
0000000200000000200000010000000033	N	oracle_06932	6932
0000000200000000200000010000000222	N	oracle_06933	6933
0000000200000000200000010020000022	N	oracle_06934	6934
0000000200000000200000010200000022	N	oracle_06935	6935
0000000200000000200000012000000022	N	oracle_06936	6936
0000000200000000200000020000000023	N	oracle_06937	6937
0000000200000000200000020000000122	N	oracle_06938	6938
0000000200000000200000020010000022	N	oracle_06939	6939
0000000200000000200000020100000022	N	oracle_06940	6940
0000000200000000200000021000000022	N	oracle_06941	6941
0000000200000000200000030000000022	N	oracle_06942	6942
0000000200000000200000100000000033	N	oracle_06943	6943
0000000200000000200000100000000222	N	oracle_06944	6944
0000000200000000200000100020000022	N	oracle_06945	6945
0000000200000000200000100200000022	N	oracle_06946	6946
0000000200000000200000102000000022	N	oracle_06947	6947
0000000200000000200000120000000022	N	oracle_06948	6948
0000000200000000200000200000000023	N	oracle_06949	6949
0000000200000000200000200000000122	N	oracle_06950	6950
0000000200000000200000200010000022	N	oracle_06951	6951
0000000200000000200000200100000022	N	oracle_06952	6952
0000000200000000200000201000000022	N	oracle_06953	6953
0000000200000000200000210000000022	N	oracle_06954	6954
0000000200000000200000300000000022	N	oracle_06955	6955
0000000200000000200001000020000022	N	oracle_06956	6956
0000000200000000200001000200000022	N	oracle_06957	6957
0000000200000000200001002000000022	N	oracle_06958	6958
0000000200000000200001020000000022	N	oracle_06959	6959
0000000200000000200002000010000022	N	oracle_06960	6960
0000000200000000200002000100000022	N	oracle_06961	6961
0000000200000000200002001000000022	N	oracle_06962	6962
0000000200000000200010000020000022	N	oracle_06963	6963
0000000200000000200010000200000022	N	oracle_06964	6964
0000000200000000200010002000000022	N	oracle_06965	6965
0000000200000000200020000010000022	N	oracle_06966	6966
0000000200000000200020000100000022	N	oracle_06967	6967
0000000200000000200100000020000022	N	oracle_06968	6968
0000000200000000200100000200000022	N	oracle_06969	6969
0000000200000000200200000010000022	N	oracle_06970	6970
0000000200000000201000000020000022	N	oracle_06971	6971
0000000200000000210000002000000022	N	oracle_06972	6972
0000000200000000210000020000000022	N	oracle_06973	6973
0000000200000000210000200000000022	N	oracle_06974	6974
0000000200000000220000001000000022	N	oracle_06975	6975
0000000200000000220000010000000022	N	oracle_06976	6976
0000000200000000220000100000000022	N	oracle_06977	6977
0000000200000000300000002000000022	N	oracle_06978	6978
0000000200000000300000020000000022	N	oracle_06979	6979
0000000200000000300000200000000022	N	oracle_06980	6980
0000000200000001000000002000000033	N	oracle_06981	6981
0000000200000001000000002000000222	N	oracle_06982	6982
0000000200000001000000002020000022	N	oracle_06983	6983
0000000200000001000000002200000022	N	oracle_06984	6984
0000000200000001000000020000000033	N	oracle_06985	6985
0000000200000001000000020000000222	N	oracle_06986	6986
0000000200000001000000020020000022	N	oracle_06987	6987
0000000200000001000000020200000022	N	oracle_06988	6988
0000000200000001000000022000000022	N	oracle_06989	6989
0000000200000001000000200000000033	N	oracle_06990	6990
0000000200000001000000200000000222	N	oracle_06991	6991
0000000200000001000000200020000022	N	oracle_06992	6992
0000000200000001000000200200000022	N	oracle_06993	6993
0000000200000001000000202000000022	N	oracle_06994	6994
0000000200000001000002000020000022	N	oracle_06995	6995
0000000200000001000002000200000022	N	oracle_06996	6996
0000000200000001000002002000000022	N	oracle_06997	6997
0000000200000001000002020000000022	N	oracle_06998	6998
0000000200000001000020000020000022	N	oracle_06999	6999
0000000200000001000020000200000022	N	oracle_07000	7000
0000000200000001000020002000000022	N	oracle_07001	7001
0000000200000001000200000020000022	N	oracle_07002	7002
0000000200000001000200000200000022	N	oracle_07003	7003
0000000200000001002000000020000022	N	oracle_07004	7004
0000000200000001020000002000000022	N	oracle_07005	7005
0000000200000001020000020000000022	N	oracle_07006	7006
0000000200000001020000200000000022	N	oracle_07007	7007
0000000200000001200000002000000022	N	oracle_07008	7008
0000000200000001200000020000000022	N	oracle_07009	7009
0000000200000001200000200000000022	N	oracle_07010	7010
0000000200000002000000002000000023	N	oracle_07011	7011
0000000200000002000000002000000122	N	oracle_07012	7012
0000000200000002000000002010000022	N	oracle_07013	7013
0000000200000002000000002100000022	N	oracle_07014	7014
0000000200000002000000003000000022	N	oracle_07015	7015
0000000200000002000000010000000033	N	oracle_07016	7016
0000000200000002000000010000000222	N	oracle_07017	7017
0000000200000002000000010020000022	N	oracle_07018	7018
0000000200000002000000010200000022	N	oracle_07019	7019
0000000200000002000000012000000022	N	oracle_07020	7020
0000000200000002000000020000000023	N	oracle_07021	7021
0000000200000002000000020000000122	N	oracle_07022	7022
0000000200000002000000020010000022	N	oracle_07023	7023
0000000200000002000000020100000022	N	oracle_07024	7024
0000000200000002000000021000000022	N	oracle_07025	7025
0000000200000002000000030000000022	N	oracle_07026	7026
0000000200000002000000100000000033	N	oracle_07027	7027
0000000200000002000000100000000222	N	oracle_07028	7028
0000000200000002000000100020000022	N	oracle_07029	7029
0000000200000002000000100200000022	N	oracle_07030	7030
0000000200000002000000102000000022	N	oracle_07031	7031
0000000200000002000000120000000022	N	oracle_07032	7032
0000000200000002000000200000000023	N	oracle_07033	7033
0000000200000002000000200000000122	N	oracle_07034	7034
0000000200000002000000200010000022	N	oracle_07035	7035
0000000200000002000000200100000022	N	oracle_07036	7036
0000000200000002000000201000000022	N	oracle_07037	7037
0000000200000002000000210000000022	N	oracle_07038	7038
0000000200000002000000300000000022	N	oracle_07039	7039
0000000200000002000001000020000022	N	oracle_07040	7040
0000000200000002000001000200000022	N	oracle_07041	7041
0000000200000002000001002000000022	N	oracle_07042	7042
0000000200000002000001020000000022	N	oracle_07043	7043
0000000200000002000002000010000022	N	oracle_07044	7044
0000000200000002000002000100000022	N	oracle_07045	7045
0000000200000002000002001000000022	N	oracle_07046	7046
0000000200000002000010000020000022	N	oracle_07047	7047
0000000200000002000010000200000022	N	oracle_07048	7048
0000000200000002000010002000000022	N	oracle_07049	7049
0000000200000002000020000010000022	N	oracle_07050	7050
0000000200000002000020000100000022	N	oracle_07051	7051
0000000200000002000100000020000022	N	oracle_07052	7052
0000000200000002000100000200000022	N	oracle_07053	7053
0000000200000002000200000010000022	N	oracle_07054	7054
0000000200000002001000000020000022	N	oracle_07055	7055
0000000200000002010000020000000022	N	oracle_07056	7056
0000000200000002010000200000000022	N	oracle_07057	7057
0000000200000002020000010000000022	N	oracle_07058	7058
0000000200000002020000100000000022	N	oracle_07059	7059
0000000200000002100000020000000022	N	oracle_07060	7060
0000000200000002100000200000000022	N	oracle_07061	7061
0000000200000002200000010000000022	N	oracle_07062	7062
0000000200000002200000100000000022	N	oracle_07063	7063
0000000200000003000000020000000022	N	oracle_07064	7064
0000000200000003000000200000000022	N	oracle_07065	7065
0000000200000010000000020000000033	N	oracle_07066	7066
0000000200000010000000020000000222	N	oracle_07067	7067
0000000200000010000000020020000022	N	oracle_07068	7068
0000000200000010000000020200000022	N	oracle_07069	7069
0000000200000010000000022000000022	N	oracle_07070	7070
0000000200000010000000200000000033	N	oracle_07071	7071
0000000200000010000000200000000222	N	oracle_07072	7072
0000000200000010000000200020000022	N	oracle_07073	7073
0000000200000010000000200200000022	N	oracle_07074	7074
0000000200000010000000202000000022	N	oracle_07075	7075
0000000200000010000000210000000023	N	oracle_07076	7076
0000000200000010000002000020000022	N	oracle_07077	7077
0000000200000010000002000200000022	N	oracle_07078	7078
0000000200000010000002002000000022	N	oracle_07079	7079
0000000200000010000002020000000022	N	oracle_07080	7080
0000000200000010000020000020000022	N	oracle_07081	7081
0000000200000010000020000200000022	N	oracle_07082	7082
0000000200000010000020002000000022	N	oracle_07083	7083
0000000200000010000200000020000022	N	oracle_07084	7084
0000000200000010000200000200000022	N	oracle_07085	7085
0000000200000010002000000020000022	N	oracle_07086	7086
0000000200000010020000020000000022	N	oracle_07087	7087
0000000200000010020000200000000022	N	oracle_07088	7088
0000000200000010200000020000000022	N	oracle_07089	7089
0000000200000010200000200000000022	N	oracle_07090	7090
0000000200000012000000020000000022	N	oracle_07091	7091
0000000200000012000000200000000022	N	oracle_07092	7092
0000000200000020000000020000000023	N	oracle_07093	7093
0000000200000020000000020000000122	N	oracle_07094	7094
0000000200000020000000020010000022	N	oracle_07095	7095
0000000200000020000000020100000022	N	oracle_07096	7096
0000000200000020000000021000000022	N	oracle_07097	7097
0000000200000020000000030000000022	N	oracle_07098	7098
0000000200000020000000100000000033	N	oracle_07099	7099
0000000200000020000000100000000222	N	oracle_07100	7100
0000000200000020000000100020000022	N	oracle_07101	7101
0000000200000020000000100200000022	N	oracle_07102	7102
0000000200000020000000102000000022	N	oracle_07103	7103
0000000200000020000000110000000023	N	oracle_07104	7104
0000000200000020000000120000000022	N	oracle_07105	7105
0000000200000020000000200000000023	N	oracle_07106	7106
0000000200000020000000200000000122	N	oracle_07107	7107
0000000200000020000000200010000022	N	oracle_07108	7108
0000000200000020000000200100000022	N	oracle_07109	7109
0000000200000020000000201000000022	N	oracle_07110	7110
0000000200000020000000210000000013	N	oracle_07111	7111
0000000200000020000000210000000022	N	oracle_07112	7112
0000000200000020000000300000000022	N	oracle_07113	7113
0000000200000020000001000020000022	N	oracle_07114	7114
0000000200000020000001000200000022	N	oracle_07115	7115
0000000200000020000001002000000022	N	oracle_07116	7116
0000000200000020000001020000000022	N	oracle_07117	7117
0000000200000020000002000010000022	N	oracle_07118	7118
0000000200000020000002000100000022	N	oracle_07119	7119
0000000200000020000002001000000022	N	oracle_07120	7120
0000000200000020000010000020000022	N	oracle_07121	7121
0000000200000020000010000200000022	N	oracle_07122	7122
0000000200000020000010002000000022	N	oracle_07123	7123
0000000200000020000020000010000022	N	oracle_07124	7124
0000000200000020000020000100000022	N	oracle_07125	7125
0000000200000020000100000020000022	N	oracle_07126	7126
0000000200000020000100000200000022	N	oracle_07127	7127
0000000200000020000200000010000022	N	oracle_07128	7128
0000000200000020001000000020000022	N	oracle_07129	7129
0000000200000020010000200000000022	N	oracle_07130	7130
0000000200000020020000100000000022	N	oracle_07131	7131
0000000200000020100000200000000022	N	oracle_07132	7132
0000000200000020200000100000000022	N	oracle_07133	7133
0000000200000021000000200000000022	N	oracle_07134	7134
0000000200000022000000100000000022	N	oracle_07135	7135
0000000200000030000000200000000022	N	oracle_07136	7136
0000000200000100000000200000000033	N	oracle_07137	7137
0000000200000100000000200000000222	N	oracle_07138	7138
0000000200000100000000200020000022	N	oracle_07139	7139
0000000200000100000000200200000022	N	oracle_07140	7140
0000000200000100000000202000000022	N	oracle_07141	7141
0000000200000100000000210000000023	N	oracle_07142	7142
0000000200000100000002000020000022	N	oracle_07143	7143
0000000200000100000002000200000022	N	oracle_07144	7144
0000000200000100000002002000000022	N	oracle_07145	7145
0000000200000100000002020000000022	N	oracle_07146	7146
0000000200000100000020000020000022	N	oracle_07147	7147
0000000200000100000020000200000022	N	oracle_07148	7148
0000000200000100000020002000000022	N	oracle_07149	7149
0000000200000100000200000020000022	N	oracle_07150	7150
0000000200000100000200000200000022	N	oracle_07151	7151
0000000200000100002000000020000022	N	oracle_07152	7152
0000000200000100020000200000000022	N	oracle_07153	7153
0000000200000100200000200000000022	N	oracle_07154	7154
0000000200000102000000200000000022	N	oracle_07155	7155
0000000200000110000000200000000023	N	oracle_07156	7156
0000000200000120000000200000000022	N	oracle_07157	7157
0000000200000200000000200000000023	N	oracle_07158	7158
0000000200000200000000200000000122	N	oracle_07159	7159
0000000200000200000000200010000022	N	oracle_07160	7160
0000000200000200000000200100000022	N	oracle_07161	7161
0000000200000200000000201000000022	N	oracle_07162	7162
0000000200000200000000210000000013	N	oracle_07163	7163
0000000200000200000000210000000022	N	oracle_07164	7164
0000000200000200000000300000000022	N	oracle_07165	7165
0000000200000200000001000020000022	N	oracle_07166	7166
0000000200000200000001000200000022	N	oracle_07167	7167
0000000200000200000001002000000022	N	oracle_07168	7168
0000000200000200000001020000000022	N	oracle_07169	7169
0000000200000200000002000010000022	N	oracle_07170	7170
0000000200000200000002000100000022	N	oracle_07171	7171
0000000200000200000002001000000022	N	oracle_07172	7172
0000000200000200000010000020000022	N	oracle_07173	7173
0000000200000200000010000200000022	N	oracle_07174	7174
0000000200000200000010002000000022	N	oracle_07175	7175
0000000200000200000020000010000022	N	oracle_07176	7176
0000000200000200000020000100000022	N	oracle_07177	7177
0000000200000200000100000020000022	N	oracle_07178	7178
0000000200000200000100000200000022	N	oracle_07179	7179
0000000200000200000200000010000022	N	oracle_07180	7180
0000000200000200001000000020000022	N	oracle_07181	7181
0000000210000002000000002000000022	N	oracle_07182	7182
0000000210000002000000020000000022	N	oracle_07183	7183
0000000210000002000000200000000022	N	oracle_07184	7184
0000000210000020000000020000000022	N	oracle_07185	7185
0000000210000020000000200000000022	N	oracle_07186	7186
0000000210000200000000200000000022	N	oracle_07187	7187
0000000220000001000000002000000022	N	oracle_07188	7188
0000000220000001000000020000000022	N	oracle_07189	7189
0000000220000001000000200000000022	N	oracle_07190	7190
0000000220000002000000010000000022	N	oracle_07191	7191
0000000220000002000000100000000022	N	oracle_07192	7192
0000000220000010000000020000000022	N	oracle_07193	7193
0000000220000010000000200000000022	N	oracle_07194	7194
0000000220000020000000100000000022	N	oracle_07195	7195
0000000220000100000000200000000022	N	oracle_07196	7196
0000000300000000300000001000000022	N	oracle_07197	7197
0000000300000000300000010000000022	N	oracle_07198	7198
0000000300000000300000100000000022	N	oracle_07199	7199
0000000300000001000000003000000022	N	oracle_07200	7200
0000000300000001000000030000000022	N	oracle_07201	7201
0000000300000001000000300000000022	N	oracle_07202	7202
0000000300000002000000002000000022	N	oracle_07203	7203
0000000300000002000000020000000022	N	oracle_07204	7204
0000000300000002000000200000000022	N	oracle_07205	7205
0000000300000003000000010000000022	N	oracle_07206	7206
0000000300000003000000100000000022	N	oracle_07207	7207
0000000300000010000000030000000022	N	oracle_07208	7208
0000000300000010000000300000000022	N	oracle_07209	7209
0000000300000020000000020000000022	N	oracle_07210	7210
0000000300000020000000200000000022	N	oracle_07211	7211
0000000300000030000000100000000022	N	oracle_07212	7212
0000000300000100000000300000000022	N	oracle_07213	7213
0000000300000200000000200000000022	N	oracle_07214	7214
0000001000000001000000202000000023	N	oracle_07215	7215
0000001000000001000001102000000023	N	oracle_07216	7216
0000001000000001000001201000000023	N	oracle_07217	7217
0000001000000001000001202000000013	N	oracle_07218	7218
0000001000000001000001202000000022	N	oracle_07219	7219
0000001000000002000000002000000033	N	oracle_07220	7220
0000001000000002000000002000000222	N	oracle_07221	7221
0000001000000002000000002020000022	N	oracle_07222	7222
0000001000000002000000002200000022	N	oracle_07223	7223
0000001000000002000000020000000033	N	oracle_07224	7224
0000001000000002000000020000000222	N	oracle_07225	7225
0000001000000002000000020020000022	N	oracle_07226	7226
0000001000000002000000020200000022	N	oracle_07227	7227
0000001000000002000000022000000022	N	oracle_07228	7228
0000001000000002000000200000000033	N	oracle_07229	7229
0000001000000002000000200000000222	N	oracle_07230	7230
0000001000000002000000200020000022	N	oracle_07231	7231
0000001000000002000000200200000022	N	oracle_07232	7232
0000001000000002000000202000000022	N	oracle_07233	7233
0000001000000002000002000020000022	N	oracle_07234	7234
0000001000000002000002000200000022	N	oracle_07235	7235
0000001000000002000002002000000022	N	oracle_07236	7236
0000001000000002000002020000000022	N	oracle_07237	7237
0000001000000002000020000020000022	N	oracle_07238	7238
0000001000000002000020000200000022	N	oracle_07239	7239
0000001000000002000020002000000022	N	oracle_07240	7240
0000001000000002000200000020000022	N	oracle_07241	7241
0000001000000002000200000200000022	N	oracle_07242	7242
0000001000000002002000000020000022	N	oracle_07243	7243
0000001000000002020000020000000022	N	oracle_07244	7244
0000001000000002020000200000000022	N	oracle_07245	7245
0000001000000002200000020000000022	N	oracle_07246	7246
0000001000000002200000200000000022	N	oracle_07247	7247
0000001000000003000000003000000022	N	oracle_07248	7248
0000001000000003000000030000000022	N	oracle_07249	7249
0000001000000003000000300000000022	N	oracle_07250	7250
0000001000000010000000220000000023	N	oracle_07251	7251
0000001000000020000000020000000033	N	oracle_07252	7252
0000001000000020000000020000000222	N	oracle_07253	7253
0000001000000020000000020020000022	N	oracle_07254	7254
0000001000000020000000020200000022	N	oracle_07255	7255
0000001000000020000000022000000022	N	oracle_07256	7256
0000001000000020000000120000000023	N	oracle_07257	7257
0000001000000020000000200000000033	N	oracle_07258	7258
0000001000000020000000200000000222	N	oracle_07259	7259
0000001000000020000000200020000022	N	oracle_07260	7260
0000001000000020000000200200000022	N	oracle_07261	7261
0000001000000020000000202000000022	N	oracle_07262	7262
0000001000000020000000210000000023	N	oracle_07263	7263
0000001000000020000000220000000022	N	oracle_07264	7264
0000001000000020000002000020000022	N	oracle_07265	7265
0000001000000020000002000200000022	N	oracle_07266	7266
0000001000000020000002002000000022	N	oracle_07267	7267
0000001000000020000002020000000022	N	oracle_07268	7268
0000001000000020000020000020000022	N	oracle_07269	7269
0000001000000020000020000200000022	N	oracle_07270	7270
0000001000000020000020002000000022	N	oracle_07271	7271
0000001000000020000200000020000022	N	oracle_07272	7272
0000001000000020000200000200000022	N	oracle_07273	7273
0000001000000020002000000020000022	N	oracle_07274	7274
0000001000000020020000200000000022	N	oracle_07275	7275
0000001000000020200000200000000022	N	oracle_07276	7276
0000001000000022000000200000000022	N	oracle_07277	7277
0000001000000030000000030000000022	N	oracle_07278	7278
0000001000000030000000300000000022	N	oracle_07279	7279
0000001000000200000000200000000033	N	oracle_07280	7280
0000001000000200000000200000000222	N	oracle_07281	7281
0000001000000200000000200020000022	N	oracle_07282	7282
0000001000000200000000200200000022	N	oracle_07283	7283
0000001000000200000000202000000022	N	oracle_07284	7284
0000001000000200000000210000000023	N	oracle_07285	7285
0000001000000200000000220000000022	N	oracle_07286	7286
0000001000000200000002000020000022	N	oracle_07287	7287
0000001000000200000002000200000022	N	oracle_07288	7288
0000001000000200000002002000000022	N	oracle_07289	7289
0000001000000200000002020000000022	N	oracle_07290	7290
0000001000000200000020000020000022	N	oracle_07291	7291
0000001000000200000020000200000022	N	oracle_07292	7292
0000001000000200000020002000000022	N	oracle_07293	7293
0000001000000200000200000020000022	N	oracle_07294	7294
0000001000000200000200000200000022	N	oracle_07295	7295
0000001000000200002000000020000022	N	oracle_07296	7296
0000001000000300000000300000000022	N	oracle_07297	7297
0000001020000002000000002000000022	N	oracle_07298	7298
0000001020000002000000020000000022	N	oracle_07299	7299
0000001020000002000000200000000022	N	oracle_07300	7300
0000001020000020000000020000000022	N	oracle_07301	7301
0000001020000020000000200000000022	N	oracle_07302	7302
0000001020000200000000200000000022	N	oracle_07303	7303
0000001200000002000000002000000022	N	oracle_07304	7304
0000001200000002000000020000000022	N	oracle_07305	7305
0000001200000002000000200000000022	N	oracle_07306	7306
0000001200000020000000020000000022	N	oracle_07307	7307
0000001200000020000000200000000022	N	oracle_07308	7308
0000001200000200000000200000000022	N	oracle_07309	7309
0000002000000002000000002000000023	N	oracle_07310	7310
0000002000000002000000002000000122	N	oracle_07311	7311
0000002000000002000000002010000022	N	oracle_07312	7312
0000002000000002000000002100000022	N	oracle_07313	7313
0000002000000002000000003000000022	N	oracle_07314	7314
0000002000000002000000010000000033	N	oracle_07315	7315
0000002000000002000000010000000222	N	oracle_07316	7316
0000002000000002000000010020000022	N	oracle_07317	7317
0000002000000002000000010200000022	N	oracle_07318	7318
0000002000000002000000012000000022	N	oracle_07319	7319
0000002000000002000000020000000023	N	oracle_07320	7320
0000002000000002000000020000000122	N	oracle_07321	7321
0000002000000002000000020010000022	N	oracle_07322	7322
0000002000000002000000020100000022	N	oracle_07323	7323
0000002000000002000000021000000022	N	oracle_07324	7324
0000002000000002000000030000000022	N	oracle_07325	7325
0000002000000002000000100000000033	N	oracle_07326	7326
0000002000000002000000100000000222	N	oracle_07327	7327
0000002000000002000000100020000022	N	oracle_07328	7328
0000002000000002000000100200000022	N	oracle_07329	7329
0000002000000002000000102000000022	N	oracle_07330	7330
0000002000000002000000120000000022	N	oracle_07331	7331
0000002000000002000000200000000023	N	oracle_07332	7332
0000002000000002000000200000000122	N	oracle_07333	7333
0000002000000002000000200010000022	N	oracle_07334	7334
0000002000000002000000200100000022	N	oracle_07335	7335
0000002000000002000000201000000022	N	oracle_07336	7336
0000002000000002000000210000000022	N	oracle_07337	7337
0000002000000002000000300000000022	N	oracle_07338	7338
0000002000000002000001000020000022	N	oracle_07339	7339
0000002000000002000001000200000022	N	oracle_07340	7340
0000002000000002000001002000000022	N	oracle_07341	7341
0000002000000002000001020000000022	N	oracle_07342	7342
0000002000000002000002000010000022	N	oracle_07343	7343
0000002000000002000002000100000022	N	oracle_07344	7344
0000002000000002000002001000000022	N	oracle_07345	7345
0000002000000002000010000020000022	N	oracle_07346	7346
0000002000000002000010000200000022	N	oracle_07347	7347
0000002000000002000010002000000022	N	oracle_07348	7348
0000002000000002000020000010000022	N	oracle_07349	7349
0000002000000002000020000100000022	N	oracle_07350	7350
0000002000000002000100000020000022	N	oracle_07351	7351
0000002000000002000100000200000022	N	oracle_07352	7352
0000002000000002000200000010000022	N	oracle_07353	7353
0000002000000002001000000020000022	N	oracle_07354	7354
0000002000000002010000020000000022	N	oracle_07355	7355
0000002000000002010000200000000022	N	oracle_07356	7356
0000002000000002020000010000000022	N	oracle_07357	7357
0000002000000002020000100000000022	N	oracle_07358	7358
0000002000000002100000020000000022	N	oracle_07359	7359
0000002000000002100000200000000022	N	oracle_07360	7360
0000002000000002200000010000000022	N	oracle_07361	7361
0000002000000002200000100000000022	N	oracle_07362	7362
0000002000000003000000020000000022	N	oracle_07363	7363
0000002000000003000000200000000022	N	oracle_07364	7364
0000002000000010000000020000000033	N	oracle_07365	7365
0000002000000010000000020000000222	N	oracle_07366	7366
0000002000000010000000020020000022	N	oracle_07367	7367
0000002000000010000000020200000022	N	oracle_07368	7368
0000002000000010000000022000000022	N	oracle_07369	7369
0000002000000010000000120000000023	N	oracle_07370	7370
0000002000000010000000200000000033	N	oracle_07371	7371
0000002000000010000000200000000222	N	oracle_07372	7372
0000002000000010000000200020000022	N	oracle_07373	7373
0000002000000010000000200200000022	N	oracle_07374	7374
0000002000000010000000202000000022	N	oracle_07375	7375
0000002000000010000000210000000023	N	oracle_07376	7376
0000002000000010000000220000000013	N	oracle_07377	7377
0000002000000010000000220000000022	N	oracle_07378	7378
0000002000000010000002000020000022	N	oracle_07379	7379
0000002000000010000002000200000022	N	oracle_07380	7380
0000002000000010000002002000000022	N	oracle_07381	7381
0000002000000010000002020000000022	N	oracle_07382	7382
0000002000000010000020000020000022	N	oracle_07383	7383
0000002000000010000020000200000022	N	oracle_07384	7384
0000002000000010000020002000000022	N	oracle_07385	7385
0000002000000010000200000020000022	N	oracle_07386	7386
0000002000000010000200000200000022	N	oracle_07387	7387
0000002000000010002000000020000022	N	oracle_07388	7388
0000002000000010020000020000000022	N	oracle_07389	7389
0000002000000010020000200000000022	N	oracle_07390	7390
0000002000000010200000020000000022	N	oracle_07391	7391
0000002000000010200000200000000022	N	oracle_07392	7392
0000002000000012000000020000000022	N	oracle_07393	7393
0000002000000012000000200000000022	N	oracle_07394	7394
0000002000000020000000020000000023	N	oracle_07395	7395
0000002000000020000000020000000122	N	oracle_07396	7396
0000002000000020000000020010000022	N	oracle_07397	7397
0000002000000020000000020100000022	N	oracle_07398	7398
0000002000000020000000021000000022	N	oracle_07399	7399
0000002000000020000000030000000022	N	oracle_07400	7400
0000002000000020000000100000000033	N	oracle_07401	7401
0000002000000020000000100000000222	N	oracle_07402	7402
0000002000000020000000100020000022	N	oracle_07403	7403
0000002000000020000000100200000022	N	oracle_07404	7404
0000002000000020000000102000000022	N	oracle_07405	7405
0000002000000020000000110000000023	N	oracle_07406	7406
0000002000000020000000120000000013	N	oracle_07407	7407
0000002000000020000000120000000022	N	oracle_07408	7408
0000002000000020000000200000000023	N	oracle_07409	7409
0000002000000020000000200000000122	N	oracle_07410	7410
0000002000000020000000200010000022	N	oracle_07411	7411
0000002000000020000000200100000022	N	oracle_07412	7412
0000002000000020000000201000000022	N	oracle_07413	7413
0000002000000020000000210000000013	N	oracle_07414	7414
0000002000000020000000210000000022	N	oracle_07415	7415
0000002000000020000000300000000022	N	oracle_07416	7416
0000002000000020000001000020000022	N	oracle_07417	7417
0000002000000020000001000200000022	N	oracle_07418	7418
0000002000000020000001002000000022	N	oracle_07419	7419
0000002000000020000001020000000022	N	oracle_07420	7420
0000002000000020000002000010000022	N	oracle_07421	7421
0000002000000020000002000100000022	N	oracle_07422	7422
0000002000000020000002001000000022	N	oracle_07423	7423
0000002000000020000010000020000022	N	oracle_07424	7424
0000002000000020000010000200000022	N	oracle_07425	7425
0000002000000020000010002000000022	N	oracle_07426	7426
0000002000000020000020000010000022	N	oracle_07427	7427
0000002000000020000020000100000022	N	oracle_07428	7428
0000002000000020000100000020000022	N	oracle_07429	7429
0000002000000020000100000200000022	N	oracle_07430	7430
0000002000000020000200000010000022	N	oracle_07431	7431
0000002000000020001000000020000022	N	oracle_07432	7432
0000002000000020010000200000000022	N	oracle_07433	7433
0000002000000020020000100000000022	N	oracle_07434	7434
0000002000000020100000200000000022	N	oracle_07435	7435
0000002000000020200000100000000022	N	oracle_07436	7436
0000002000000021000000200000000022	N	oracle_07437	7437
0000002000000022000000100000000022	N	oracle_07438	7438
0000002000000030000000200000000022	N	oracle_07439	7439
0000002000000100000000200000000033	N	oracle_07440	7440
0000002000000100000000200000000222	N	oracle_07441	7441
0000002000000100000000200020000022	N	oracle_07442	7442
0000002000000100000000200200000022	N	oracle_07443	7443
0000002000000100000000202000000022	N	oracle_07444	7444
0000002000000100000000210000000023	N	oracle_07445	7445
0000002000000100000002000020000022	N	oracle_07446	7446
0000002000000100000002000200000022	N	oracle_07447	7447
0000002000000100000002002000000022	N	oracle_07448	7448
0000002000000100000002020000000022	N	oracle_07449	7449
0000002000000100000020000020000022	N	oracle_07450	7450
0000002000000100000020000200000022	N	oracle_07451	7451
0000002000000100000020002000000022	N	oracle_07452	7452
0000002000000100000200000020000022	N	oracle_07453	7453
0000002000000100000200000200000022	N	oracle_07454	7454
0000002000000100002000000020000022	N	oracle_07455	7455
0000002000000100020000200000000022	N	oracle_07456	7456
0000002000000100200000200000000022	N	oracle_07457	7457
0000002000000102000000200000000022	N	oracle_07458	7458
0000002000000110000000200000000023	N	oracle_07459	7459
0000002000000120000000200000000022	N	oracle_07460	7460
0000002000000200000000200000000023	N	oracle_07461	7461
0000002000000200000000200000000122	N	oracle_07462	7462
0000002000000200000000200010000022	N	oracle_07463	7463
0000002000000200000000200100000022	N	oracle_07464	7464
0000002000000200000000201000000022	N	oracle_07465	7465
0000002000000200000000210000000013	N	oracle_07466	7466
0000002000000200000000210000000022	N	oracle_07467	7467
0000002000000200000000300000000022	N	oracle_07468	7468
0000002000000200000001000020000022	N	oracle_07469	7469
0000002000000200000001000200000022	N	oracle_07470	7470
0000002000000200000001002000000022	N	oracle_07471	7471
0000002000000200000001020000000022	N	oracle_07472	7472
0000002000000200000002000010000022	N	oracle_07473	7473
0000002000000200000002000100000022	N	oracle_07474	7474
0000002000000200000002001000000022	N	oracle_07475	7475
0000002000000200000010000020000022	N	oracle_07476	7476
0000002000000200000010000200000022	N	oracle_07477	7477
0000002000000200000010002000000022	N	oracle_07478	7478
0000002000000200000020000010000022	N	oracle_07479	7479
0000002000000200000020000100000022	N	oracle_07480	7480
0000002000000200000100000020000022	N	oracle_07481	7481
0000002000000200000100000200000022	N	oracle_07482	7482
0000002000000200000200000010000022	N	oracle_07483	7483
0000002000000200001000000020000022	N	oracle_07484	7484
0000002010000020000000020000000022	N	oracle_07485	7485
0000002010000020000000200000000022	N	oracle_07486	7486
0000002010000200000000200000000022	N	oracle_07487	7487
0000002020000010000000020000000022	N	oracle_07488	7488
0000002020000010000000200000000022	N	oracle_07489	7489
0000002020000020000000100000000022	N	oracle_07490	7490
0000002020000100000000200000000022	N	oracle_07491	7491
0000002100000020000000020000000022	N	oracle_07492	7492
0000002100000020000000200000000022	N	oracle_07493	7493
0000002100000200000000200000000022	N	oracle_07494	7494
0000002200000010000000020000000022	N	oracle_07495	7495
0000002200000010000000200000000022	N	oracle_07496	7496
0000002200000020000000100000000022	N	oracle_07497	7497
0000002200000100000000200000000022	N	oracle_07498	7498
0000003000000003000000010000000022	N	oracle_07499	7499
0000003000000003000000100000000022	N	oracle_07500	7500
0000003000000010000000030000000022	N	oracle_07501	7501
0000003000000010000000300000000022	N	oracle_07502	7502
0000003000000020000000020000000022	N	oracle_07503	7503
0000003000000020000000200000000022	N	oracle_07504	7504
0000003000000030000000100000000022	N	oracle_07505	7505
0000003000000100000000300000000022	N	oracle_07506	7506
0000003000000200000000200000000022	N	oracle_07507	7507
0000010000000020000000020000000033	N	oracle_07508	7508
0000010000000020000000020000000222	N	oracle_07509	7509
0000010000000020000000020020000022	N	oracle_07510	7510
0000010000000020000000020200000022	N	oracle_07511	7511
0000010000000020000000022000000022	N	oracle_07512	7512
0000010000000020000000200000000033	N	oracle_07513	7513
0000010000000020000000200000000222	N	oracle_07514	7514
0000010000000020000000200020000022	N	oracle_07515	7515
0000010000000020000000200200000022	N	oracle_07516	7516
0000010000000020000000202000000022	N	oracle_07517	7517
0000010000000020000000220000000022	N	oracle_07518	7518
0000010000000020000002000020000022	N	oracle_07519	7519
0000010000000020000002000200000022	N	oracle_07520	7520
0000010000000020000002002000000022	N	oracle_07521	7521
0000010000000020000002020000000022	N	oracle_07522	7522
0000010000000020000020000020000022	N	oracle_07523	7523
0000010000000020000020000200000022	N	oracle_07524	7524
0000010000000020000020002000000022	N	oracle_07525	7525
0000010000000020000200000020000022	N	oracle_07526	7526
0000010000000020000200000200000022	N	oracle_07527	7527
0000010000000020002000000020000022	N	oracle_07528	7528
0000010000000020020000200000000022	N	oracle_07529	7529
0000010000000020200000200000000022	N	oracle_07530	7530
0000010000000022000000200000000022	N	oracle_07531	7531
0000010000000030000000030000000022	N	oracle_07532	7532
0000010000000030000000300000000022	N	oracle_07533	7533
0000010000000200000000200000000033	N	oracle_07534	7534
0000010000000200000000200000000222	N	oracle_07535	7535
0000010000000200000000200020000022	N	oracle_07536	7536
0000010000000200000000200200000022	N	oracle_07537	7537
0000010000000200000000202000000022	N	oracle_07538	7538
0000010000000200000000220000000022	N	oracle_07539	7539
0000010000000200000002000020000022	N	oracle_07540	7540
0000010000000200000002000200000022	N	oracle_07541	7541
0000010000000200000002002000000022	N	oracle_07542	7542
0000010000000200000002020000000022	N	oracle_07543	7543
0000010000000200000020000020000022	N	oracle_07544	7544
0000010000000200000020000200000022	N	oracle_07545	7545
0000010000000200000020002000000022	N	oracle_07546	7546
0000010000000200000200000020000022	N	oracle_07547	7547
0000010000000200000200000200000022	N	oracle_07548	7548
0000010000000200002000000020000022	N	oracle_07549	7549
0000010000000300000000300000000022	N	oracle_07550	7550
0000010020000020000000020000000022	N	oracle_07551	7551
0000010020000020000000200000000022	N	oracle_07552	7552
0000010020000200000000200000000022	N	oracle_07553	7553
0000010200000020000000020000000022	N	oracle_07554	7554
0000010200000020000000200000000022	N	oracle_07555	7555
0000010200000200000000200000000022	N	oracle_07556	7556
0000012000000020000000020000000022	N	oracle_07557	7557
0000012000000020000000200000000022	N	oracle_07558	7558
0000012000000200000000200000000022	N	oracle_07559	7559
0000020000000020000000020000000023	N	oracle_07560	7560
0000020000000020000000020000000122	N	oracle_07561	7561
0000020000000020000000020010000022	N	oracle_07562	7562
0000020000000020000000020100000022	N	oracle_07563	7563
0000020000000020000000021000000022	N	oracle_07564	7564
0000020000000020000000030000000022	N	oracle_07565	7565
0000020000000020000000100000000033	N	oracle_07566	7566
0000020000000020000000100000000222	N	oracle_07567	7567
0000020000000020000000100020000022	N	oracle_07568	7568
0000020000000020000000100200000022	N	oracle_07569	7569
0000020000000020000000102000000022	N	oracle_07570	7570
0000020000000020000000120000000022	N	oracle_07571	7571
0000020000000020000000200000000023	N	oracle_07572	7572
0000020000000020000000200000000122	N	oracle_07573	7573
0000020000000020000000200010000022	N	oracle_07574	7574
0000020000000020000000200100000022	N	oracle_07575	7575
0000020000000020000000201000000022	N	oracle_07576	7576
0000020000000020000000210000000022	N	oracle_07577	7577
0000020000000020000000300000000022	N	oracle_07578	7578
0000020000000020000001000020000022	N	oracle_07579	7579
0000020000000020000001000200000022	N	oracle_07580	7580
0000020000000020000001002000000022	N	oracle_07581	7581
0000020000000020000001020000000022	N	oracle_07582	7582
0000020000000020000002000010000022	N	oracle_07583	7583
0000020000000020000002000100000022	N	oracle_07584	7584
0000020000000020000002001000000022	N	oracle_07585	7585
0000020000000020000010000020000022	N	oracle_07586	7586
0000020000000020000010000200000022	N	oracle_07587	7587
0000020000000020000010002000000022	N	oracle_07588	7588
0000020000000020000020000010000022	N	oracle_07589	7589
0000020000000020000020000100000022	N	oracle_07590	7590
0000020000000020000100000020000022	N	oracle_07591	7591
0000020000000020000100000200000022	N	oracle_07592	7592
0000020000000020000200000010000022	N	oracle_07593	7593
0000020000000020001000000020000022	N	oracle_07594	7594
0000020000000020010000200000000022	N	oracle_07595	7595
0000020000000020020000100000000022	N	oracle_07596	7596
0000020000000020100000200000000022	N	oracle_07597	7597
0000020000000020200000100000000022	N	oracle_07598	7598
0000020000000021000000200000000022	N	oracle_07599	7599
0000020000000022000000100000000022	N	oracle_07600	7600
0000020000000030000000200000000022	N	oracle_07601	7601
0000020000000100000000200000000033	N	oracle_07602	7602
0000020000000100000000200000000222	N	oracle_07603	7603
0000020000000100000000200020000022	N	oracle_07604	7604
0000020000000100000000200200000022	N	oracle_07605	7605
0000020000000100000000202000000022	N	oracle_07606	7606
0000020000000100000000220000000022	N	oracle_07607	7607
0000020000000100000002000020000022	N	oracle_07608	7608
0000020000000100000002000200000022	N	oracle_07609	7609
0000020000000100000002002000000022	N	oracle_07610	7610
0000020000000100000002020000000022	N	oracle_07611	7611
0000020000000100000020000020000022	N	oracle_07612	7612
0000020000000100000020000200000022	N	oracle_07613	7613
0000020000000100000020002000000022	N	oracle_07614	7614
0000020000000100000200000020000022	N	oracle_07615	7615
0000020000000100000200000200000022	N	oracle_07616	7616
0000020000000100002000000020000022	N	oracle_07617	7617
0000020000000100020000200000000022	N	oracle_07618	7618
0000020000000100200000200000000022	N	oracle_07619	7619
0000020000000102000000200000000022	N	oracle_07620	7620
0000020000000120000000200000000022	N	oracle_07621	7621
0000020000000200000000200000000023	N	oracle_07622	7622
0000020000000200000000200000000122	N	oracle_07623	7623
0000020000000200000000200010000022	N	oracle_07624	7624
0000020000000200000000200100000022	N	oracle_07625	7625
0000020000000200000000201000000022	N	oracle_07626	7626
0000020000000200000000210000000022	N	oracle_07627	7627
0000020000000200000000300000000022	N	oracle_07628	7628
0000020000000200000001000020000022	N	oracle_07629	7629
0000020000000200000001000200000022	N	oracle_07630	7630
0000020000000200000001002000000022	N	oracle_07631	7631
0000020000000200000001020000000022	N	oracle_07632	7632
0000020000000200000002000010000022	N	oracle_07633	7633
0000020000000200000002000100000022	N	oracle_07634	7634
0000020000000200000002001000000022	N	oracle_07635	7635
0000020000000200000010000020000022	N	oracle_07636	7636
0000020000000200000010000200000022	N	oracle_07637	7637
0000020000000200000010002000000022	N	oracle_07638	7638
0000020000000200000020000010000022	N	oracle_07639	7639
0000020000000200000020000100000022	N	oracle_07640	7640
0000020000000200000100000020000022	N	oracle_07641	7641
0000020000000200000100000200000022	N	oracle_07642	7642
0000020000000200000200000010000022	N	oracle_07643	7643
0000020000000200001000000020000022	N	oracle_07644	7644
0000020010000200000000200000000022	N	oracle_07645	7645
0000020020000100000000200000000022	N	oracle_07646	7646
0000020100000200000000200000000022	N	oracle_07647	7647
0000020200000100000000200000000022	N	oracle_07648	7648
0000021000000200000000200000000022	N	oracle_07649	7649
0000022000000100000000200000000022	N	oracle_07650	7650
0000030000000030000000100000000022	N	oracle_07651	7651
0000030000000100000000300000000022	N	oracle_07652	7652
0000030000000200000000200000000022	N	oracle_07653	7653
0000100000000200000000200000000033	N	oracle_07654	7654
0000100000000200000000200000000222	N	oracle_07655	7655
0000100000000200000000200020000022	N	oracle_07656	7656
0000100000000200000000200200000022	N	oracle_07657	7657
0000100000000200000000202000000022	N	oracle_07658	7658
0000100000000200000000220000000022	N	oracle_07659	7659
0000100000000200000002000020000022	N	oracle_07660	7660
0000100000000200000002000200000022	N	oracle_07661	7661
0000100000000200000002002000000022	N	oracle_07662	7662
0000100000000200000002020000000022	N	oracle_07663	7663
0000100000000200000020000020000022	N	oracle_07664	7664
0000100000000200000020000200000022	N	oracle_07665	7665
0000100000000200000020002000000022	N	oracle_07666	7666
0000100000000200000200000020000022	N	oracle_07667	7667
0000100000000200000200000200000022	N	oracle_07668	7668
0000100000000200002000000020000022	N	oracle_07669	7669
0000100000000300000000300000000022	N	oracle_07670	7670
0000100020000200000000200000000022	N	oracle_07671	7671
0000100200000200000000200000000022	N	oracle_07672	7672
0000102000000200000000200000000022	N	oracle_07673	7673
0000120000000200000000200000000022	N	oracle_07674	7674
0000200000000200000000200000000023	N	oracle_07675	7675
0000200000000200000000200000000122	N	oracle_07676	7676
0000200000000200000000200010000022	N	oracle_07677	7677
0000200000000200000000200100000022	N	oracle_07678	7678
0000200000000200000000201000000022	N	oracle_07679	7679
0000200000000200000000210000000022	N	oracle_07680	7680
0000200000000200000000300000000022	N	oracle_07681	7681
0000200000000200000001000020000022	N	oracle_07682	7682
0000200000000200000001000200000022	N	oracle_07683	7683
0000200000000200000001002000000022	N	oracle_07684	7684
0000200000000200000001020000000022	N	oracle_07685	7685
0000200000000200000002000010000022	N	oracle_07686	7686
0000200000000200000002000100000022	N	oracle_07687	7687
0000200000000200000002001000000022	N	oracle_07688	7688
0000200000000200000010000020000022	N	oracle_07689	7689
0000200000000200000010000200000022	N	oracle_07690	7690
0000200000000200000010002000000022	N	oracle_07691	7691
0000200000000200000020000010000022	N	oracle_07692	7692
0000200000000200000020000100000022	N	oracle_07693	7693
0000200000000200000100000020000022	N	oracle_07694	7694
0000200000000200000100000200000022	N	oracle_07695	7695
0000200000000200000200000010000022	N	oracle_07696	7696
0000200000000200001000000020000022	N	oracle_07697	7697
0000000000000000000000000220000044	P	oracle_07698	7698
0000000000000000000000000230000034	N	oracle_07699	7699
0000000000000000000000000340000023	P	oracle_07700	7700
0000000000000000000000000430000023	N	oracle_07701	7701
0000000000000000000000001230000033	N	oracle_07702	7702
0000000000000000000000001240000023	N	oracle_07703	7703
0000000000000000000000001320000033	N	oracle_07704	7704
0000000000000000000000001330000023	N	oracle_07705	7705
0000000000000000000000001340000022	N	oracle_07706	7706
0000000000000000000000001420000023	N	oracle_07707	7707
0000000000000000000000001430000022	N	oracle_07708	7708
0000000000000000000000002020000044	P	oracle_07709	7709
0000000000000000000000002030000034	N	oracle_07710	7710
0000000000000000000000002120000223	P	oracle_07711	7711
0000000000000000000000002130000033	N	oracle_07712	7712
0000000000000000000000002140000023	N	oracle_07713	7713
0000000000000000000000002200000044	P	oracle_07714	7714
0000000000000000000000002220000024	N	oracle_07715	7715
0000000000000000000000002220000033	P	oracle_07716	7716
0000000000000000000000002230000023	N	oracle_07717	7717
0000000000000000000000002240000022	N	oracle_07718	7718
0000000000000000000000002310000033	N	oracle_07719	7719
0000000000000000000000002320000023	N	oracle_07720	7720
0000000000000000000000002330000022	N	oracle_07721	7721
0000000000000000000000002340000012	N	oracle_07722	7722
0000000000000000000000002410000023	N	oracle_07723	7723
0000000000000000000000002420000022	N	oracle_07724	7724
0000000000000000000000002430000012	N	oracle_07725	7725
0000000000000000000000003020000034	N	oracle_07726	7726
0000000000000000000000003040000023	P	oracle_07727	7727
0000000000000000000000003120000033	N	oracle_07728	7728
0000000000000000000000003130000023	N	oracle_07729	7729
0000000000000000000000003140000022	N	oracle_07730	7730
0000000000000000000000003210000033	N	oracle_07731	7731
0000000000000000000000003220000023	N	oracle_07732	7732
0000000000000000000000003230000022	N	oracle_07733	7733
0000000000000000000000003240000012	N	oracle_07734	7734
0000000000000000000000003300000024	N	oracle_07735	7735
0000000000000000000000003310000023	N	oracle_07736	7736
0000000000000000000000003320000022	N	oracle_07737	7737
0000000000000000000000003400000023	N	oracle_07738	7738
0000000000000000000000003410000022	N	oracle_07739	7739
0000000000000000000000003420000012	N	oracle_07740	7740
0000000000000000000000004030000023	N	oracle_07741	7741
0000000000000000000000004120000023	N	oracle_07742	7742
0000000000000000000000004130000022	N	oracle_07743	7743
0000000000000000000000004210000023	N	oracle_07744	7744
0000000000000000000000004220000022	N	oracle_07745	7745
0000000000000000000000004230000012	N	oracle_07746	7746
0000000000000000000000004300000023	N	oracle_07747	7747
0000000000000000000000004310000022	N	oracle_07748	7748
0000000000000000000000004320000012	N	oracle_07749	7749
0000000000000000000000011230000023	N	oracle_07750	7750
0000000000000000000000011240000022	N	oracle_07751	7751
0000000000000000000000011330000022	N	oracle_07752	7752
0000000000000000000000011420000022	N	oracle_07753	7753
0000000000000000000000012020000223	N	oracle_07754	7754
0000000000000000000000012130000023	N	oracle_07755	7755
0000000000000000000000012220000023	N	oracle_07756	7756
0000000000000000000000012230000022	N	oracle_07757	7757
0000000000000000000000012300000024	N	oracle_07758	7758
0000000000000000000000012300000033	P	oracle_07759	7759
0000000000000000000000012310000023	N	oracle_07760	7760
0000000000000000000000012320000022	N	oracle_07761	7761
0000000000000000000000012330000012	N	oracle_07762	7762
0000000000000000000000012400000023	N	oracle_07763	7763
0000000000000000000000013040000022	N	oracle_07764	7764
0000000000000000000000013130000022	N	oracle_07765	7765
0000000000000000000000013200000024	N	oracle_07766	7766
0000000000000000000000013200000033	P	oracle_07767	7767
0000000000000000000000013210000023	N	oracle_07768	7768
0000000000000000000000013220000022	N	oracle_07769	7769
0000000000000000000000013230000012	N	oracle_07770	7770
0000000000000000000000013300000014	N	oracle_07771	7771
0000000000000000000000013300000023	N	oracle_07772	7772
0000000000000000000000013310000022	N	oracle_07773	7773
0000000000000000000000014120000022	N	oracle_07774	7774
0000000000000000000000014200000023	N	oracle_07775	7775
0000000000000000000000014210000022	N	oracle_07776	7776
0000000000000000000000020020000044	P	oracle_07777	7777
0000000000000000000000020030000034	N	oracle_07778	7778
0000000000000000000000020200000044	P	oracle_07779	7779
0000000000000000000000020220000033	P	oracle_07780	7780
0000000000000000000000021140000022	N	oracle_07781	7781
0000000000000000000000021230000022	N	oracle_07782	7782
0000000000000000000000021300000033	P	oracle_07783	7783
0000000000000000000000021400000023	N	oracle_07784	7784
0000000000000000000000021410000022	N	oracle_07785	7785
0000000000000000000000022000000044	P	oracle_07786	7786
0000000000000000000000022020000033	P	oracle_07787	7787
0000000000000000000000022120000023	P	oracle_07788	7788
0000000000000000000000022130000022	N	oracle_07789	7789
0000000000000000000000022200000024	N	oracle_07790	7790
0000000000000000000000022200000033	P	oracle_07791	7791
0000000000000000000000022200000123	N	oracle_07792	7792
0000000000000000000000022210000023	N	oracle_07793	7793
0000000000000000000000022300000023	N	oracle_07794	7794
0000000000000000000000022310000022	N	oracle_07795	7795
0000000000000000000000023100000024	N	oracle_07796	7796
0000000000000000000000023100000033	P	oracle_07797	7797
0000000000000000000000023200000023	N	oracle_07798	7798
0000000000000000000000023210000022	N	oracle_07799	7799
0000000000000000000000024100000023	N	oracle_07800	7800
0000000000000000000000024110000022	N	oracle_07801	7801
0000000000000000000000024200000022	N	oracle_07802	7802
0000000000000000000000030020000034	N	oracle_07803	7803
0000000000000000000000030040000023	P	oracle_07804	7804
0000000000000000000000030230000022	N	oracle_07805	7805
0000000000000000000000030400000023	N	oracle_07806	7806
0000000000000000000000031130000022	N	oracle_07807	7807
0000000000000000000000031200000024	N	oracle_07808	7808
0000000000000000000000031200000033	N	oracle_07809	7809
0000000000000000000000031200000123	N	oracle_07810	7810
0000000000000000000000031210000023	N	oracle_07811	7811
0000000000000000000000031220000022	N	oracle_07812	7812
0000000000000000000000031230000012	N	oracle_07813	7813
0000000000000000000000031300000023	N	oracle_07814	7814
0000000000000000000000031310000022	N	oracle_07815	7815
0000000000000000000000032030000022	N	oracle_07816	7816
0000000000000000000000032100000024	N	oracle_07817	7817
0000000000000000000000032100000033	N	oracle_07818	7818
0000000000000000000000032100000123	N	oracle_07819	7819
0000000000000000000000032110000023	N	oracle_07820	7820
0000000000000000000000032120000022	N	oracle_07821	7821
0000000000000000000000032130000012	N	oracle_07822	7822
0000000000000000000000032200000014	N	oracle_07823	7823
0000000000000000000000032200000023	N	oracle_07824	7824
0000000000000000000000032200000113	N	oracle_07825	7825
0000000000000000000000032200000122	N	oracle_07826	7826
0000000000000000000000032210000022	N	oracle_07827	7827
0000000000000000000000032300000022	N	oracle_07828	7828
0000000000000000000000032310000012	N	oracle_07829	7829
0000000000000000000000033000000222	P	oracle_07830	7830
0000000000000000000000033020000022	P	oracle_07831	7831
0000000000000000000000033100000023	N	oracle_07832	7832
0000000000000000000000033110000022	N	oracle_07833	7833
0000000000000000000000033200000022	N	oracle_07834	7834
0000000000000000000000033210000012	N	oracle_07835	7835
0000000000000000000000034000000023	N	oracle_07836	7836
0000000000000000000000034100000022	N	oracle_07837	7837
0000000000000000000000034200000012	N	oracle_07838	7838
0000000000000000000000040030000023	P	oracle_07839	7839
0000000000000000000000040300000023	P	oracle_07840	7840
0000000000000000000000041120000022	N	oracle_07841	7841
0000000000000000000000041200000023	N	oracle_07842	7842
0000000000000000000000041210000022	N	oracle_07843	7843
0000000000000000000000042000000033	N	oracle_07844	7844
0000000000000000000000042100000023	N	oracle_07845	7845
0000000000000000000000042200000022	N	oracle_07846	7846
0000000000000000000000043000000023	P	oracle_07847	7847
0000000000000000000000043100000022	N	oracle_07848	7848
0000000000000000000000043200000012	N	oracle_07849	7849
0000000000000000000000100220000034	N	oracle_07850	7850
0000000000000000000000100220000223	N	oracle_07851	7851
0000000000000000000000101030000034	N	oracle_07852	7852
0000000000000000000000101220000033	P	oracle_07853	7853
0000000000000000000000101240000022	N	oracle_07854	7854
0000000000000000000000101420000022	N	oracle_07855	7855
0000000000000000000000102020000034	N	oracle_07856	7856
0000000000000000000000102020000133	N	oracle_07857	7857
0000000000000000000000102020000223	N	oracle_07858	7858
0000000000000000000000102030000024	N	oracle_07859	7859
0000000000000000000000102030000033	N	oracle_07860	7860
0000000000000000000000102120000033	N	oracle_07861	7861
0000000000000000000000102210000033	N	oracle_07862	7862
0000000000000000000000102220000023	P	oracle_07863	7863
0000000000000000000000103010000034	N	oracle_07864	7864
0000000000000000000000103020000024	N	oracle_07865	7865
0000000000000000000000103020000033	N	oracle_07866	7866
0000000000000000000000103030000023	P	oracle_07867	7867
0000000000000000000000103040000022	N	oracle_07868	7868
0000000000000000000000103130000022	N	oracle_07869	7869
0000000000000000000000103310000022	N	oracle_07870	7870
0000000000000000000000104020000023	P	oracle_07871	7871
0000000000000000000000104120000022	N	oracle_07872	7872
0000000000000000000000104210000022	N	oracle_07873	7873
0000000000000000000000110030000034	N	oracle_07874	7874
0000000000000000000000110240000022	N	oracle_07875	7875
0000000000000000000000110420000022	N	oracle_07876	7876
0000000000000000000000111020000223	N	oracle_07877	7877
0000000000000000000000111140000022	N	oracle_07878	7878
0000000000000000000000111220000023	N	oracle_07879	7879
0000000000000000000000111230000022	N	oracle_07880	7880
0000000000000000000000111240000012	N	oracle_07881	7881
0000000000000000000000111320000022	N	oracle_07882	7882
0000000000000000000000111410000022	N	oracle_07883	7883
0000000000000000000000111420000012	N	oracle_07884	7884
0000000000000000000000112010000223	N	oracle_07885	7885
0000000000000000000000112020000033	P	oracle_07886	7886
0000000000000000000000112020000123	N	oracle_07887	7887
0000000000000000000000112020000222	N	oracle_07888	7888
0000000000000000000000112040000022	N	oracle_07889	7889
0000000000000000000000112130000022	N	oracle_07890	7890
0000000000000000000000112300000023	N	oracle_07891	7891
0000000000000000000000112310000022	N	oracle_07892	7892
0000000000000000000000113020000023	N	oracle_07893	7893
0000000000000000000000113030000022	N	oracle_07894	7894
0000000000000000000000113040000012	N	oracle_07895	7895
0000000000000000000000113120000022	N	oracle_07896	7896
0000000000000000000000113130000012	N	oracle_07897	7897
0000000000000000000000113210000022	N	oracle_07898	7898
0000000000000000000000113300000022	N	oracle_07899	7899
0000000000000000000000113310000012	N	oracle_07900	7900
0000000000000000000000114020000022	N	oracle_07901	7901
0000000000000000000000114110000022	N	oracle_07902	7902
0000000000000000000000114120000012	N	oracle_07903	7903
0000000000000000000000114200000022	N	oracle_07904	7904
0000000000000000000000114210000012	N	oracle_07905	7905
0000000000000000000000120020000034	N	oracle_07906	7906
0000000000000000000000120020000223	N	oracle_07907	7907
0000000000000000000000120030000024	N	oracle_07908	7908
0000000000000000000000120030000033	N	oracle_07909	7909
0000000000000000000000120120000033	N	oracle_07910	7910
0000000000000000000000120140000022	N	oracle_07911	7911
0000000000000000000000120410000022	N	oracle_07912	7912
0000000000000000000000121040000022	N	oracle_07913	7913
0000000000000000000000121130000022	N	oracle_07914	7914
0000000000000000000000121140000012	N	oracle_07915	7915
0000000000000000000000121200000033	N	oracle_07916	7916
0000000000000000000000121310000022	N	oracle_07917	7917
0000000000000000000000121400000022	N	oracle_07918	7918
0000000000000000000000121410000012	N	oracle_07919	7919
0000000000000000000000122020000023	N	oracle_07920	7920
0000000000000000000000122100000033	P	oracle_07921	7921
0000000000000000000000122200000023	N	oracle_07922	7922
0000000000000000000000122200000122	N	oracle_07923	7923
0000000000000000000000122210000022	N	oracle_07924	7924
0000000000000000000000122300000022	N	oracle_07925	7925
0000000000000000000000123100000023	N	oracle_07926	7926
0000000000000000000000123110000022	N	oracle_07927	7927
0000000000000000000000124010000022	N	oracle_07928	7928
0000000000000000000000124100000022	N	oracle_07929	7929
0000000000000000000000124110000012	N	oracle_07930	7930
0000000000000000000000130010000034	N	oracle_07931	7931
0000000000000000000000130020000024	N	oracle_07932	7932
0000000000000000000000130020000033	N	oracle_07933	7933
0000000000000000000000130030000023	P	oracle_07934	7934
0000000000000000000000130130000022	N	oracle_07935	7935
0000000000000000000000131030000022	N	oracle_07936	7936
0000000000000000000000131120000022	N	oracle_07937	7937
0000000000000000000000131130000012	N	oracle_07938	7938
0000000000000000000000131210000022	N	oracle_07939	7939
0000000000000000000000132100000023	N	oracle_07940	7940
0000000000000000000000132200000022	N	oracle_07941	7941
0000000000000000000000133000000122	N	oracle_07942	7942
0000000000000000000000133010000022	N	oracle_07943	7943
0000000000000000000000134000000022	N	oracle_07944	7944
0000000000000000000000140120000022	N	oracle_07945	7945
0000000000000000000000140210000022	N	oracle_07946	7946
0000000000000000000000141020000022	N	oracle_07947	7947
0000000000000000000000141110000022	N	oracle_07948	7948
0000000000000000000000141120000012	N	oracle_07949	7949
0000000000000000000000141200000022	N	oracle_07950	7950
0000000000000000000000141210000012	N	oracle_07951	7951
0000000000000000000000142010000022	N	oracle_07952	7952
0000000000000000000000143000000022	N	oracle_07953	7953
0000000000000000000000200020000044	P	oracle_07954	7954
0000000000000000000000200030000034	N	oracle_07955	7955
0000000000000000000000200200000044	P	oracle_07956	7956
0000000000000000000000200220000033	P	oracle_07957	7957
0000000000000000000000200300000034	N	oracle_07958	7958
0000000000000000000000200400000033	N	oracle_07959	7959
0000000000000000000000201020000223	N	oracle_07960	7960
0000000000000000000000201030000033	N	oracle_07961	7961
0000000000000000000000201040000023	P	oracle_07962	7962
0000000000000000000000201140000022	N	oracle_07963	7963
0000000000000000000000201300000033	N	oracle_07964	7964
0000000000000000000000202000000044	P	oracle_07965	7965
0000000000000000000000202010000133	N	oracle_07966	7966
0000000000000000000000202010000223	N	oracle_07967	7967
0000000000000000000000202020000024	P	oracle_07968	7968
0000000000000000000000202020000033	P	oracle_07969	7969
0000000000000000000000202020000123	N	oracle_07970	7970
0000000000000000000000202110000033	N	oracle_07971	7971
0000000000000000000000202120000023	P	oracle_07972	7972
0000000000000000000000202200000033	P	oracle_07973	7973
0000000000000000000000202210000023	P	oracle_07974	7974
0000000000000000000000203000000034	N	oracle_07975	7975
0000000000000000000000203010000033	N	oracle_07976	7976
0000000000000000000000203100000033	N	oracle_07977	7977
0000000000000000000000204000000033	N	oracle_07978	7978
0000000000000000000000204010000023	P	oracle_07979	7979
0000000000000000000000204110000022	N	oracle_07980	7980
0000000000000000000000210020000034	N	oracle_07981	7981
0000000000000000000000210020000223	N	oracle_07982	7982
0000000000000000000000210030000024	N	oracle_07983	7983
0000000000000000000000210030000033	N	oracle_07984	7984
0000000000000000000000210120000033	N	oracle_07985	7985
0000000000000000000000210140000022	N	oracle_07986	7986
0000000000000000000000211040000022	N	oracle_07987	7987
0000000000000000000000211130000022	N	oracle_07988	7988
0000000000000000000000211140000012	N	oracle_07989	7989
0000000000000000000000212010000033	N	oracle_07990	7990
0000000000000000000000212020000023	N	oracle_07991	7991
0000000000000000000000212100000033	N	oracle_07992	7992
0000000000000000000000212100000222	P	oracle_07993	7993
0000000000000000000000212210000022	N	oracle_07994	7994
0000000000000000000000213110000022	N	oracle_07995	7995
0000000000000000000000214010000022	N	oracle_07996	7996
0000000000000000000000214100000022	N	oracle_07997	7997
0000000000000000000000214110000012	N	oracle_07998	7998
0000000000000000000000220000000044	P	oracle_07999	7999
0000000000000000000000220010000034	N	oracle_08000	8000
0000000000000000000000220020000024	N	oracle_08001	8001
0000000000000000000000220020000033	P	oracle_08002	8002
0000000000000000000000220200000033	P	oracle_08003	8003
0000000000000000000000221000000223	N	oracle_08004	8004
0000000000000000000000221010000033	N	oracle_08005	8005
0000000000000000000000221110000023	N	oracle_08006	8006
0000000000000000000000221120000022	N	oracle_08007	8007
0000000000000000000000221200000023	N	oracle_08008	8008
0000000000000000000000221210000022	N	oracle_08009	8009
0000000000000000000000222000000033	P	oracle_08010	8010
0000000000000000000000222010000023	P	oracle_08011	8011
0000000000000000000000222100000023	N	oracle_08012	8012
0000000000000000000000223000000023	N	oracle_08013	8013
0000000000000000000000223000000122	N	oracle_08014	8014
0000000000000000000000223010000022	N	oracle_08015	8015
0000000000000000000000224000000022	N	oracle_08016	8016
0000000000000000000000230000000034	N	oracle_08017	8017
0000000000000000000000230010000024	N	oracle_08018	8018
0000000000000000000000230010000033	N	oracle_08019	8019
0000000000000000000000230100000033	N	oracle_08020	8020
0000000000000000000000231110000022	N	oracle_08021	8021
0000000000000000000000232000000122	N	oracle_08022	8022
0000000000000000000000232010000022	N	oracle_08023	8023
0000000000000000000000232100000022	N	oracle_08024	8024
0000000000000000000000233000000022	N	oracle_08025	8025
0000000000000000000000233000000112	N	oracle_08026	8026
0000000000000000000000233010000012	N	oracle_08027	8027
0000000000000000000000234000000012	N	oracle_08028	8028
0000000000000000000000240000000033	N	oracle_08029	8029
0000000000000000000000240110000022	N	oracle_08030	8030
0000000000000000000000241010000022	N	oracle_08031	8031
0000000000000000000000241100000022	N	oracle_08032	8032
0000000000000000000000241110000012	N	oracle_08033	8033
0000000000000000000000242000000022	N	oracle_08034	8034
0000000000000000000000243000000012	N	oracle_08035	8035
0000000000000000000000300020000034	N	oracle_08036	8036
0000000000000000000000300040000023	P	oracle_08037	8037
0000000000000000000000300200000034	N	oracle_08038	8038
0000000000000000000000300400000023	N	oracle_08039	8039
0000000000000000000000301020000033	N	oracle_08040	8040
0000000000000000000000301030000023	N	oracle_08041	8041
0000000000000000000000301120000023	N	oracle_08042	8042
0000000000000000000000301200000033	N	oracle_08043	8043
0000000000000000000000302000000034	N	oracle_08044	8044
0000000000000000000000302010000033	N	oracle_08045	8045
0000000000000000000000302100000033	N	oracle_08046	8046
0000000000000000000000302110000023	N	oracle_08047	8047
0000000000000000000000303000000222	P	oracle_08048	8048
0000000000000000000000303010000023	P	oracle_08049	8049
0000000000000000000000303020000022	P	oracle_08050	8050
0000000000000000000000303200000022	P	oracle_08051	8051
0000000000000000000000304000000023	N	oracle_08052	8052
0000000000000000000000310020000033	P	oracle_08053	8053
0000000000000000000000310030000023	P	oracle_08054	8054
0000000000000000000000311120000022	N	oracle_08055	8055
0000000000000000000000311210000022	N	oracle_08056	8056
0000000000000000000000313010000022	N	oracle_08057	8057
0000000000000000000000314000000022	N	oracle_08058	8058
0000000000000000000000320000000034	N	oracle_08059	8059
0000000000000000000000320010000033	N	oracle_08060	8060
0000000000000000000000320120000022	N	oracle_08061	8061
0000000000000000000000320210000022	N	oracle_08062	8062
0000000000000000000000321020000022	N	oracle_08063	8063
0000000000000000000000321110000022	N	oracle_08064	8064
0000000000000000000000321120000012	N	oracle_08065	8065
0000000000000000000000321200000022	N	oracle_08066	8066
0000000000000000000000321210000012	N	oracle_08067	8067
0000000000000000000000322000000122	N	oracle_08068	8068
0000000000000000000000322010000022	N	oracle_08069	8069
0000000000000000000000322100000022	N	oracle_08070	8070
0000000000000000000000323000000022	N	oracle_08071	8071
0000000000000000000000323010000012	N	oracle_08072	8072
0000000000000000000000324000000012	N	oracle_08073	8073
0000000000000000000000330010000023	P	oracle_08074	8074
0000000000000000000000330020000022	P	oracle_08075	8075
0000000000000000000000330200000022	P	oracle_08076	8076
0000000000000000000000331000000122	N	oracle_08077	8077
0000000000000000000000331010000022	N	oracle_08078	8078
0000000000000000000000331100000022	N	oracle_08079	8079
0000000000000000000000332000000022	N	oracle_08080	8080
0000000000000000000000332000000112	N	oracle_08081	8081
0000000000000000000000332010000012	N	oracle_08082	8082
0000000000000000000000332100000012	N	oracle_08083	8083
0000000000000000000000340000000023	P	oracle_08084	8084
0000000000000000000000341000000022	N	oracle_08085	8085
0000000000000000000000342000000012	N	oracle_08086	8086
0000000000000000000000400030000023	P	oracle_08087	8087
0000000000000000000000400300000023	P	oracle_08088	8088
0000000000000000000000401020000023	P	oracle_08089	8089
0000000000000000000000401120000022	N	oracle_08090	8090
0000000000000000000000403000000023	P	oracle_08091	8091
0000000000000000000000410120000022	N	oracle_08092	8092
0000000000000000000000411020000022	N	oracle_08093	8093
0000000000000000000000411110000022	N	oracle_08094	8094
0000000000000000000000411120000012	N	oracle_08095	8095
0000000000000000000000412010000022	N	oracle_08096	8096
0000000000000000000000413000000022	N	oracle_08097	8097
0000000000000000000000420110000022	N	oracle_08098	8098
0000000000000000000000421010000022	N	oracle_08099	8099
0000000000000000000000421100000022	N	oracle_08100	8100
0000000000000000000000421110000012	N	oracle_08101	8101
0000000000000000000000422000000022	N	oracle_08102	8102
0000000000000000000000423000000012	N	oracle_08103	8103
0000000000000000000000430000000023	P	oracle_08104	8104
0000000000000000000000431000000022	N	oracle_08105	8105
0000000000000000000000432000000012	N	oracle_08106	8106
0000000000000000000001001220000033	N	oracle_08107	8107
0000000000000000000001001420000022	N	oracle_08108	8108
0000000000000000000001002120000033	N	oracle_08109	8109
0000000000000000000001002210000033	N	oracle_08110	8110
0000000000000000000001002230000022	N	oracle_08111	8111
0000000000000000000001004120000022	N	oracle_08112	8112
0000000000000000000001010420000022	N	oracle_08113	8113
0000000000000000000001011230000022	N	oracle_08114	8114
0000000000000000000001011320000022	N	oracle_08115	8115
0000000000000000000001011410000022	N	oracle_08116	8116
0000000000000000000001011420000012	N	oracle_08117	8117
0000000000000000000001012130000022	N	oracle_08118	8118
0000000000000000000001012220000022	N	oracle_08119	8119
0000000000000000000001012230000012	N	oracle_08120	8120
0000000000000000000001012310000022	N	oracle_08121	8121
0000000000000000000001013120000022	N	oracle_08122	8122
0000000000000000000001013210000022	N	oracle_08123	8123
0000000000000000000001014020000022	N	oracle_08124	8124
0000000000000000000001014110000022	N	oracle_08125	8125
0000000000000000000001014120000012	N	oracle_08126	8126
0000000000000000000001020410000022	N	oracle_08127	8127
0000000000000000000001021200000033	N	oracle_08128	8128
0000000000000000000001021310000022	N	oracle_08129	8129
0000000000000000000001021400000022	N	oracle_08130	8130
0000000000000000000001021410000012	N	oracle_08131	8131
0000000000000000000001022100000033	N	oracle_08132	8132
0000000000000000000001022210000022	N	oracle_08133	8133
0000000000000000000001023110000022	N	oracle_08134	8134
0000000000000000000001024010000022	N	oracle_08135	8135
0000000000000000000001024100000022	N	oracle_08136	8136
0000000000000000000001024110000012	N	oracle_08137	8137
0000000000000000000001030200000033	N	oracle_08138	8138
0000000000000000000001031100000033	N	oracle_08139	8139
0000000000000000000001031200000023	N	oracle_08140	8140
0000000000000000000001031210000022	N	oracle_08141	8141
0000000000000000000001032000000033	N	oracle_08142	8142
0000000000000000000001032100000023	N	oracle_08143	8143
0000000000000000000001032110000022	N	oracle_08144	8144
0000000000000000000001032200000022	N	oracle_08145	8145
0000000000000000000001032210000012	N	oracle_08146	8146
0000000000000000000001100030000034	N	oracle_08147	8147
0000000000000000000001100300000034	N	oracle_08148	8148
0000000000000000000001100400000033	N	oracle_08149	8149
0000000000000000000001101230000022	N	oracle_08150	8150
0000000000000000000001101300000033	N	oracle_08151	8151
0000000000000000000001102020000033	P	oracle_08152	8152
0000000000000000000001102130000022	N	oracle_08153	8153
0000000000000000000001102310000022	N	oracle_08154	8154
0000000000000000000001103000000034	N	oracle_08155	8155
0000000000000000000001103100000033	N	oracle_08156	8156
0000000000000000000001103210000022	N	oracle_08157	8157
0000000000000000000001104000000033	N	oracle_08158	8158
0000000000000000000001110230000022	N	oracle_08159	8159
0000000000000000000001111130000022	N	oracle_08160	8160
0000000000000000000001111220000022	N	oracle_08161	8161
0000000000000000000001111230000012	N	oracle_08162	8162
0000000000000000000001111310000022	N	oracle_08163	8163
0000000000000000000001112030000022	N	oracle_08164	8164
0000000000000000000001112100000033	N	oracle_08165	8165
0000000000000000000001112120000022	N	oracle_08166	8166
0000000000000000000001112130000012	N	oracle_08167	8167
0000000000000000000001112210000022	N	oracle_08168	8168
0000000000000000000001112300000022	N	oracle_08169	8169
0000000000000000000001112310000012	N	oracle_08170	8170
0000000000000000000001113020000022	N	oracle_08171	8171
0000000000000000000001113110000022	N	oracle_08172	8172
0000000000000000000001113200000022	N	oracle_08173	8173
0000000000000000000001113210000012	N	oracle_08174	8174
0000000000000000000001121030000022	N	oracle_08175	8175
0000000000000000000001121120000022	N	oracle_08176	8176
0000000000000000000001121210000022	N	oracle_08177	8177
0000000000000000000001122100000023	N	oracle_08178	8178
0000000000000000000001122110000022	N	oracle_08179	8179
0000000000000000000001122200000022	N	oracle_08180	8180
0000000000000000000001130000000034	N	oracle_08181	8181
0000000000000000000001130100000033	N	oracle_08182	8182
0000000000000000000001131110000022	N	oracle_08183	8183
0000000000000000000001133000000022	N	oracle_08184	8184
0000000000000000000001141010000022	N	oracle_08185	8185
0000000000000000000001200020000034	N	oracle_08186	8186
0000000000000000000001200020000223	N	oracle_08187	8187
0000000000000000000001200030000024	N	oracle_08188	8188
0000000000000000000001200030000033	N	oracle_08189	8189
0000000000000000000001200120000033	N	oracle_08190	8190
0000000000000000000001200200000034	N	oracle_08191	8191
0000000000000000000001200200000133	N	oracle_08192	8192
0000000000000000000001200200000223	P	oracle_08193	8193
0000000000000000000001200210000024	P	oracle_08194	8194
0000000000000000000001200210000033	N	oracle_08195	8195
0000000000000000000001200220000023	N	oracle_08196	8196
0000000000000000000001200300000024	N	oracle_08197	8197
0000000000000000000001200300000033	N	oracle_08198	8198
0000000000000000000001200400000023	N	oracle_08199	8199
0000000000000000000001201130000022	N	oracle_08200	8200
0000000000000000000001201200000033	N	oracle_08201	8201
0000000000000000000001201300000023	N	oracle_08202	8202
0000000000000000000001202000000034	N	oracle_08203	8203
0000000000000000000001202000000133	N	oracle_08204	8204
0000000000000000000001202000000223	P	oracle_08205	8205
0000000000000000000001202010000033	N	oracle_08206	8206
0000000000000000000001202020000023	N	oracle_08207	8207
0000000000000000000001202030000022	N	oracle_08208	8208
0000000000000000000001202100000033	N	oracle_08209	8209
0000000000000000000001202200000023	P	oracle_08210	8210
0000000000000000000001202210000022	N	oracle_08211	8211
0000000000000000000001203000000024	N	oracle_08212	8212
0000000000000000000001203000000033	N	oracle_08213	8213
0000000000000000000001203020000022	N	oracle_08214	8214
0000000000000000000001203100000023	N	oracle_08215	8215
0000000000000000000001204000000023	N	oracle_08216	8216
0000000000000000000001210130000022	N	oracle_08217	8217
0000000000000000000001210200000033	N	oracle_08218	8218
0000000000000000000001211030000022	N	oracle_08219	8219
0000000000000000000001211100000033	N	oracle_08220	8220
0000000000000000000001211120000022	N	oracle_08221	8221
0000000000000000000001211130000012	N	oracle_08222	8222
0000000000000000000001211210000022	N	oracle_08223	8223
0000000000000000000001212000000033	N	oracle_08224	8224
0000000000000000000001212020000022	N	oracle_08225	8225
0000000000000000000001212100000023	N	oracle_08226	8226
0000000000000000000001212110000022	N	oracle_08227	8227
0000000000000000000001212200000022	N	oracle_08228	8228
0000000000000000000001212210000012	N	oracle_08229	8229
0000000000000000000001220000000034	N	oracle_08230	8230
0000000000000000000001220020000023	P	oracle_08231	8231
0000000000000000000001220100000033	N	oracle_08232	8232
0000000000000000000001220120000022	N	oracle_08233	8233
0000000000000000000001220200000023	P	oracle_08234	8234
0000000000000000000001220210000022	N	oracle_08235	8235
0000000000000000000001221000000033	P	oracle_08236	8236
0000000000000000000001221020000022	N	oracle_08237	8237
0000000000000000000001221100000023	N	oracle_08238	8238
0000000000000000000001221110000022	N	oracle_08239	8239
0000000000000000000001221120000012	N	oracle_08240	8240
0000000000000000000001221200000022	N	oracle_08241	8241
0000000000000000000001221210000012	N	oracle_08242	8242
0000000000000000000001222000000023	N	oracle_08243	8243
0000000000000000000001223000000022	N	oracle_08244	8244
0000000000000000000001230000000024	N	oracle_08245	8245
0000000000000000000001230000000033	N	oracle_08246	8246
0000000000000000000001230100000023	N	oracle_08247	8247
0000000000000000000001230110000022	N	oracle_08248	8248
0000000000000000000001231010000022	N	oracle_08249	8249
0000000000000000000001231100000022	N	oracle_08250	8250
0000000000000000000001231110000012	N	oracle_08251	8251
0000000000000000000001232000000022	N	oracle_08252	8252
0000000000000000000001233000000012	N	oracle_08253	8253
0000000000000000000001300010000034	N	oracle_08254	8254
0000000000000000000001300020000024	N	oracle_08255	8255
0000000000000000000001300020000033	N	oracle_08256	8256
0000000000000000000001300030000023	P	oracle_08257	8257
0000000000000000000001300100000034	N	oracle_08258	8258
0000000000000000000001300200000024	N	oracle_08259	8259
0000000000000000000001300200000033	N	oracle_08260	8260
0000000000000000000001300300000023	P	oracle_08261	8261
0000000000000000000001301000000034	N	oracle_08262	8262
0000000000000000000001301030000022	N	oracle_08263	8263
0000000000000000000001301100000033	N	oracle_08264	8264
0000000000000000000001301120000022	N	oracle_08265	8265
0000000000000000000001301200000023	N	oracle_08266	8266
0000000000000000000001301210000022	N	oracle_08267	8267
0000000000000000000001302000000024	N	oracle_08268	8268
0000000000000000000001302000000033	N	oracle_08269	8269
0000000000000000000001302100000023	N	oracle_08270	8270
0000000000000000000001302110000022	N	oracle_08271	8271
0000000000000000000001303000000023	P	oracle_08272	8272
0000000000000000000001303010000022	N	oracle_08273	8273
0000000000000000000001310000000034	N	oracle_08274	8274
0000000000000000000001311110000022	N	oracle_08275	8275
0000000000000000000001312010000022	N	oracle_08276	8276
0000000000000000000001320000000024	N	oracle_08277	8277
0000000000000000000001320000000033	N	oracle_08278	8278
0000000000000000000001320110000022	N	oracle_08279	8279
0000000000000000000001321010000022	N	oracle_08280	8280
0000000000000000000001321100000022	N	oracle_08281	8281
0000000000000000000001321110000012	N	oracle_08282	8282
0000000000000000000001330000000023	P	oracle_08283	8283
0000000000000000000001340000000022	N	oracle_08284	8284
0000000000000000000001402010000022	N	oracle_08285	8285
0000000000000000000001411010000022	N	oracle_08286	8286
0000000000000000000001412000000022	N	oracle_08287	8287
0000000000000000000001412010000012	N	oracle_08288	8288
0000000000000000000001430000000022	N	oracle_08289	8289
0000000000000000000002000020000044	P	oracle_08290	8290
0000000000000000000002000030000034	N	oracle_08291	8291
0000000000000000000002000200000044	P	oracle_08292	8292
0000000000000000000002000220000033	P	oracle_08293	8293
0000000000000000000002000300000034	N	oracle_08294	8294
0000000000000000000002002000000044	P	oracle_08295	8295
0000000000000000000002002020000033	P	oracle_08296	8296
0000000000000000000002002200000033	P	oracle_08297	8297
0000000000000000000002003000000034	N	oracle_08298	8298
0000000000000000000002011130000022	N	oracle_08299	8299
0000000000000000000002012030000022	N	oracle_08300	8300
0000000000000000000002012120000022	N	oracle_08301	8301
0000000000000000000002012210000022	N	oracle_08302	8302
0000000000000000000002013000000033	N	oracle_08303	8303
0000000000000000000002013020000022	N	oracle_08304	8304
0000000000000000000002020000000044	P	oracle_08305	8305
0000000000000000000002020020000033	P	oracle_08306	8306
0000000000000000000002020200000033	P	oracle_08307	8307
0000000000000000000002021120000022	N	oracle_08308	8308
0000000000000000000002022000000033	P	oracle_08309	8309
0000000000000000000002030000000034	N	oracle_08310	8310
0000000000000000000002030100000033	N	oracle_08311	8311
0000000000000000000002033000000022	P	oracle_08312	8312
0000000000000000000002041010000022	N	oracle_08313	8313
0000000000000000000002100020000034	N	oracle_08314	8314
0000000000000000000002100030000024	N	oracle_08315	8315
0000000000000000000002100030000033	N	oracle_08316	8316
0000000000000000000002100120000033	N	oracle_08317	8317
0000000000000000000002100200000034	N	oracle_08318	8318
0000000000000000000002100200000133	N	oracle_08319	8319
0000000000000000000002100200000223	P	oracle_08320	8320
0000000000000000000002100210000024	P	oracle_08321	8321
0000000000000000000002100210000033	N	oracle_08322	8322
0000000000000000000002100220000023	N	oracle_08323	8323
0000000000000000000002100300000024	N	oracle_08324	8324
0000000000000000000002100300000033	N	oracle_08325	8325
0000000000000000000002101020000033	N	oracle_08326	8326
0000000000000000000002101130000022	N	oracle_08327	8327
0000000000000000000002101200000033	N	oracle_08328	8328
0000000000000000000002102000000034	N	oracle_08329	8329
0000000000000000000002102000000133	N	oracle_08330	8330
0000000000000000000002102000000223	P	oracle_08331	8331
0000000000000000000002102010000033	N	oracle_08332	8332
0000000000000000000002102020000023	N	oracle_08333	8333
0000000000000000000002102030000022	N	oracle_08334	8334
0000000000000000000002102100000033	N	oracle_08335	8335
0000000000000000000002102120000022	N	oracle_08336	8336
0000000000000000000002102200000023	P	oracle_08337	8337
0000000000000000000002102210000022	N	oracle_08338	8338
0000000000000000000002103000000024	N	oracle_08339	8339
0000000000000000000002103000000033	N	oracle_08340	8340
0000000000000000000002103020000022	N	oracle_08341	8341
0000000000000000000002110130000022	N	oracle_08342	8342
0000000000000000000002110200000033	N	oracle_08343	8343
0000000000000000000002111030000022	N	oracle_08344	8344
0000000000000000000002111120000022	N	oracle_08345	8345
0000000000000000000002111130000012	N	oracle_08346	8346
0000000000000000000002111210000022	N	oracle_08347	8347
0000000000000000000002112000000033	P	oracle_08348	8348
0000000000000000000002112020000022	N	oracle_08349	8349
0000000000000000000002112030000012	N	oracle_08350	8350
0000000000000000000002112110000022	N	oracle_08351	8351
0000000000000000000002112120000012	N	oracle_08352	8352
0000000000000000000002112200000022	N	oracle_08353	8353
0000000000000000000002112210000012	N	oracle_08354	8354
0000000000000000000002113010000022	N	oracle_08355	8355
0000000000000000000002113020000012	N	oracle_08356	8356
0000000000000000000002120000000034	N	oracle_08357	8357
0000000000000000000002120000000223	P	oracle_08358	8358
0000000000000000000002120010000024	P	oracle_08359	8359
0000000000000000000002120100000033	N	oracle_08360	8360
0000000000000000000002120120000022	N	oracle_08361	8361
0000000000000000000002120200000023	P	oracle_08362	8362
0000000000000000000002121000000033	N	oracle_08363	8363
0000000000000000000002121020000022	N	oracle_08364	8364
0000000000000000000002121110000022	N	oracle_08365	8365
0000000000000000000002121120000012	N	oracle_08366	8366
0000000000000000000002122000000023	N	oracle_08367	8367
0000000000000000000002130000000024	N	oracle_08368	8368
0000000000000000000002130000000033	N	oracle_08369	8369
0000000000000000000002130100000023	N	oracle_08370	8370
0000000000000000000002131010000022	N	oracle_08371	8371
0000000000000000000002140010000022	N	oracle_08372	8372
0000000000000000000002141000000022	N	oracle_08373	8373
0000000000000000000002141010000012	N	oracle_08374	8374
0000000000000000000002200010000223	N	oracle_08375	8375
0000000000000000000002200020000024	N	oracle_08376	8376
0000000000000000000002200020000033	P	oracle_08377	8377
0000000000000000000002200110000033	N	oracle_08378	8378
0000000000000000000002200200000024	P	oracle_08379	8379
0000000000000000000002200200000033	P	oracle_08380	8380
0000000000000000000002200200000123	P	oracle_08381	8381
0000000000000000000002200210000023	N	oracle_08382	8382
0000000000000000000002201010000033	N	oracle_08383	8383
0000000000000000000002201200000023	P	oracle_08384	8384
0000000000000000000002202000000024	P	oracle_08385	8385
0000000000000000000002202000000033	P	oracle_08386	8386
0000000000000000000002202000000123	P	oracle_08387	8387
0000000000000000000002202010000023	N	oracle_08388	8388
0000000000000000000002202100000023	P	oracle_08389	8389
0000000000000000000002210200000023	P	oracle_08390	8390
0000000000000000000002211000000033	N	oracle_08391	8391
0000000000000000000002211110000022	N	oracle_08392	8392
0000000000000000000002212000000023	P	oracle_08393	8393
0000000000000000000002220000000024	N	oracle_08394	8394
0000000000000000000002220000000033	P	oracle_08395	8395
0000000000000000000002220010000023	N	oracle_08396	8396
0000000000000000000002221000000023	N	oracle_08397	8397
0000000000000000000002221010000022	N	oracle_08398	8398
0000000000000000000002221100000022	N	oracle_08399	8399
0000000000000000000002230010000022	N	oracle_08400	8400
0000000000000000000002240000000022	N	oracle_08401	8401
0000000000000000000002300010000033	N	oracle_08402	8402
0000000000000000000002300030000022	N	oracle_08403	8403
0000000000000000000002300100000033	N	oracle_08404	8404
0000000000000000000002301000000033	P	oracle_08405	8405
0000000000000000000002303000000022	N	oracle_08406	8406
0000000000000000000002311010000022	N	oracle_08407	8407
0000000000000000000002321000000022	N	oracle_08408	8408
0000000000000000000002330000000022	N	oracle_08409	8409
0000000000000000000002340000000012	N	oracle_08410	8410
0000000000000000000002401010000022	N	oracle_08411	8411
0000000000000000000002410010000022	N	oracle_08412	8412
0000000000000000000002411000000022	N	oracle_08413	8413
0000000000000000000002411010000012	N	oracle_08414	8414
0000000000000000000002420000000022	N	oracle_08415	8415
0000000000000000000002430000000012	N	oracle_08416	8416
0000000000000000000003000020000034	N	oracle_08417	8417
0000000000000000000003000040000023	P	oracle_08418	8418
0000000000000000000003000200000034	N	oracle_08419	8419
0000000000000000000003000400000023	N	oracle_08420	8420
0000000000000000000003002000000034	N	oracle_08421	8421
0000000000000000000003004000000023	N	oracle_08422	8422
0000000000000000000003011120000022	N	oracle_08423	8423
0000000000000000000003011210000022	N	oracle_08424	8424
0000000000000000000003012000000033	N	oracle_08425	8425
0000000000000000000003012020000022	N	oracle_08426	8426
0000000000000000000003013010000022	N	oracle_08427	8427
0000000000000000000003021110000022	N	oracle_08428	8428
0000000000000000000003040000000023	P	oracle_08429	8429
0000000000000000000003100010000034	N	oracle_08430	8430
0000000000000000000003100020000024	N	oracle_08431	8431
0000000000000000000003100020000033	N	oracle_08432	8432
0000000000000000000003100030000023	P	oracle_08433	8433
0000000000000000000003100100000034	N	oracle_08434	8434
0000000000000000000003100200000024	N	oracle_08435	8435
0000000000000000000003100200000033	N	oracle_08436	8436
0000000000000000000003100300000023	P	oracle_08437	8437
0000000000000000000003101000000034	N	oracle_08438	8438
0000000000000000000003101120000022	N	oracle_08439	8439
0000000000000000000003101210000022	N	oracle_08440	8440
0000000000000000000003102000000024	N	oracle_08441	8441
0000000000000000000003102000000033	N	oracle_08442	8442
0000000000000000000003102020000022	N	oracle_08443	8443
0000000000000000000003103000000023	P	oracle_08444	8444
0000000000000000000003103010000022	N	oracle_08445	8445
0000000000000000000003110120000022	N	oracle_08446	8446
0000000000000000000003110210000022	N	oracle_08447	8447
0000000000000000000003111020000022	N	oracle_08448	8448
0000000000000000000003111110000022	N	oracle_08449	8449
0000000000000000000003111120000012	N	oracle_08450	8450
0000000000000000000003111200000022	N	oracle_08451	8451
0000000000000000000003111210000012	N	oracle_08452	8452
0000000000000000000003112000000023	N	oracle_08453	8453
0000000000000000000003112010000022	N	oracle_08454	8454
0000000000000000000003112020000012	N	oracle_08455	8455
0000000000000000000003113000000022	N	oracle_08456	8456
0000000000000000000003113010000012	N	oracle_08457	8457
0000000000000000000003120110000022	N	oracle_08458	8458
0000000000000000000003121000000023	P	oracle_08459	8459
0000000000000000000003121010000022	N	oracle_08460	8460
0000000000000000000003121100000022	N	oracle_08461	8461
0000000000000000000003121110000012	N	oracle_08462	8462
0000000000000000000003130000000023	P	oracle_08463	8463
0000000000000000000003200010000033	N	oracle_08464	8464
0000000000000000000003200100000033	N	oracle_08465	8465
0000000000000000000003200200000023	N	oracle_08466	8466
0000000000000000000003201000000033	N	oracle_08467	8467
0000000000000000000003201110000022	N	oracle_08468	8468
0000000000000000000003202000000023	N	oracle_08469	8469
0000000000000000000003210110000022	N	oracle_08470	8470
0000000000000000000003211010000022	N	oracle_08471	8471
0000000000000000000003211100000022	N	oracle_08472	8472
0000000000000000000003211110000012	N	oracle_08473	8473
0000000000000000000003220010000022	N	oracle_08474	8474
0000000000000000000003221000000022	N	oracle_08475	8475
0000000000000000000003221010000012	N	oracle_08476	8476
0000000000000000000003300010000023	N	oracle_08477	8477
0000000000000000000003300100000023	N	oracle_08478	8478
0000000000000000000003301000000023	N	oracle_08479	8479
0000000000000000000003302000000022	N	oracle_08480	8480
0000000000000000000003311000000022	N	oracle_08481	8481
0000000000000000000003321000000012	N	oracle_08482	8482
0000000000000000000004000030000023	P	oracle_08483	8483
0000000000000000000004000300000023	P	oracle_08484	8484
0000000000000000000004003000000023	P	oracle_08485	8485
0000000000000000000004100100000033	N	oracle_08486	8486
0000000000000000000004101000000033	N	oracle_08487	8487
0000000000000000000004200100000023	N	oracle_08488	8488
0000000000000000000004201000000023	N	oracle_08489	8489
0000000000000000000010000130000034	N	oracle_08490	8490
0000000000000000000010000220000034	N	oracle_08491	8491
0000000000000000000010000220000223	N	oracle_08492	8492
0000000000000000000010000230000033	N	oracle_08493	8493
0000000000000000000010000240000023	N	oracle_08494	8494
0000000000000000000010000310000034	N	oracle_08495	8495
0000000000000000000010000320000033	P	oracle_08496	8496
0000000000000000000010000330000023	N	oracle_08497	8497
0000000000000000000010000420000023	N	oracle_08498	8498
0000000000000000000010001220000033	N	oracle_08499	8499
0000000000000000000010001230000023	N	oracle_08500	8500
0000000000000000000010001320000023	N	oracle_08501	8501
0000000000000000000010001420000022	N	oracle_08502	8502
0000000000000000000010002120000033	N	oracle_08503	8503
0000000000000000000010002130000023	N	oracle_08504	8504
0000000000000000000010002210000033	N	oracle_08505	8505
0000000000000000000010002220000023	N	oracle_08506	8506
0000000000000000000010002230000013	N	oracle_08507	8507
0000000000000000000010002230000022	N	oracle_08508	8508
0000000000000000000010002310000023	N	oracle_08509	8509
0000000000000000000010002320000013	N	oracle_08510	8510
0000000000000000000010002320000022	N	oracle_08511	8511
0000000000000000000010003120000023	N	oracle_08512	8512
0000000000000000000010003210000023	N	oracle_08513	8513
0000000000000000000010003220000013	N	oracle_08514	8514
0000000000000000000010003220000022	N	oracle_08515	8515
0000000000000000000010004120000022	N	oracle_08516	8516
0000000000000000000010010220000033	N	oracle_08517	8517
0000000000000000000010010420000022	N	oracle_08518	8518
0000000000000000000010011220000023	N	oracle_08519	8519
0000000000000000000010011320000022	N	oracle_08520	8520
0000000000000000000010011410000022	N	oracle_08521	8521
0000000000000000000010011420000012	N	oracle_08522	8522
0000000000000000000010012120000023	N	oracle_08523	8523
0000000000000000000010012210000023	N	oracle_08524	8524
0000000000000000000010012220000013	N	oracle_08525	8525
0000000000000000000010012220000022	N	oracle_08526	8526
0000000000000000000010012300000023	N	oracle_08527	8527
0000000000000000000010013000000034	N	oracle_08528	8528
0000000000000000000010013120000022	N	oracle_08529	8529
0000000000000000000010013200000023	N	oracle_08530	8530
0000000000000000000010014020000022	N	oracle_08531	8531
0000000000000000000010014110000022	N	oracle_08532	8532
0000000000000000000010014120000012	N	oracle_08533	8533
0000000000000000000010020020000223	N	oracle_08534	8534
0000000000000000000010020410000022	N	oracle_08535	8535
0000000000000000000010021100000223	N	oracle_08536	8536
0000000000000000000010021210000023	N	oracle_08537	8537
0000000000000000000010021300000023	N	oracle_08538	8538
0000000000000000000010021310000022	N	oracle_08539	8539
0000000000000000000010021400000022	N	oracle_08540	8540
0000000000000000000010021410000012	N	oracle_08541	8541
0000000000000000000010022110000023	N	oracle_08542	8542
0000000000000000000010022200000023	N	oracle_08543	8543
0000000000000000000010022210000013	N	oracle_08544	8544
0000000000000000000010022210000022	N	oracle_08545	8545
0000000000000000000010022300000013	N	oracle_08546	8546
0000000000000000000010022300000022	N	oracle_08547	8547
0000000000000000000010023000000033	P	oracle_08548	8548
0000000000000000000010023100000023	N	oracle_08549	8549
0000000000000000000010023110000022	N	oracle_08550	8550
0000000000000000000010023200000013	N	oracle_08551	8551
0000000000000000000010023200000022	N	oracle_08552	8552
0000000000000000000010024010000022	N	oracle_08553	8553
0000000000000000000010024100000022	N	oracle_08554	8554
0000000000000000000010024110000012	N	oracle_08555	8555
0000000000000000000010031200000023	N	oracle_08556	8556
0000000000000000000010032000000033	N	oracle_08557	8557
0000000000000000000010032100000023	N	oracle_08558	8558
0000000000000000000010032200000013	N	oracle_08559	8559
0000000000000000000010032200000022	N	oracle_08560	8560
0000000000000000000010033000000023	N	oracle_08561	8561
0000000000000000000010033100000022	N	oracle_08562	8562
0000000000000000000010033200000012	N	oracle_08563	8563
0000000000000000000010041000000033	N	oracle_08564	8564
0000000000000000000010042000000023	N	oracle_08565	8565
0000000000000000000010100120000034	N	oracle_08566	8566
0000000000000000000010100120000223	N	oracle_08567	8567
0000000000000000000010100210000034	N	oracle_08568	8568
0000000000000000000010100210000223	N	oracle_08569	8569
0000000000000000000010100220000024	N	oracle_08570	8570
0000000000000000000010100220000033	N	oracle_08571	8571
0000000000000000000010100220000123	N	oracle_08572	8572
0000000000000000000010100220000222	N	oracle_08573	8573
0000000000000000000010101020000223	N	oracle_08574	8574
0000000000000000000010102020000033	N	oracle_08575	8575
0000000000000000000010102030000023	N	oracle_08576	8576
0000000000000000000010103020000023	N	oracle_08577	8577
0000000000000000000010110020000223	N	oracle_08578	8578
0000000000000000000010112020000023	N	oracle_08579	8579
0000000000000000000010112030000022	N	oracle_08580	8580
0000000000000000000010112120000022	N	oracle_08581	8581
0000000000000000000010120010000223	N	oracle_08582	8582
0000000000000000000010120020000123	N	oracle_08583	8583
0000000000000000000010120020000222	N	oracle_08584	8584
0000000000000000000010121020000023	N	oracle_08585	8585
0000000000000000000010121030000022	N	oracle_08586	8586
0000000000000000000010121200000023	N	oracle_08587	8587
0000000000000000000010122000000033	N	oracle_08588	8588
0000000000000000000010122100000023	N	oracle_08589	8589
0000000000000000000010122110000022	N	oracle_08590	8590
0000000000000000000010123000000023	N	oracle_08591	8591
0000000000000000000010200020000223	N	oracle_08592	8592
0000000000000000000010201010000223	N	oracle_08593	8593
0000000000000000000010201020000033	N	oracle_08594	8594
0000000000000000000010201020000123	N	oracle_08595	8595
0000000000000000000010201020000222	N	oracle_08596	8596
0000000000000000000010201030000023	N	oracle_08597	8597
0000000000000000000010202010000033	N	oracle_08598	8598
0000000000000000000010202020000023	N	oracle_08599	8599
0000000000000000000010202030000022	N	oracle_08600	8600
0000000000000000000010202100000033	N	oracle_08601	8601
0000000000000000000010202110000023	N	oracle_08602	8602
0000000000000000000010203020000022	N	oracle_08603	8603
0000000000000000000010211020000023	N	oracle_08604	8604
0000000000000000000010211200000023	N	oracle_08605	8605
0000000000000000000010212020000022	N	oracle_08606	8606
0000000000000000000010213000000023	N	oracle_08607	8607
0000000000000000000010220100000033	N	oracle_08608	8608
0000000000000000000010220200000023	N	oracle_08609	8609
0000000000000000000010221000000033	N	oracle_08610	8610
0000000000000000000010221100000023	N	oracle_08611	8611
0000000000000000000010221200000013	N	oracle_08612	8612
0000000000000000000010221200000022	N	oracle_08613	8613
0000000000000000000010222000000023	N	oracle_08614	8614
0000000000000000000010223000000013	N	oracle_08615	8615
0000000000000000000010223000000022	N	oracle_08616	8616
0000000000000000000010231000000023	N	oracle_08617	8617
0000000000000000000010301020000023	N	oracle_08618	8618
0000000000000000000010301030000022	N	oracle_08619	8619
0000000000000000000010301120000022	N	oracle_08620	8620
0000000000000000000010301210000022	N	oracle_08621	8621
0000000000000000000010302010000023	N	oracle_08622	8622
0000000000000000000010302110000022	N	oracle_08623	8623
0000000000000000000010303010000022	N	oracle_08624	8624
0000000000000000000010331000000022	N	oracle_08625	8625
0000000000000000000011000030000034	N	oracle_08626	8626
0000000000000000000011000220000033	N	oracle_08627	8627
0000000000000000000011001120000033	N	oracle_08628	8628
0000000000000000000011001210000033	N	oracle_08629	8629
0000000000000000000011001220000023	N	oracle_08630	8630
0000000000000000000011002020000033	N	oracle_08631	8631
0000000000000000000011002110000033	N	oracle_08632	8632
0000000000000000000011002120000023	N	oracle_08633	8633
0000000000000000000011002200000033	N	oracle_08634	8634
0000000000000000000011002210000023	N	oracle_08635	8635
0000000000000000000011003000000034	N	oracle_08636	8636
0000000000000000000011003100000033	N	oracle_08637	8637
0000000000000000000011004000000033	N	oracle_08638	8638
0000000000000000000011012030000022	N	oracle_08639	8639
0000000000000000000011012100000033	N	oracle_08640	8640
0000000000000000000011012120000022	N	oracle_08641	8641
0000000000000000000011013000000033	N	oracle_08642	8642
0000000000000000000011021030000022	N	oracle_08643	8643
0000000000000000000011022110000022	N	oracle_08644	8644
0000000000000000000011031000000033	N	oracle_08645	8645
0000000000000000000011101200000033	N	oracle_08646	8646
0000000000000000000011102020000023	N	oracle_08647	8647
0000000000000000000011102030000022	N	oracle_08648	8648
0000000000000000000011102100000033	N	oracle_08649	8649
0000000000000000000011102120000022	N	oracle_08650	8650
0000000000000000000011103020000022	N	oracle_08651	8651
0000000000000000000011111030000022	N	oracle_08652	8652
0000000000000000000011111120000022	N	oracle_08653	8653
0000000000000000000011112020000022	N	oracle_08654	8654
0000000000000000000011112030000012	N	oracle_08655	8655
0000000000000000000011112110000022	N	oracle_08656	8656
0000000000000000000011112120000012	N	oracle_08657	8657
0000000000000000000011120030000022	N	oracle_08658	8658
0000000000000000000011120100000033	N	oracle_08659	8659
0000000000000000000011121020000022	N	oracle_08660	8660
0000000000000000000011121030000012	N	oracle_08661	8661
0000000000000000000011121110000022	N	oracle_08662	8662
0000000000000000000011122010000022	N	oracle_08663	8663
0000000000000000000011122100000022	N	oracle_08664	8664
0000000000000000000011122110000012	N	oracle_08665	8665
0000000000000000000011200010000223	N	oracle_08666	8666
0000000000000000000011200110000033	N	oracle_08667	8667
0000000000000000000011200200000033	N	oracle_08668	8668
0000000000000000000011200300000023	P	oracle_08669	8669
0000000000000000000011201010000033	N	oracle_08670	8670
0000000000000000000011201030000022	N	oracle_08671	8671
0000000000000000000011201100000033	N	oracle_08672	8672
0000000000000000000011201120000022	N	oracle_08673	8673
0000000000000000000011201210000022	N	oracle_08674	8674
0000000000000000000011202000000033	N	oracle_08675	8675
0000000000000000000011202020000022	N	oracle_08676	8676
0000000000000000000011202030000012	N	oracle_08677	8677
0000000000000000000011202100000023	N	oracle_08678	8678
0000000000000000000011202110000022	N	oracle_08679	8679
0000000000000000000011203000000023	P	oracle_08680	8680
0000000000000000000011203010000022	N	oracle_08681	8681
0000000000000000000011203020000012	N	oracle_08682	8682
0000000000000000000011210100000033	N	oracle_08683	8683
0000000000000000000011211020000022	N	oracle_08684	8684
0000000000000000000011212000000023	N	oracle_08685	8685
0000000000000000000011212010000022	N	oracle_08686	8686
0000000000000000000011212020000012	N	oracle_08687	8687
0000000000000000000011220010000023	N	oracle_08688	8688
0000000000000000000011220100000023	N	oracle_08689	8689
0000000000000000000011221000000023	N	oracle_08690	8690
0000000000000000000011221010000022	N	oracle_08691	8691
0000000000000000000011230010000022	N	oracle_08692	8692
0000000000000000000011300030000022	N	oracle_08693	8693
0000000000000000000011300120000022	N	oracle_08694	8694
0000000000000000000011300210000022	N	oracle_08695	8695
0000000000000000000011301020000022	N	oracle_08696	8696
0000000000000000000011301030000012	N	oracle_08697	8697
0000000000000000000011301110000022	N	oracle_08698	8698
0000000000000000000011301120000012	N	oracle_08699	8699
0000000000000000000011301200000022	N	oracle_08700	8700
0000000000000000000011301210000012	N	oracle_08701	8701
0000000000000000000011302010000022	N	oracle_08702	8702
0000000000000000000011302100000022	N	oracle_08703	8703
0000000000000000000011302110000012	N	oracle_08704	8704
0000000000000000000011303000000022	N	oracle_08705	8705
0000000000000000000011303010000012	N	oracle_08706	8706
0000000000000000000012000030000033	N	oracle_08707	8707
0000000000000000000012000120000033	N	oracle_08708	8708
0000000000000000000012001020000033	N	oracle_08709	8709
0000000000000000000012001200000033	N	oracle_08710	8710
0000000000000000000012002000000223	N	oracle_08711	8711
0000000000000000000012002100000033	N	oracle_08712	8712
0000000000000000000012003000000024	N	oracle_08713	8713
0000000000000000000012003000000033	N	oracle_08714	8714
0000000000000000000012011030000022	N	oracle_08715	8715
0000000000000000000012011120000022	N	oracle_08716	8716
0000000000000000000012012000000033	N	oracle_08717	8717
0000000000000000000012012110000022	N	oracle_08718	8718
0000000000000000000012013000000023	N	oracle_08719	8719
0000000000000000000012020100000033	N	oracle_08720	8720
0000000000000000000012021110000022	N	oracle_08721	8721
0000000000000000000012100010000223	N	oracle_08722	8722
0000000000000000000012100110000033	N	oracle_08723	8723
0000000000000000000012100200000033	N	oracle_08724	8724
0000000000000000000012101010000033	N	oracle_08725	8725
0000000000000000000012101030000022	N	oracle_08726	8726
0000000000000000000012101100000033	N	oracle_08727	8727
0000000000000000000012101120000022	N	oracle_08728	8728
0000000000000000000012101200000023	N	oracle_08729	8729
0000000000000000000012102000000033	N	oracle_08730	8730
0000000000000000000012102100000023	N	oracle_08731	8731
0000000000000000000012102110000022	N	oracle_08732	8732
0000000000000000000012110030000022	N	oracle_08733	8733
0000000000000000000012110100000033	N	oracle_08734	8734
0000000000000000000012110120000022	N	oracle_08735	8735
0000000000000000000012111020000022	N	oracle_08736	8736
0000000000000000000012111030000012	N	oracle_08737	8737
0000000000000000000012111110000022	N	oracle_08738	8738
0000000000000000000012111120000012	N	oracle_08739	8739
0000000000000000000012112010000022	N	oracle_08740	8740
0000000000000000000012112100000022	N	oracle_08741	8741
0000000000000000000012112110000012	N	oracle_08742	8742
0000000000000000000012120010000023	N	oracle_08743	8743
0000000000000000000012120100000023	N	oracle_08744	8744
0000000000000000000012120110000022	N	oracle_08745	8745
0000000000000000000012121010000022	N	oracle_08746	8746
0000000000000000000012121100000022	N	oracle_08747	8747
0000000000000000000012121110000012	N	oracle_08748	8748
0000000000000000000012130010000022	N	oracle_08749	8749
0000000000000000000012200010000033	N	oracle_08750	8750
0000000000000000000012200010000123	N	oracle_08751	8751
0000000000000000000012200010000222	N	oracle_08752	8752
0000000000000000000012200030000022	N	oracle_08753	8753
0000000000000000000012200100000033	N	oracle_08754	8754
0000000000000000000012200100000222	P	oracle_08755	8755
0000000000000000000012200110000023	N	oracle_08756	8756
0000000000000000000012200200000023	N	oracle_08757	8757
0000000000000000000012201010000023	N	oracle_08758	8758
0000000000000000000012202000000023	N	oracle_08759	8759
0000000000000000000012203000000022	N	oracle_08760	8760
0000000000000000000012210010000023	N	oracle_08761	8761
0000000000000000000012211100000022	N	oracle_08762	8762
0000000000000000000012220010000013	N	oracle_08763	8763
0000000000000000000012220010000022	N	oracle_08764	8764
0000000000000000000012230010000012	N	oracle_08765	8765
0000000000000000000012300020000022	N	oracle_08766	8766
0000000000000000000012300030000012	N	oracle_08767	8767
0000000000000000000012302000000022	N	oracle_08768	8768
0000000000000000000012303000000012	N	oracle_08769	8769
0000000000000000000013000020000033	P	oracle_08770	8770
0000000000000000000013000030000023	N	oracle_08771	8771
0000000000000000000013001120000022	N	oracle_08772	8772
0000000000000000000013002000000033	N	oracle_08773	8773
0000000000000000000013003000000023	N	oracle_08774	8774
0000000000000000000013012000000023	N	oracle_08775	8775
0000000000000000000013100200000023	N	oracle_08776	8776
0000000000000000000013101110000022	N	oracle_08777	8777
0000000000000000000013102000000023	N	oracle_08778	8778
0000000000000000000013200100000023	N	oracle_08779	8779
0000000000000000000013200200000013	N	oracle_08780	8780
0000000000000000000013200200000022	N	oracle_08781	8781
0000000000000000000013202000000013	N	oracle_08782	8782
0000000000000000000013202000000022	N	oracle_08783	8783
0000000000000000000013300010000022	N	oracle_08784	8784
0000000000000000000013302000000012	N	oracle_08785	8785
0000000000000000000020000020000044	P	oracle_08786	8786
0000000000000000000020000030000034	N	oracle_08787	8787
0000000000000000000020000120000034	N	oracle_08788	8788
0000000000000000000020000130000024	N	oracle_08789	8789
0000000000000000000020000130000033	N	oracle_08790	8790
0000000000000000000020000140000023	N	oracle_08791	8791
0000000000000000000020000200000044	P	oracle_08792	8792
0000000000000000000020000210000034	N	oracle_08793	8793
0000000000000000000020000210000133	N	oracle_08794	8794
0000000000000000000020000210000223	P	oracle_08795	8795
0000000000000000000020000220000024	P	oracle_08796	8796
0000000000000000000020000220000033	P	oracle_08797	8797
0000000000000000000020000220000123	N	oracle_08798	8798
0000000000000000000020000230000023	P	oracle_08799	8799
0000000000000000000020000300000034	N	oracle_08800	8800
0000000000000000000020000310000024	N	oracle_08801	8801
0000000000000000000020000310000033	N	oracle_08802	8802
0000000000000000000020000410000023	N	oracle_08803	8803
0000000000000000000020001130000023	N	oracle_08804	8804
0000000000000000000020001210000033	N	oracle_08805	8805
0000000000000000000020001220000023	N	oracle_08806	8806
0000000000000000000020001220000122	N	oracle_08807	8807
0000000000000000000020001230000022	N	oracle_08808	8808
0000000000000000000020001320000022	N	oracle_08809	8809
0000000000000000000020002000000044	P	oracle_08810	8810
0000000000000000000020002020000033	P	oracle_08811	8811
0000000000000000000020002200000033	P	oracle_08812	8812
0000000000000000000020002210000023	N	oracle_08813	8813
0000000000000000000020002220000022	N	oracle_08814	8814
0000000000000000000020003000000034	N	oracle_08815	8815
0000000000000000000020003100000033	N	oracle_08816	8816
0000000000000000000020004000000033	N	oracle_08817	8817
0000000000000000000020010120000033	N	oracle_08818	8818
0000000000000000000020010210000033	N	oracle_08819	8819
0000000000000000000020010220000023	P	oracle_08820	8820
0000000000000000000020011100000223	N	oracle_08821	8821
0000000000000000000020011220000022	N	oracle_08822	8822
0000000000000000000020012000000034	N	oracle_08823	8823
0000000000000000000020012000000133	N	oracle_08824	8824
0000000000000000000020012000000223	N	oracle_08825	8825
0000000000000000000020012010000033	N	oracle_08826	8826
0000000000000000000020012020000023	P	oracle_08827	8827
0000000000000000000020012100000033	N	oracle_08828	8828
0000000000000000000020012200000023	P	oracle_08829	8829
0000000000000000000020013000000024	N	oracle_08830	8830
0000000000000000000020013000000033	N	oracle_08831	8831
0000000000000000000020020020000033	P	oracle_08832	8832
0000000000000000000020020100000223	N	oracle_08833	8833
0000000000000000000020020200000033	P	oracle_08834	8834
0000000000000000000020020210000023	P	oracle_08835	8835
0000000000000000000020021100000123	N	oracle_08836	8836
0000000000000000000020021100000222	N	oracle_08837	8837
0000000000000000000020021120000022	N	oracle_08838	8838
0000000000000000000020021200000023	N	oracle_08839	8839
0000000000000000000020022000000024	P	oracle_08840	8840
0000000000000000000020022000000033	P	oracle_08841	8841
0000000000000000000020022000000123	P	oracle_08842	8842
0000000000000000000020022010000023	P	oracle_08843	8843
0000000000000000000020022100000023	P	oracle_08844	8844
0000000000000000000020023000000023	P	oracle_08845	8845
0000000000000000000020033000000022	P	oracle_08846	8846
0000000000000000000020100210000033	N	oracle_08847	8847
0000000000000000000020100220000023	N	oracle_08848	8848
0000000000000000000020101220000022	N	oracle_08849	8849
0000000000000000000020102020000023	N	oracle_08850	8850
0000000000000000000020111030000022	N	oracle_08851	8851
0000000000000000000020111120000022	N	oracle_08852	8852
0000000000000000000020111200000023	N	oracle_08853	8853
0000000000000000000020111210000022	N	oracle_08854	8854
0000000000000000000020112000000033	P	oracle_08855	8855
0000000000000000000020112010000023	N	oracle_08856	8856
0000000000000000000020112020000022	N	oracle_08857	8857
0000000000000000000020112110000022	N	oracle_08858	8858
0000000000000000000020113000000023	N	oracle_08859	8859
0000000000000000000020113010000022	N	oracle_08860	8860
0000000000000000000020120010000033	N	oracle_08861	8861
0000000000000000000020120020000023	N	oracle_08862	8862
0000000000000000000020120100000033	N	oracle_08863	8863
0000000000000000000020120200000023	N	oracle_08864	8864
0000000000000000000020121100000023	N	oracle_08865	8865
0000000000000000000020121110000022	N	oracle_08866	8866
0000000000000000000020121200000013	N	oracle_08867	8867
0000000000000000000020121200000022	N	oracle_08868	8868
0000000000000000000020122000000023	N	oracle_08869	8869
0000000000000000000020200020000033	P	oracle_08870	8870
0000000000000000000020200200000033	P	oracle_08871	8871
0000000000000000000020200210000023	N	oracle_08872	8872
0000000000000000000020201110000023	N	oracle_08873	8873
0000000000000000000020202000000033	P	oracle_08874	8874
0000000000000000000020202010000023	N	oracle_08875	8875
0000000000000000000020203000000023	N	oracle_08876	8876
0000000000000000000020210010000033	N	oracle_08877	8877
0000000000000000000020210020000023	P	oracle_08878	8878
0000000000000000000020210100000033	N	oracle_08879	8879
0000000000000000000020210200000023	P	oracle_08880	8880
0000000000000000000020211100000023	N	oracle_08881	8881
0000000000000000000020211110000022	N	oracle_08882	8882
0000000000000000000020212000000023	N	oracle_08883	8883
0000000000000000000020213000000013	N	oracle_08884	8884
0000000000000000000020213000000022	N	oracle_08885	8885
0000000000000000000020220010000023	P	oracle_08886	8886
0000000000000000000020220100000023	N	oracle_08887	8887
0000000000000000000020221100000013	N	oracle_08888	8888
0000000000000000000020221100000022	N	oracle_08889	8889
0000000000000000000020301010000023	N	oracle_08890	8890
0000000000000000000020303000000022	N	oracle_08891	8891
0000000000000000000020311010000022	N	oracle_08892	8892
0000000000000000000020312000000022	N	oracle_08893	8893
0000000000000000000021000020000034	N	oracle_08894	8894
0000000000000000000021000030000024	N	oracle_08895	8895
0000000000000000000021000030000033	N	oracle_08896	8896
0000000000000000000021000120000033	N	oracle_08897	8897
0000000000000000000021000210000033	N	oracle_08898	8898
0000000000000000000021000220000023	P	oracle_08899	8899
0000000000000000000021001020000033	N	oracle_08900	8900
0000000000000000000021001220000022	N	oracle_08901	8901
0000000000000000000021002010000033	N	oracle_08902	8902
0000000000000000000021002020000023	P	oracle_08903	8903
0000000000000000000021002100000033	N	oracle_08904	8904
0000000000000000000021002200000023	N	oracle_08905	8905
0000000000000000000021003000000024	N	oracle_08906	8906
0000000000000000000021003000000033	N	oracle_08907	8907
0000000000000000000021003100000023	N	oracle_08908	8908
0000000000000000000021004000000023	N	oracle_08909	8909
0000000000000000000021011030000022	N	oracle_08910	8910
0000000000000000000021011100000033	N	oracle_08911	8911
0000000000000000000021012000000033	N	oracle_08912	8912
0000000000000000000021012100000023	N	oracle_08913	8913
0000000000000000000021012110000022	N	oracle_08914	8914
0000000000000000000021013000000023	P	oracle_08915	8915
0000000000000000000021022000000023	N	oracle_08916	8916
0000000000000000000021100110000033	N	oracle_08917	8917
0000000000000000000021101010000033	N	oracle_08918	8918
0000000000000000000021101020000023	N	oracle_08919	8919
0000000000000000000021101030000022	N	oracle_08920	8920
0000000000000000000021102010000023	N	oracle_08921	8921
0000000000000000000021102110000022	N	oracle_08922	8922
0000000000000000000021103000000023	N	oracle_08923	8923
0000000000000000000021110030000022	N	oracle_08924	8924
0000000000000000000021110100000033	N	oracle_08925	8925
0000000000000000000021111020000022	N	oracle_08926	8926
0000000000000000000021111030000012	N	oracle_08927	8927
0000000000000000000021111110000022	N	oracle_08928	8928
0000000000000000000021112000000023	N	oracle_08929	8929
0000000000000000000021112010000022	N	oracle_08930	8930
0000000000000000000021112100000022	N	oracle_08931	8931
0000000000000000000021112110000012	N	oracle_08932	8932
0000000000000000000021200100000033	N	oracle_08933	8933
0000000000000000000021200200000023	N	oracle_08934	8934
0000000000000000000021203000000022	N	oracle_08935	8935
0000000000000000000021210010000023	N	oracle_08936	8936
0000000000000000000021210100000023	N	oracle_08937	8937
0000000000000000000021212000000013	N	oracle_08938	8938
0000000000000000000021212000000022	N	oracle_08939	8939
0000000000000000000021303000000012	N	oracle_08940	8940
0000000000000000000021400010000022	N	oracle_08941	8941
0000000000000000000022000020000024	N	oracle_08942	8942
0000000000000000000022000020000033	P	oracle_08943	8943
0000000000000000000022000110000033	N	oracle_08944	8944
0000000000000000000022000200000033	P	oracle_08945	8945
0000000000000000000022000210000023	P	oracle_08946	8946
0000000000000000000022001010000033	N	oracle_08947	8947
0000000000000000000022001120000022	N	oracle_08948	8948
0000000000000000000022002010000023	N	oracle_08949	8949
0000000000000000000022002100000023	P	oracle_08950	8950
0000000000000000000022011110000022	N	oracle_08951	8951
0000000000000000000022100010000033	N	oracle_08952	8952
0000000000000000000022100030000022	N	oracle_08953	8953
0000000000000000000022100100000033	N	oracle_08954	8954
0000000000000000000022100110000023	N	oracle_08955	8955
0000000000000000000022100200000023	P	oracle_08956	8956
0000000000000000000022101010000023	N	oracle_08957	8957
0000000000000000000022101110000022	N	oracle_08958	8958
0000000000000000000022110010000023	N	oracle_08959	8959
0000000000000000000022110110000022	N	oracle_08960	8960
0000000000000000000022111010000022	N	oracle_08961	8961
0000000000000000000022111100000022	N	oracle_08962	8962
0000000000000000000022111110000012	N	oracle_08963	8963
0000000000000000000022200010000023	N	oracle_08964	8964
0000000000000000000022200100000023	N	oracle_08965	8965
0000000000000000000022210010000013	N	oracle_08966	8966
0000000000000000000022210010000022	N	oracle_08967	8967
0000000000000000000022300010000022	N	oracle_08968	8968
0000000000000000000023000010000033	N	oracle_08969	8969
0000000000000000000023000120000022	N	oracle_08970	8970
0000000000000000000023001020000022	N	oracle_08971	8971
0000000000000000000023001110000022	N	oracle_08972	8972
0000000000000000000023001120000012	N	oracle_08973	8973
0000000000000000000023100110000022	N	oracle_08974	8974
0000000000000000000023101010000022	N	oracle_08975	8975
0000000000000000000023101100000022	N	oracle_08976	8976
0000000000000000000023101110000012	N	oracle_08977	8977
0000000000000000000023200010000022	N	oracle_08978	8978
0000000000000000000023300010000012	N	oracle_08979	8979
0000000000000000000024100010000022	N	oracle_08980	8980
0000000000000000000030000020000034	N	oracle_08981	8981
0000000000000000000030000040000023	P	oracle_08982	8982
0000000000000000000030000110000034	N	oracle_08983	8983
0000000000000000000030000120000033	N	oracle_08984	8984
0000000000000000000030000130000023	N	oracle_08985	8985
0000000000000000000030000200000034	N	oracle_08986	8986
0000000000000000000030000210000024	N	oracle_08987	8987
0000000000000000000030000210000033	N	oracle_08988	8988
0000000000000000000030000220000023	P	oracle_08989	8989
0000000000000000000030000310000023	P	oracle_08990	8990
0000000000000000000030000400000023	P	oracle_08991	8991
0000000000000000000030001120000023	N	oracle_08992	8992
0000000000000000000030001210000023	N	oracle_08993	8993
0000000000000000000030001220000022	N	oracle_08994	8994
0000000000000000000030002100000033	N	oracle_08995	8995
0000000000000000000030004000000023	N	oracle_08996	8996
0000000000000000000030011120000022	N	oracle_08997	8997
0000000000000000000030011210000022	N	oracle_08998	8998
0000000000000000000030012020000022	N	oracle_08999	8999
0000000000000000000030012100000023	N	oracle_09000	9000
0000000000000000000030013000000023	P	oracle_09001	9001
0000000000000000000030013010000022	N	oracle_09002	9002
0000000000000000000030020120000022	N	oracle_09003	9003
0000000000000000000030021020000022	N	oracle_09004	9004
0000000000000000000030021100000023	N	oracle_09005	9005
0000000000000000000030021110000022	N	oracle_09006	9006
0000000000000000000030021120000012	N	oracle_09007	9007
0000000000000000000030101120000022	N	oracle_09008	9008
0000000000000000000030101210000022	N	oracle_09009	9009
0000000000000000000030102020000022	N	oracle_09010	9010
0000000000000000000030103010000022	N	oracle_09011	9011
0000000000000000000030110120000022	N	oracle_09012	9012
0000000000000000000030110210000022	N	oracle_09013	9013
0000000000000000000030111020000022	N	oracle_09014	9014
0000000000000000000030111110000022	N	oracle_09015	9015
0000000000000000000030111120000012	N	oracle_09016	9016
0000000000000000000030111200000022	N	oracle_09017	9017
0000000000000000000030111210000012	N	oracle_09018	9018
0000000000000000000030112010000022	N	oracle_09019	9019
0000000000000000000030112020000012	N	oracle_09020	9020
0000000000000000000030113000000022	N	oracle_09021	9021
0000000000000000000030113010000012	N	oracle_09022	9022
0000000000000000000030120110000022	N	oracle_09023	9023
0000000000000000000030121010000022	N	oracle_09024	9024
0000000000000000000030121100000022	N	oracle_09025	9025
0000000000000000000030121110000012	N	oracle_09026	9026
0000000000000000000030200200000023	N	oracle_09027	9027
0000000000000000000030201110000022	N	oracle_09028	9028
0000000000000000000030210110000022	N	oracle_09029	9029
0000000000000000000030211010000022	N	oracle_09030	9030
0000000000000000000030211100000022	N	oracle_09031	9031
0000000000000000000030211110000012	N	oracle_09032	9032
0000000000000000000030300020000022	P	oracle_09033	9033
0000000000000000000030300200000022	P	oracle_09034	9034
0000000000000000000030301010000022	N	oracle_09035	9035
0000000000000000000030310010000022	N	oracle_09036	9036
0000000000000000000030311010000012	N	oracle_09037	9037
0000000000000000000031000010000034	N	oracle_09038	9038
0000000000000000000031000020000024	N	oracle_09039	9039
0000000000000000000031000020000033	N	oracle_09040	9040
0000000000000000000031000030000023	P	oracle_09041	9041
0000000000000000000031001100000033	N	oracle_09042	9042
0000000000000000000031001120000022	N	oracle_09043	9043
0000000000000000000031002100000023	N	oracle_09044	9044
0000000000000000000031100020000023	N	oracle_09045	9045
0000000000000000000031100030000022	N	oracle_09046	9046
0000000000000000000031100200000023	N	oracle_09047	9047
0000000000000000000031200010000023	N	oracle_09048	9048
0000000000000000000031200100000023	N	oracle_09049	9049
0000000000000000000031200200000013	N	oracle_09050	9050
0000000000000000000031200200000022	N	oracle_09051	9051
0000000000000000000031300010000022	N	oracle_09052	9052
0000000000000000000032000010000033	N	oracle_09053	9053
0000000000000000000032000030000022	N	oracle_09054	9054
0000000000000000000032000120000022	N	oracle_09055	9055
0000000000000000000032001020000022	N	oracle_09056	9056
0000000000000000000032001110000022	N	oracle_09057	9057
0000000000000000000032001120000012	N	oracle_09058	9058
0000000000000000000032100010000023	N	oracle_09059	9059
0000000000000000000032100020000022	N	oracle_09060	9060
0000000000000000000032100030000012	N	oracle_09061	9061
0000000000000000000032100100000023	N	oracle_09062	9062
0000000000000000000032200010000013	N	oracle_09063	9063
0000000000000000000032200010000022	N	oracle_09064	9064
0000000000000000000032200100000013	N	oracle_09065	9065
0000000000000000000032200100000022	N	oracle_09066	9066
0000000000000000000032300010000012	N	oracle_09067	9067
0000000000000000000033000010000023	P	oracle_09068	9068
0000000000000000000033000020000022	P	oracle_09069	9069
0000000000000000000033000200000022	P	oracle_09070	9070
0000000000000000000033100010000022	N	oracle_09071	9071
0000000000000000000033200010000012	N	oracle_09072	9072
0000000000000000000040000030000023	N	oracle_09073	9073
0000000000000000000040000120000023	N	oracle_09074	9074
0000000000000000000040000210000023	N	oracle_09075	9075
0000000000000000000040000300000023	N	oracle_09076	9076
0000000000000000000100000240000023	N	oracle_09077	9077
0000000000000000000100000420000023	N	oracle_09078	9078
0000000000000000000100001420000022	N	oracle_09079	9079
0000000000000000000100002220000023	N	oracle_09080	9080
0000000000000000000100003120000023	N	oracle_09081	9081
0000000000000000000100003210000023	N	oracle_09082	9082
0000000000000000000100003220000013	N	oracle_09083	9083
0000000000000000000100003220000022	N	oracle_09084	9084
0000000000000000000100004120000022	N	oracle_09085	9085
0000000000000000000100010420000022	N	oracle_09086	9086
0000000000000000000100011220000023	N	oracle_09087	9087
0000000000000000000100011320000022	N	oracle_09088	9088
0000000000000000000100011410000022	N	oracle_09089	9089
0000000000000000000100011420000012	N	oracle_09090	9090
0000000000000000000100012120000023	N	oracle_09091	9091
0000000000000000000100012210000023	N	oracle_09092	9092
0000000000000000000100012220000013	N	oracle_09093	9093
0000000000000000000100012220000022	N	oracle_09094	9094
0000000000000000000100012300000023	N	oracle_09095	9095
0000000000000000000100013120000022	N	oracle_09096	9096
0000000000000000000100013200000023	N	oracle_09097	9097
0000000000000000000100014020000022	N	oracle_09098	9098
0000000000000000000100014110000022	N	oracle_09099	9099
0000000000000000000100014120000012	N	oracle_09100	9100
0000000000000000000100020410000022	N	oracle_09101	9101
0000000000000000000100021200000033	N	oracle_09102	9102
0000000000000000000100021210000023	N	oracle_09103	9103
0000000000000000000100021300000023	N	oracle_09104	9104
0000000000000000000100021310000022	N	oracle_09105	9105
0000000000000000000100021400000022	N	oracle_09106	9106
0000000000000000000100021410000012	N	oracle_09107	9107
0000000000000000000100022110000023	N	oracle_09108	9108
0000000000000000000100022200000023	N	oracle_09109	9109
0000000000000000000100022210000013	N	oracle_09110	9110
0000000000000000000100022210000022	N	oracle_09111	9111
0000000000000000000100022300000013	N	oracle_09112	9112
0000000000000000000100022300000022	N	oracle_09113	9113
0000000000000000000100023100000023	N	oracle_09114	9114
0000000000000000000100023110000022	N	oracle_09115	9115
0000000000000000000100023200000013	N	oracle_09116	9116
0000000000000000000100023200000022	N	oracle_09117	9117
0000000000000000000100024010000022	N	oracle_09118	9118
0000000000000000000100024100000022	N	oracle_09119	9119
0000000000000000000100024110000012	N	oracle_09120	9120
0000000000000000000100031200000023	N	oracle_09121	9121
0000000000000000000100032100000023	N	oracle_09122	9122
0000000000000000000100032200000013	N	oracle_09123	9123
0000000000000000000100032200000022	N	oracle_09124	9124
0000000000000000000100033100000022	N	oracle_09125	9125
0000000000000000000100033200000012	N	oracle_09126	9126
0000000000000000000100102020000033	N	oracle_09127	9127
0000000000000000000100111200000033	N	oracle_09128	9128
0000000000000000000100112200000023	N	oracle_09129	9129
0000000000000000000100120200000033	N	oracle_09130	9130
0000000000000000000100121100000033	N	oracle_09131	9131
0000000000000000000100121200000023	N	oracle_09132	9132
0000000000000000000100122100000023	N	oracle_09133	9133
0000000000000000000100122200000013	N	oracle_09134	9134
0000000000000000000100122200000022	N	oracle_09135	9135
0000000000000000000100130100000033	N	oracle_09136	9136
0000000000000000000100202010000033	N	oracle_09137	9137
0000000000000000000100202020000023	P	oracle_09138	9138
0000000000000000000100210200000033	N	oracle_09139	9139
0000000000000000000100211200000023	N	oracle_09140	9140
0000000000000000000100212100000023	N	oracle_09141	9141
0000000000000000000100220200000023	N	oracle_09142	9142
0000000000000000000100221100000023	N	oracle_09143	9143
0000000000000000000100221200000013	N	oracle_09144	9144
0000000000000000000100221200000022	N	oracle_09145	9145
0000000000000000000100222100000013	N	oracle_09146	9146
0000000000000000000100222100000022	N	oracle_09147	9147
0000000000000000000101110200000033	N	oracle_09148	9148
0000000000000000000101200200000033	N	oracle_09149	9149
0000000000000000000101202010000023	P	oracle_09150	9150
0000000000000000000101210100000033	N	oracle_09151	9151
0000000000000000000101210200000023	N	oracle_09152	9152
0000000000000000000101221010000022	N	oracle_09153	9153
0000000000000000000102100200000033	N	oracle_09154	9154
0000000000000000000102100210000023	P	oracle_09155	9155
0000000000000000000102200200000023	N	oracle_09156	9156
0000000000000000000103000200000033	N	oracle_09157	9157
0000000000000000000103100200000023	N	oracle_09158	9158
0000000000000000000110000140000023	N	oracle_09159	9159
0000000000000000000110000230000023	N	oracle_09160	9160
0000000000000000000110000240000013	N	oracle_09161	9161
0000000000000000000110000240000022	N	oracle_09162	9162
0000000000000000000110000320000023	N	oracle_09163	9163
0000000000000000000110000410000023	N	oracle_09164	9164
0000000000000000000110000420000013	N	oracle_09165	9165
0000000000000000000110000420000022	N	oracle_09166	9166
0000000000000000000110102020000023	N	oracle_09167	9167
0000000000000000000110201020000023	N	oracle_09168	9168
0000000000000000000110202010000023	N	oracle_09169	9169
0000000000000000000110221010000022	N	oracle_09170	9170
0000000000000000000111121010000022	N	oracle_09171	9171
0000000000000000000111200020000023	N	oracle_09172	9172
0000000000000000000111200200000023	N	oracle_09173	9173
0000000000000000000111200300000022	N	oracle_09174	9174
0000000000000000000111211010000022	N	oracle_09175	9175
0000000000000000000111220010000022	N	oracle_09176	9176
0000000000000000000111221010000012	N	oracle_09177	9177
0000000000000000000112100020000023	N	oracle_09178	9178
0000000000000000000112100200000023	N	oracle_09179	9179
0000000000000000000112100300000022	N	oracle_09180	9180
0000000000000000000112200010000023	N	oracle_09181	9181
0000000000000000000112200200000013	N	oracle_09182	9182
0000000000000000000112200200000022	N	oracle_09183	9183
0000000000000000000112210010000022	N	oracle_09184	9184
0000000000000000000120000040000023	N	oracle_09185	9185
0000000000000000000120000130000023	N	oracle_09186	9186
0000000000000000000120000140000013	N	oracle_09187	9187
0000000000000000000120000140000022	N	oracle_09188	9188
0000000000000000000120000210000033	N	oracle_09189	9189
0000000000000000000120000220000023	P	oracle_09190	9190
0000000000000000000120000310000023	N	oracle_09191	9191
0000000000000000000120000400000023	N	oracle_09192	9192
0000000000000000000120000410000013	N	oracle_09193	9193
0000000000000000000120000410000022	N	oracle_09194	9194
0000000000000000000120001220000022	N	oracle_09195	9195
0000000000000000000120201010000023	N	oracle_09196	9196
0000000000000000000121200010000023	N	oracle_09197	9197
0000000000000000000122100010000023	N	oracle_09198	9198
0000000000000000000122200010000013	N	oracle_09199	9199
0000000000000000000122200010000022	N	oracle_09200	9200
0000000000000000000123000010000023	N	oracle_09201	9201
0000000000000000000130000120000023	N	oracle_09202	9202
0000000000000000000130000210000023	N	oracle_09203	9203
0000000000000000000140000020000023	N	oracle_09204	9204
0000000000000000000140000110000023	N	oracle_09205	9205
0000000000000000000140000120000013	N	oracle_09206	9206
0000000000000000000140000120000022	N	oracle_09207	9207
0000000000000000000140000200000023	N	oracle_09208	9208
0000000000000000000140000210000013	N	oracle_09209	9209
0000000000000000000140000210000022	N	oracle_09210	9210
0000000000000000000200000020000044	P	oracle_09211	9211
0000000000000000000200000030000034	N	oracle_09212	9212
0000000000000000000200000200000044	P	oracle_09213	9213
0000000000000000000200000220000033	P	oracle_09214	9214
0000000000000000000200002020000033	P	oracle_09215	9215
0000000000000000000200002200000033	P	oracle_09216	9216
0000000000000000000200020020000033	P	oracle_09217	9217
0000000000000000000200020200000033	P	oracle_09218	9218
0000000000000000000200021200000023	N	oracle_09219	9219
0000000000000000000200102020000023	P	oracle_09220	9220
0000000000000000000200111200000023	N	oracle_09221	9221
0000000000000000000200112020000022	N	oracle_09222	9222
0000000000000000000200120010000033	N	oracle_09223	9223
0000000000000000000200120020000023	P	oracle_09224	9224
0000000000000000000200120200000023	N	oracle_09225	9225
0000000000000000000200121110000022	N	oracle_09226	9226
0000000000000000000200121200000013	N	oracle_09227	9227
0000000000000000000200121200000022	N	oracle_09228	9228
0000000000000000000200200020000033	P	oracle_09229	9229
0000000000000000000200200200000033	P	oracle_09230	9230
0000000000000000000200202010000023	P	oracle_09231	9231
0000000000000000000200210010000033	N	oracle_09232	9232
0000000000000000000200210020000023	P	oracle_09233	9233
0000000000000000000200210200000023	P	oracle_09234	9234
0000000000000000000200211110000022	N	oracle_09235	9235
0000000000000000000200220010000023	P	oracle_09236	9236
0000000000000000000202000020000033	P	oracle_09237	9237
0000000000000000000211100020000023	N	oracle_09238	9238
0000000000000000000212100010000023	N	oracle_09239	9239
0000000000000000000213000010000023	N	oracle_09240	9240
0000000000000000000220000020000033	P	oracle_09241	9241
0000000000000000000220000210000023	P	oracle_09242	9242
0000000000000000000220001010000033	N	oracle_09243	9243
0000000000000000000221100010000023	N	oracle_09244	9244
0000000000000000000221100020000022	N	oracle_09245	9245
0000000000000000000221110010000022	N	oracle_09246	9246
0000000000000000000221200010000022	N	oracle_09247	9247
0000000000000000000222000010000023	N	oracle_09248	9248
0000000000000000000222100010000013	N	oracle_09249	9249
0000000000000000000222100010000022	N	oracle_09250	9250
0000000000000000000223000010000013	N	oracle_09251	9251
0000000000000000000223000010000022	N	oracle_09252	9252
0000000000000000000230001010000023	N	oracle_09253	9253
0000000000000000000231100010000022	N	oracle_09254	9254
0000000000000000000300000040000023	P	oracle_09255	9255
0000000000000000000300000400000023	N	oracle_09256	9256
0000000000000000000300012020000022	N	oracle_09257	9257
0000000000000000000300021110000022	N	oracle_09258	9258
0000000000000000000300102020000022	N	oracle_09259	9259
0000000000000000000300111020000022	N	oracle_09260	9260
0000000000000000000300111110000022	N	oracle_09261	9261
0000000000000000000300112010000022	N	oracle_09262	9262
0000000000000000000300112020000012	N	oracle_09263	9263
0000000000000000000300120110000022	N	oracle_09264	9264
0000000000000000000300121010000022	N	oracle_09265	9265
0000000000000000000300121110000012	N	oracle_09266	9266
0000000000000000000300201110000022	N	oracle_09267	9267
0000000000000000000300210110000022	N	oracle_09268	9268
0000000000000000000300211010000022	N	oracle_09269	9269
0000000000000000000300211110000012	N	oracle_09270	9270
0000000000000000000312100010000022	N	oracle_09271	9271
0000000000000000000320001010000023	N	oracle_09272	9272
0000000000000000000321100010000022	N	oracle_09273	9273
0000000000000000000322000010000022	N	oracle_09274	9274
0000000000000000000322100010000012	N	oracle_09275	9275
0000000000000000000400000030000023	N	oracle_09276	9276
0000000000000000001000000130000034	N	oracle_09277	9277
0000000000000000001000000220000034	N	oracle_09278	9278
0000000000000000001000000220000133	N	oracle_09279	9279
0000000000000000001000000220000223	N	oracle_09280	9280
0000000000000000001000000230000024	N	oracle_09281	9281
0000000000000000001000000230000033	N	oracle_09282	9282
0000000000000000001000000240000023	N	oracle_09283	9283
0000000000000000001000000320000033	N	oracle_09284	9284
0000000000000000001000000330000023	P	oracle_09285	9285
0000000000000000001000000420000023	N	oracle_09286	9286
0000000000000000001000001120000223	N	oracle_09287	9287
0000000000000000001000001220000033	N	oracle_09288	9288
0000000000000000001000001230000023	N	oracle_09289	9289
0000000000000000001000001420000022	N	oracle_09290	9290
0000000000000000001000002120000033	N	oracle_09291	9291
0000000000000000001000002130000023	N	oracle_09292	9292
0000000000000000001000002210000033	N	oracle_09293	9293
0000000000000000001000002220000023	N	oracle_09294	9294
0000000000000000001000002310000023	N	oracle_09295	9295
0000000000000000001000003210000023	N	oracle_09296	9296
0000000000000000001000004120000022	N	oracle_09297	9297
0000000000000000001000010220000033	N	oracle_09298	9298
0000000000000000001000011220000023	N	oracle_09299	9299
0000000000000000001000013020000023	N	oracle_09300	9300
0000000000000000001000013210000022	N	oracle_09301	9301
0000000000000000001000020220000023	N	oracle_09302	9302
0000000000000000001000021130000022	N	oracle_09303	9303
0000000000000000001000022210000022	N	oracle_09304	9304
0000000000000000001000031120000022	N	oracle_09305	9305
0000000000000000001000031210000022	N	oracle_09306	9306
0000000000000000001000032110000022	N	oracle_09307	9307
0000000000000000001000032210000012	N	oracle_09308	9308
0000000000000000001000042010000022	N	oracle_09309	9309
0000000000000000001000100130000033	N	oracle_09310	9310
0000000000000000001000100220000033	N	oracle_09311	9311
0000000000000000001000101220000023	N	oracle_09312	9312
0000000000000000001000102020000033	N	oracle_09313	9313
0000000000000000001000102030000023	N	oracle_09314	9314
0000000000000000001000103020000023	N	oracle_09315	9315
0000000000000000001000103210000022	N	oracle_09316	9316
0000000000000000001000110220000023	N	oracle_09317	9317
0000000000000000001000111120000023	N	oracle_09318	9318
0000000000000000001000111130000022	N	oracle_09319	9319
0000000000000000001000111210000023	N	oracle_09320	9320
0000000000000000001000111220000013	N	oracle_09321	9321
0000000000000000001000111220000022	N	oracle_09322	9322
0000000000000000001000112020000023	N	oracle_09323	9323
0000000000000000001000112030000022	N	oracle_09324	9324
0000000000000000001000112120000022	N	oracle_09325	9325
0000000000000000001000112210000022	N	oracle_09326	9326
0000000000000000001000113010000023	N	oracle_09327	9327
0000000000000000001000113020000013	N	oracle_09328	9328
0000000000000000001000113020000022	N	oracle_09329	9329
0000000000000000001000113110000022	N	oracle_09330	9330
0000000000000000001000113210000012	N	oracle_09331	9331
0000000000000000001000120020000033	N	oracle_09332	9332
0000000000000000001000120130000022	N	oracle_09333	9333
0000000000000000001000121010000033	N	oracle_09334	9334
0000000000000000001000121020000023	N	oracle_09335	9335
0000000000000000001000121030000022	N	oracle_09336	9336
0000000000000000001000121110000023	N	oracle_09337	9337
0000000000000000001000121120000022	N	oracle_09338	9338
0000000000000000001000121130000012	N	oracle_09339	9339
0000000000000000001000132010000022	N	oracle_09340	9340
0000000000000000001000141010000022	N	oracle_09341	9341
0000000000000000001000142010000012	N	oracle_09342	9342
0000000000000000001000200220000023	N	oracle_09343	9343
0000000000000000001000201020000033	N	oracle_09344	9344
0000000000000000001000201030000023	N	oracle_09345	9345
0000000000000000001000202010000033	N	oracle_09346	9346
0000000000000000001000202020000023	P	oracle_09347	9347
0000000000000000001000202110000023	N	oracle_09348	9348
0000000000000000001000202210000022	N	oracle_09349	9349
0000000000000000001000210020000033	N	oracle_09350	9350
0000000000000000001000211010000033	N	oracle_09351	9351
0000000000000000001000211020000023	N	oracle_09352	9352
0000000000000000001000211110000023	N	oracle_09353	9353
0000000000000000001000211210000022	N	oracle_09354	9354
0000000000000000001000212110000022	N	oracle_09355	9355
0000000000000000001000212210000012	N	oracle_09356	9356
0000000000000000001000220010000033	N	oracle_09357	9357
0000000000000000001000220110000023	N	oracle_09358	9358
0000000000000000001000221010000023	N	oracle_09359	9359
0000000000000000001000221110000013	N	oracle_09360	9360
0000000000000000001000221110000022	N	oracle_09361	9361
0000000000000000001000301020000023	N	oracle_09362	9362
0000000000000000001000302010000023	N	oracle_09363	9363
0000000000000000001000312010000022	N	oracle_09364	9364
0000000000000000001000402010000022	N	oracle_09365	9365
0000000000000000001000411010000022	N	oracle_09366	9366
0000000000000000001000412010000012	N	oracle_09367	9367
0000000000000000001001000220000033	N	oracle_09368	9368
0000000000000000001001012210000022	N	oracle_09369	9369
0000000000000000001001102020000023	N	oracle_09370	9370
0000000000000000001001102210000022	N	oracle_09371	9371
0000000000000000001001111210000022	N	oracle_09372	9372
0000000000000000001001112110000022	N	oracle_09373	9373
0000000000000000001001112210000012	N	oracle_09374	9374
0000000000000000001001121110000022	N	oracle_09375	9375
0000000000000000001001200020000033	N	oracle_09376	9376
0000000000000000001001211110000022	N	oracle_09377	9377
0000000000000000001001220110000022	N	oracle_09378	9378
0000000000000000001001221010000022	N	oracle_09379	9379
0000000000000000001001221110000012	N	oracle_09380	9380
0000000000000000001002000220000023	N	oracle_09381	9381
0000000000000000001002100020000033	N	oracle_09382	9382
0000000000000000001010000220000033	N	oracle_09383	9383
0000000000000000001010000230000023	N	oracle_09384	9384
0000000000000000001010000420000022	N	oracle_09385	9385
0000000000000000001010001120000033	N	oracle_09386	9386
0000000000000000001010001130000023	N	oracle_09387	9387
0000000000000000001010001210000033	N	oracle_09388	9388
0000000000000000001010001220000023	N	oracle_09389	9389
0000000000000000001010001230000013	N	oracle_09390	9390
0000000000000000001010001230000022	N	oracle_09391	9391
0000000000000000001010001310000023	N	oracle_09392	9392
0000000000000000001010001320000022	N	oracle_09393	9393
0000000000000000001010001410000022	N	oracle_09394	9394
0000000000000000001010001420000012	N	oracle_09395	9395
0000000000000000001010002020000033	N	oracle_09396	9396
0000000000000000001010002030000023	N	oracle_09397	9397
0000000000000000001010002110000033	N	oracle_09398	9398
0000000000000000001010002120000023	N	oracle_09399	9399
0000000000000000001010002130000013	N	oracle_09400	9400
0000000000000000001010002130000022	N	oracle_09401	9401
0000000000000000001010002210000023	N	oracle_09402	9402
0000000000000000001010002310000013	N	oracle_09403	9403
0000000000000000001010002310000022	N	oracle_09404	9404
0000000000000000001010003020000023	N	oracle_09405	9405
0000000000000000001010003110000023	N	oracle_09406	9406
0000000000000000001010003120000022	N	oracle_09407	9407
0000000000000000001010003210000013	N	oracle_09408	9408
0000000000000000001010003210000022	N	oracle_09409	9409
0000000000000000001010004020000022	N	oracle_09410	9410
0000000000000000001010004110000022	N	oracle_09411	9411
0000000000000000001010004120000012	N	oracle_09412	9412
0000000000000000001010012020000023	N	oracle_09413	9413
0000000000000000001010021020000023	N	oracle_09414	9414
0000000000000000001010101020000033	N	oracle_09415	9415
0000000000000000001010101030000023	N	oracle_09416	9416
0000000000000000001010102020000023	N	oracle_09417	9417
0000000000000000001010102030000013	N	oracle_09418	9418
0000000000000000001010102030000022	N	oracle_09419	9419
0000000000000000001010102110000023	N	oracle_09420	9420
0000000000000000001010103010000023	N	oracle_09421	9421
0000000000000000001010103020000013	N	oracle_09422	9422
0000000000000000001010103020000022	N	oracle_09423	9423
0000000000000000001010111020000023	N	oracle_09424	9424
0000000000000000001010112010000023	N	oracle_09425	9425
0000000000000000001010112020000013	N	oracle_09426	9426
0000000000000000001010112020000022	N	oracle_09427	9427
0000000000000000001010120020000023	N	oracle_09428	9428
0000000000000000001010121010000023	N	oracle_09429	9429
0000000000000000001010121020000013	N	oracle_09430	9430
0000000000000000001010121020000022	N	oracle_09431	9431
0000000000000000001010200020000033	N	oracle_09432	9432
0000000000000000001010200030000023	N	oracle_09433	9433
0000000000000000001010201010000033	N	oracle_09434	9434
0000000000000000001010201020000023	N	oracle_09435	9435
0000000000000000001010201030000013	N	oracle_09436	9436
0000000000000000001010201030000022	N	oracle_09437	9437
0000000000000000001010201110000023	N	oracle_09438	9438
0000000000000000001010202010000023	N	oracle_09439	9439
0000000000000000001010202110000013	N	oracle_09440	9440
0000000000000000001010202110000022	N	oracle_09441	9441
0000000000000000001010210020000023	N	oracle_09442	9442
0000000000000000001010211010000023	N	oracle_09443	9443
0000000000000000001010211020000013	N	oracle_09444	9444
0000000000000000001010211020000022	N	oracle_09445	9445
0000000000000000001010300020000023	N	oracle_09446	9446
0000000000000000001010301010000023	N	oracle_09447	9447
0000000000000000001010301020000013	N	oracle_09448	9448
0000000000000000001010301020000022	N	oracle_09449	9449
0000000000000000001010302010000013	N	oracle_09450	9450
0000000000000000001010302010000022	N	oracle_09451	9451
0000000000000000001011002020000023	N	oracle_09452	9452
0000000000000000001011100120000023	N	oracle_09453	9453
0000000000000000001011101020000023	N	oracle_09454	9454
0000000000000000001011102010000023	N	oracle_09455	9455
0000000000000000001011102020000013	N	oracle_09456	9456
0000000000000000001011102020000022	N	oracle_09457	9457
0000000000000000001011200020000023	N	oracle_09458	9458
0000000000000000001012000020000033	N	oracle_09459	9459
0000000000000000001012100020000023	N	oracle_09460	9460
0000000000000000001020000120000033	N	oracle_09461	9461
0000000000000000001020000130000023	N	oracle_09462	9462
0000000000000000001020000210000033	N	oracle_09463	9463
0000000000000000001020000220000023	N	oracle_09464	9464
0000000000000000001020001030000023	N	oracle_09465	9465
0000000000000000001020001120000023	N	oracle_09466	9466
0000000000000000001020001130000013	N	oracle_09467	9467
0000000000000000001020001130000022	N	oracle_09468	9468
0000000000000000001020001220000022	N	oracle_09469	9469
0000000000000000001020012010000023	N	oracle_09470	9470
0000000000000000001020101020000023	N	oracle_09471	9471
0000000000000000001020101110000023	N	oracle_09472	9472
0000000000000000001020102010000023	N	oracle_09473	9473
0000000000000000001020112010000013	N	oracle_09474	9474
0000000000000000001020112010000022	N	oracle_09475	9475
0000000000000000001020200020000023	P	oracle_09476	9476
0000000000000000001020200110000023	N	oracle_09477	9477
0000000000000000001020201110000013	N	oracle_09478	9478
0000000000000000001020201110000022	N	oracle_09479	9479
0000000000000000001021000020000033	N	oracle_09480	9480
0000000000000000001021001020000023	N	oracle_09481	9481
0000000000000000001021100020000023	N	oracle_09482	9482
0000000000000000001021100030000022	N	oracle_09483	9483
0000000000000000001021101020000013	N	oracle_09484	9484
0000000000000000001021101020000022	N	oracle_09485	9485
0000000000000000001030001120000022	N	oracle_09486	9486
0000000000000000001030100020000023	N	oracle_09487	9487
0000000000000000001031000020000023	N	oracle_09488	9488
0000000000000000001031100020000013	N	oracle_09489	9489
0000000000000000001031100020000022	N	oracle_09490	9490
0000000000000000001100000030000034	N	oracle_09491	9491
0000000000000000001100000220000033	P	oracle_09492	9492
0000000000000000001100001120000033	N	oracle_09493	9493
0000000000000000001100100030000033	N	oracle_09494	9494
0000000000000000001100102020000023	N	oracle_09495	9495
0000000000000000001100111020000023	N	oracle_09496	9496
0000000000000000001100201020000023	N	oracle_09497	9497
0000000000000000001101200020000023	N	oracle_09498	9498
0000000000000000001102100020000023	N	oracle_09499	9499
0000000000000000001110000020000223	N	oracle_09500	9500
0000000000000000001110000120000033	N	oracle_09501	9501
0000000000000000001110001030000023	N	oracle_09502	9502
0000000000000000001110002020000023	N	oracle_09503	9503
0000000000000000001110002030000022	N	oracle_09504	9504
0000000000000000001110003020000022	N	oracle_09505	9505
0000000000000000001110101020000023	N	oracle_09506	9506
0000000000000000001110102020000013	N	oracle_09507	9507
0000000000000000001110102020000022	N	oracle_09508	9508
0000000000000000001110200020000023	N	oracle_09509	9509
0000000000000000001110201020000013	N	oracle_09510	9510
0000000000000000001110201020000022	N	oracle_09511	9511
0000000000000000001111100020000023	N	oracle_09512	9512
0000000000000000001111200020000013	N	oracle_09513	9513
0000000000000000001111200020000022	N	oracle_09514	9514
0000000000000000001112000020000023	N	oracle_09515	9515
0000000000000000001112000030000022	N	oracle_09516	9516
0000000000000000001112100020000013	N	oracle_09517	9517
0000000000000000001112100020000022	N	oracle_09518	9518
0000000000000000001113000020000022	N	oracle_09519	9519
0000000000000000001121100020000022	N	oracle_09520	9520
0000000000000000001200000020000034	N	oracle_09521	9521
0000000000000000001200000020000133	N	oracle_09522	9522
0000000000000000001200000020000223	N	oracle_09523	9523
0000000000000000001200000030000024	N	oracle_09524	9524
0000000000000000001200000030000033	N	oracle_09525	9525
0000000000000000001200000040000023	N	oracle_09526	9526
0000000000000000001200000120000033	N	oracle_09527	9527
0000000000000000001200000220000023	N	oracle_09528	9528
0000000000000000001200001020000033	N	oracle_09529	9529
0000000000000000001200002020000023	N	oracle_09530	9530
0000000000000000001200010020000033	N	oracle_09531	9531
0000000000000000001200020020000023	N	oracle_09532	9532
0000000000000000001200100020000033	N	oracle_09533	9533
0000000000000000001200200020000023	N	oracle_09534	9534
0000000000000000001201000020000033	N	oracle_09535	9535
0000000000000000001201100020000023	N	oracle_09536	9536
0000000000000000001202000020000023	N	oracle_09537	9537
0000000000000000001210000020000033	N	oracle_09538	9538
0000000000000000001210100020000023	N	oracle_09539	9539
0000000000000000001211000020000023	N	oracle_09540	9540
0000000000000000001211100020000013	N	oracle_09541	9541
0000000000000000001211100020000022	N	oracle_09542	9542
0000000000000000001220000020000023	N	oracle_09543	9543
0000000000000000001220100020000022	N	oracle_09544	9544
0000000000000000001221000020000022	N	oracle_09545	9545
0000000000000000001221100020000012	N	oracle_09546	9546
0000000000000000001300000020000033	N	oracle_09547	9547
0000000000000000001300000030000023	P	oracle_09548	9548
0000000000000000001400000020000023	P	oracle_09549	9549
0000000000000000002000000020000044	P	oracle_09550	9550
0000000000000000002000000120000133	P	oracle_09551	9551
0000000000000000002000000120000223	N	oracle_09552	9552
0000000000000000002000000130000033	N	oracle_09553	9553
0000000000000000002000000130000123	P	oracle_09554	9554
0000000000000000002000000140000023	P	oracle_09555	9555
0000000000000000002000000220000024	P	oracle_09556	9556
0000000000000000002000000220000033	P	oracle_09557	9557
0000000000000000002000000220000123	N	oracle_09558	9558
0000000000000000002000001020000223	N	oracle_09559	9559
0000000000000000002000001120000024	P	oracle_09560	9560
0000000000000000002000001120000033	N	oracle_09561	9561
0000000000000000002000001120000123	N	oracle_09562	9562
0000000000000000002000001120000222	N	oracle_09563	9563
0000000000000000002000001130000023	N	oracle_09564	9564
0000000000000000002000001220000023	N	oracle_09565	9565
0000000000000000002000001220000122	N	oracle_09566	9566
0000000000000000002000001230000022	N	oracle_09567	9567
0000000000000000002000001320000022	N	oracle_09568	9568
0000000000000000002000002020000033	P	oracle_09569	9569
0000000000000000002000002220000022	N	oracle_09570	9570
0000000000000000002000010120000024	P	oracle_09571	9571
0000000000000000002000010120000123	P	oracle_09572	9572
0000000000000000002000010220000023	N	oracle_09573	9573
0000000000000000002000011120000023	N	oracle_09574	9574
0000000000000000002000011130000022	N	oracle_09575	9575
0000000000000000002000011220000022	N	oracle_09576	9576
0000000000000000002000012030000022	N	oracle_09577	9577
0000000000000000002000012120000022	N	oracle_09578	9578
0000000000000000002000020020000033	P	oracle_09579	9579
0000000000000000002000020130000022	N	oracle_09580	9580
0000000000000000002000021030000022	N	oracle_09581	9581
0000000000000000002000021120000022	N	oracle_09582	9582
0000000000000000002000021130000012	N	oracle_09583	9583
0000000000000000002000030120000022	N	oracle_09584	9584
0000000000000000002000031020000022	N	oracle_09585	9585
0000000000000000002000031120000012	N	oracle_09586	9586
0000000000000000002000100030000033	N	oracle_09587	9587
0000000000000000002000100120000024	N	oracle_09588	9588
0000000000000000002000100120000033	N	oracle_09589	9589
0000000000000000002000100130000023	N	oracle_09590	9590
0000000000000000002000100220000023	N	oracle_09591	9591
0000000000000000002000101120000023	N	oracle_09592	9592
0000000000000000002000101220000022	N	oracle_09593	9593
0000000000000000002000102020000023	N	oracle_09594	9594
0000000000000000002000102030000022	N	oracle_09595	9595
0000000000000000002000102120000022	N	oracle_09596	9596
0000000000000000002000110120000023	N	oracle_09597	9597
0000000000000000002000111020000023	N	oracle_09598	9598
0000000000000000002000111030000022	N	oracle_09599	9599
0000000000000000002000111120000013	N	oracle_09600	9600
0000000000000000002000111120000022	N	oracle_09601	9601
0000000000000000002000112020000022	N	oracle_09602	9602
0000000000000000002000112030000012	N	oracle_09603	9603
0000000000000000002000112120000012	N	oracle_09604	9604
0000000000000000002000200020000033	P	oracle_09605	9605
0000000000000000002000200120000023	N	oracle_09606	9606
0000000000000000002001000120000024	P	oracle_09607	9607
0000000000000000002001000120000033	N	oracle_09608	9608
0000000000000000002001000220000023	N	oracle_09609	9609
0000000000000000002001001220000022	N	oracle_09610	9610
0000000000000000002001100120000023	N	oracle_09611	9611
0000000000000000002010000120000024	N	oracle_09612	9612
0000000000000000002010000120000033	N	oracle_09613	9613
0000000000000000002010000120000123	N	oracle_09614	9614
0000000000000000002010000130000023	N	oracle_09615	9615
0000000000000000002010000220000023	N	oracle_09616	9616
0000000000000000002010001030000023	N	oracle_09617	9617
0000000000000000002010001120000023	N	oracle_09618	9618
0000000000000000002010001130000013	N	oracle_09619	9619
0000000000000000002010001130000022	N	oracle_09620	9620
0000000000000000002010001220000022	N	oracle_09621	9621
0000000000000000002010002030000022	N	oracle_09622	9622
0000000000000000002010003020000022	N	oracle_09623	9623
0000000000000000002010010120000023	P	oracle_09624	9624
0000000000000000002010100120000023	N	oracle_09625	9625
0000000000000000002011000120000023	N	oracle_09626	9626
0000000000000000002011100030000022	N	oracle_09627	9627
0000000000000000002011100120000013	N	oracle_09628	9628
0000000000000000002011100120000022	N	oracle_09629	9629
0000000000000000002012000030000022	N	oracle_09630	9630
0000000000000000002020000120000023	N	oracle_09631	9631
0000000000000000002020001120000022	N	oracle_09632	9632
0000000000000000002020100030000022	N	oracle_09633	9633
0000000000000000002021000030000022	N	oracle_09634	9634
0000000000000000002021100030000012	N	oracle_09635	9635
0000000000000000002030000120000022	N	oracle_09636	9636
0000000000000000002030001120000012	N	oracle_09637	9637
0000000000000000002100000030000024	P	oracle_09638	9638
0000000000000000002100000030000033	N	oracle_09639	9639
0000000000000000002100000030000123	P	oracle_09640	9640
0000000000000000002100000040000023	N	oracle_09641	9641
0000000000000000002100000120000033	N	oracle_09642	9642
0000000000000000002100000120000123	N	oracle_09643	9643
0000000000000000002100000220000023	N	oracle_09644	9644
0000000000000000002100001030000023	N	oracle_09645	9645
0000000000000000002100001120000023	N	oracle_09646	9646
0000000000000000002100001220000022	N	oracle_09647	9647
0000000000000000002100002030000022	N	oracle_09648	9648
0000000000000000002100100030000023	N	oracle_09649	9649
0000000000000000002100100120000023	N	oracle_09650	9650
0000000000000000002102000030000022	N	oracle_09651	9651
0000000000000000002110000030000023	N	oracle_09652	9652
0000000000000000002110001030000013	N	oracle_09653	9653
0000000000000000002110001030000022	N	oracle_09654	9654
0000000000000000002110002030000012	N	oracle_09655	9655
0000000000000000002111000030000022	N	oracle_09656	9656
0000000000000000002112000030000012	N	oracle_09657	9657
0000000000000000002210000030000022	N	oracle_09658	9658
0000000000000000003000000040000023	P	oracle_09659	9659
0000000000000000003000000130000023	N	oracle_09660	9660
0000000000000000010000003300000023	N	oracle_09661	9661
0000000000000000010000011400000023	N	oracle_09662	9662
0000000000000000010000012300000023	N	oracle_09663	9663
0000000000000000010000013200000023	N	oracle_09664	9664
0000000000000000010000013300000013	N	oracle_09665	9665
0000000000000000010000013300000022	N	oracle_09666	9666
0000000000000000010000014100000023	N	oracle_09667	9667
0000000000000000010000020400000023	N	oracle_09668	9668
0000000000000000010000021300000023	N	oracle_09669	9669
0000000000000000010000021400000013	N	oracle_09670	9670
0000000000000000010000021400000022	N	oracle_09671	9671
0000000000000000010000022200000023	N	oracle_09672	9672
0000000000000000010000022200000122	N	oracle_09673	9673
0000000000000000010000022210000022	N	oracle_09674	9674
0000000000000000010000023100000023	N	oracle_09675	9675
0000000000000000010000024000000023	N	oracle_09676	9676
0000000000000000010000024100000013	N	oracle_09677	9677
0000000000000000010000024100000022	N	oracle_09678	9678
0000000000000000010000032100000023	N	oracle_09679	9679
0000000000000000010000032200000022	N	oracle_09680	9680
0000000000000000010000100220000033	N	oracle_09681	9681
0000000000000000010000102020000033	N	oracle_09682	9682
0000000000000000010000102120000023	P	oracle_09683	9683
0000000000000000010000102300000023	N	oracle_09684	9684
0000000000000000010000111300000023	N	oracle_09685	9685
0000000000000000010000112200000023	N	oracle_09686	9686
0000000000000000010000112200000122	N	oracle_09687	9687
0000000000000000010000112210000022	N	oracle_09688	9688
0000000000000000010000112300000013	N	oracle_09689	9689
0000000000000000010000112300000022	N	oracle_09690	9690
0000000000000000010000113100000023	N	oracle_09691	9691
0000000000000000010000121200000023	N	oracle_09692	9692
0000000000000000010000121200000122	N	oracle_09693	9693
0000000000000000010000121210000022	N	oracle_09694	9694
0000000000000000010000122100000023	N	oracle_09695	9695
0000000000000000010000122100000122	N	oracle_09696	9696
0000000000000000010000122110000022	N	oracle_09697	9697
0000000000000000010000122200000013	N	oracle_09698	9698
0000000000000000010000122200000022	N	oracle_09699	9699
0000000000000000010000122200000112	N	oracle_09700	9700
0000000000000000010000122210000012	N	oracle_09701	9701
0000000000000000010000123000000023	N	oracle_09702	9702
0000000000000000010000123100000013	N	oracle_09703	9703
0000000000000000010000123100000022	N	oracle_09704	9704
0000000000000000010000131100000023	N	oracle_09705	9705
0000000000000000010000131200000022	N	oracle_09706	9706
0000000000000000010000132000000023	N	oracle_09707	9707
0000000000000000010000132100000013	N	oracle_09708	9708
0000000000000000010000132100000022	N	oracle_09709	9709
0000000000000000010000132200000012	N	oracle_09710	9710
0000000000000000010000133000000022	N	oracle_09711	9711
0000000000000000010000202010000033	N	oracle_09712	9712
0000000000000000010000202020000023	N	oracle_09713	9713
0000000000000000010000212100000023	N	oracle_09714	9714
0000000000000000010000221100000023	N	oracle_09715	9715
0000000000000000010000222000000023	N	oracle_09716	9716
0000000000000000010000222100000013	N	oracle_09717	9717
0000000000000000010000222100000022	N	oracle_09718	9718
0000000000000000010000223000000022	N	oracle_09719	9719
0000000000000000010000232000000022	N	oracle_09720	9720
0000000000000000010000233000000012	N	oracle_09721	9721
0000000000000000010000322000000022	N	oracle_09722	9722
0000000000000000010000331000000022	N	oracle_09723	9723
0000000000000000010000332000000012	N	oracle_09724	9724
0000000000000000010001022200000022	N	oracle_09725	9725
0000000000000000010001112200000022	N	oracle_09726	9726
0000000000000000010001121100000023	N	oracle_09727	9727
0000000000000000010001121200000022	N	oracle_09728	9728
0000000000000000010001122100000022	N	oracle_09729	9729
0000000000000000010001122200000012	N	oracle_09730	9730
0000000000000000010001200200000033	N	oracle_09731	9731
0000000000000000010001202000000033	N	oracle_09732	9732
0000000000000000010001211100000023	N	oracle_09733	9733
0000000000000000010001220100000023	N	oracle_09734	9734
0000000000000000010001221000000023	N	oracle_09735	9735
0000000000000000010001221100000013	N	oracle_09736	9736
0000000000000000010001221100000022	N	oracle_09737	9737
0000000000000000010002102000000033	N	oracle_09738	9738
0000000000000000010002112000000023	N	oracle_09739	9739
0000000000000000010002120000000024	P	oracle_09740	9740
0000000000000000010002121100000022	N	oracle_09741	9741
0000000000000000010002200200000023	P	oracle_09742	9742
0000000000000000010002202000000023	P	oracle_09743	9743
0000000000000000010002211100000022	N	oracle_09744	9744
0000000000000000010002220100000022	N	oracle_09745	9745
0000000000000000010002221000000022	N	oracle_09746	9746
0000000000000000010002221100000012	N	oracle_09747	9747
0000000000000000010003012000000023	N	oracle_09748	9748
0000000000000000010003102000000023	N	oracle_09749	9749
0000000000000000010003111000000023	N	oracle_09750	9750
0000000000000000010003112000000013	N	oracle_09751	9751
0000000000000000010003112000000022	N	oracle_09752	9752
0000000000000000010010000220000033	N	oracle_09753	9753
0000000000000000010010022100000023	N	oracle_09754	9754
0000000000000000010010100120000033	N	oracle_09755	9755
0000000000000000010010100210000033	N	oracle_09756	9756
0000000000000000010010100220000023	N	oracle_09757	9757
0000000000000000010010112100000023	N	oracle_09758	9758
0000000000000000010010121100000023	N	oracle_09759	9759
0000000000000000010010122000000023	N	oracle_09760	9760
0000000000000000010010122100000013	N	oracle_09761	9761
0000000000000000010010122100000022	N	oracle_09762	9762
0000000000000000010011103000000023	N	oracle_09763	9763
0000000000000000010012003000000023	N	oracle_09764	9764
0000000000000000010020000210000033	N	oracle_09765	9765
0000000000000000010020000220000023	N	oracle_09766	9766
0000000000000000010020000230000022	P	oracle_09767	9767
0000000000000000010020001220000022	N	oracle_09768	9768
0000000000000000010020012000000033	N	oracle_09769	9769
0000000000000000010020021100000023	N	oracle_09770	9770
0000000000000000010020022000000023	P	oracle_09771	9771
0000000000000000010020103000000023	N	oracle_09772	9772
0000000000000000010020112000000023	N	oracle_09773	9773
0000000000000000010021003000000023	N	oracle_09774	9774
0000000000000000010021103000000013	N	oracle_09775	9775
0000000000000000010021103000000022	N	oracle_09776	9776
0000000000000000010022100100000023	N	oracle_09777	9777
0000000000000000010030011100000023	N	oracle_09778	9778
0000000000000000010030020100000023	N	oracle_09779	9779
0000000000000000010030021100000013	N	oracle_09780	9780
0000000000000000010030021100000022	N	oracle_09781	9781
0000000000000000010100022100000023	N	oracle_09782	9782
0000000000000000010100112100000023	N	oracle_09783	9783
0000000000000000010100121100000023	N	oracle_09784	9784
0000000000000000010100122100000013	N	oracle_09785	9785
0000000000000000010100122100000022	N	oracle_09786	9786
0000000000000000010122100010000022	N	oracle_09787	9787
0000000000000000010212100010000022	N	oracle_09788	9788
0000000000000000010221100010000022	N	oracle_09789	9789
0000000000000000010222000010000022	N	oracle_09790	9790
0000000000000000010222100010000012	N	oracle_09791	9791
0000000000000000011000000220000033	N	oracle_09792	9792
0000000000000000011200000020000033	N	oracle_09793	9793
0000000000000000012000000120000024	P	oracle_09794	9794
0000000000000000012000000120000123	P	oracle_09795	9795
0000000000000000012000000220000023	N	oracle_09796	9796
0000000000000000012000001220000022	N	oracle_09797	9797
0000000000000000012000100120000023	P	oracle_09798	9798
0000000000000000012010000120000023	N	oracle_09799	9799
0000000000000000020000000020000044	P	oracle_09800	9800
0000000000000000020000000200000044	P	oracle_09801	9801
0000000000000000020000000220000033	P	oracle_09802	9802
0000000000000000020000002000000044	P	oracle_09803	9803
0000000000000000020000002020000033	P	oracle_09804	9804
0000000000000000020000002200000033	P	oracle_09805	9805
0000000000000000020000020000000044	P	oracle_09806	9806
0000000000000000020000020020000033	P	oracle_09807	9807
0000000000000000020000020200000033	P	oracle_09808	9808
0000000000000000020000022000000033	P	oracle_09809	9809
0000000000000000020000022100000023	P	oracle_09810	9810
0000000000000000020000023100000022	N	oracle_09811	9811
0000000000000000020000033000000022	P	oracle_09812	9812
0000000000000000020000102020000023	N	oracle_09813	9813
0000000000000000020000113100000022	N	oracle_09814	9814
0000000000000000020000122100000022	N	oracle_09815	9815
0000000000000000020000123000000022	N	oracle_09816	9816
0000000000000000020000123100000012	N	oracle_09817	9817
0000000000000000020000200000000044	P	oracle_09818	9818
0000000000000000020000200020000033	P	oracle_09819	9819
0000000000000000020000200200000033	P	oracle_09820	9820
0000000000000000020000202000000033	P	oracle_09821	9821
0000000000000000020000202010000023	N	oracle_09822	9822
0000000000000000020000220000000033	P	oracle_09823	9823
0000000000000000020000303000000022	P	oracle_09824	9824
0000000000000000020001200200000023	P	oracle_09825	9825
0000000000000000020001202000000023	P	oracle_09826	9826
0000000000000000020002000020000033	P	oracle_09827	9827
0000000000000000020002000200000033	P	oracle_09828	9828
0000000000000000020002002000000033	P	oracle_09829	9829
0000000000000000020002020000000033	P	oracle_09830	9830
0000000000000000020002100200000023	P	oracle_09831	9831
0000000000000000020002102000000023	P	oracle_09832	9832
0000000000000000020010000230000022	N	oracle_09833	9833
0000000000000000020020000020000033	P	oracle_09834	9834
0000000000000000020020000200000033	P	oracle_09835	9835
0000000000000000020020000210000023	P	oracle_09836	9836
0000000000000000020020002000000033	P	oracle_09837	9837
0000000000000000020020012000000023	N	oracle_09838	9838
0000000000000000020200000020000033	P	oracle_09839	9839
0000000000000000020200000200000033	P	oracle_09840	9840
0000000000000000021000000220000023	N	oracle_09841	9841
0000000000000000021200000020000023	N	oracle_09842	9842
0000000000000000022000000020000033	P	oracle_09843	9843
0000000000000000030000000040000023	N	oracle_09844	9844
0000000000000000030000000400000023	N	oracle_09845	9845
0000000000000000030000004000000023	N	oracle_09846	9846
0000000000000000030000040000000023	N	oracle_09847	9847
0000000000000000030000400000000023	P	oracle_09848	9848
0000000000000000040000000300000023	P	oracle_09849	9849
0000000000000000040000003000000023	P	oracle_09850	9850
0000000000000000040000030000000023	P	oracle_09851	9851
0000000000000000040000300000000023	P	oracle_09852	9852
0000000000000000100000000230000033	N	oracle_09853	9853
0000000000000000100000002020000223	N	oracle_09854	9854
0000000000000000100000021200000033	N	oracle_09855	9855
0000000000000000100000022100000033	N	oracle_09856	9856
0000000000000000100000022200000023	P	oracle_09857	9857
0000000000000000100000030200000033	N	oracle_09858	9858
0000000000000000100000031100000033	N	oracle_09859	9859
0000000000000000100000031200000023	N	oracle_09860	9860
0000000000000000100000032000000033	N	oracle_09861	9861
0000000000000000100000032100000023	N	oracle_09862	9862
0000000000000000100000101020000223	N	oracle_09863	9863
0000000000000000100000102010000223	N	oracle_09864	9864
0000000000000000100000102020000033	N	oracle_09865	9865
0000000000000000100000102020000123	N	oracle_09866	9866
0000000000000000100000102020000222	N	oracle_09867	9867
0000000000000000100000110020000223	N	oracle_09868	9868
0000000000000000100000122100000023	N	oracle_09869	9869
0000000000000000100000122200000022	N	oracle_09870	9870
0000000000000000100000130000000034	N	oracle_09871	9871
0000000000000000100000130100000033	N	oracle_09872	9872
0000000000000000100000200020000223	N	oracle_09873	9873
0000000000000000100000200220000023	N	oracle_09874	9874
0000000000000000100000201010000223	N	oracle_09875	9875
0000000000000000100000201020000033	N	oracle_09876	9876
0000000000000000100000201020000123	N	oracle_09877	9877
0000000000000000100000201020000222	N	oracle_09878	9878
0000000000000000100000201300000023	N	oracle_09879	9879
0000000000000000100000202010000033	N	oracle_09880	9880
0000000000000000100000202020000023	N	oracle_09881	9881
0000000000000000100000210010000223	N	oracle_09882	9882
0000000000000000100000210020000123	N	oracle_09883	9883
0000000000000000100000210020000222	N	oracle_09884	9884
0000000000000000100000220000000034	N	oracle_09885	9885
0000000000000000100000220000000133	N	oracle_09886	9886
0000000000000000100000220000000223	N	oracle_09887	9887
0000000000000000100000220010000033	N	oracle_09888	9888
0000000000000000100000220020000023	N	oracle_09889	9889
0000000000000000100000220100000033	N	oracle_09890	9890
0000000000000000100000220200000023	N	oracle_09891	9891
0000000000000000100000221000000033	N	oracle_09892	9892
0000000000000000100000222000000023	P	oracle_09893	9893
0000000000000000100000222100000022	N	oracle_09894	9894
0000000000000000100000230000000024	N	oracle_09895	9895
0000000000000000100000230000000033	N	oracle_09896	9896
0000000000000000100000230100000023	N	oracle_09897	9897
0000000000000000100000232000000022	N	oracle_09898	9898
0000000000000000100000310000000034	N	oracle_09899	9899
0000000000000000100000320000000024	N	oracle_09900	9900
0000000000000000100000320000000033	N	oracle_09901	9901
0000000000000000100000322000000022	N	oracle_09902	9902
0000000000000000100000330000000023	P	oracle_09903	9903
0000000000000000100000331000000022	N	oracle_09904	9904
0000000000000000100000332000000012	N	oracle_09905	9905
0000000000000000100001100020000223	N	oracle_09906	9906
0000000000000000100001100220000023	N	oracle_09907	9907
0000000000000000100001101300000023	N	oracle_09908	9908
0000000000000000100001200010000223	N	oracle_09909	9909
0000000000000000100001200020000123	N	oracle_09910	9910
0000000000000000100001200020000222	N	oracle_09911	9911
0000000000000000100001200120000023	N	oracle_09912	9912
0000000000000000100001200200000024	N	oracle_09913	9913
0000000000000000100001200200000033	N	oracle_09914	9914
0000000000000000100001200210000023	N	oracle_09915	9915
0000000000000000100001200220000013	N	oracle_09916	9916
0000000000000000100001200220000022	N	oracle_09917	9917
0000000000000000100001200300000023	N	oracle_09918	9918
0000000000000000100001201200000023	N	oracle_09919	9919
0000000000000000100001201300000013	N	oracle_09920	9920
0000000000000000100001201300000022	N	oracle_09921	9921
0000000000000000100001202000000033	N	oracle_09922	9922
0000000000000000100001220000000033	N	oracle_09923	9923
0000000000000000100001300200000023	N	oracle_09924	9924
0000000000000000100001330000000022	N	oracle_09925	9925
0000000000000000100002000030000033	N	oracle_09926	9926
0000000000000000100002003000000033	N	oracle_09927	9927
0000000000000000100002100200000033	N	oracle_09928	9928
0000000000000000100002102000000033	N	oracle_09929	9929
0000000000000000100002200010000033	N	oracle_09930	9930
0000000000000000100002200020000023	N	oracle_09931	9931
0000000000000000100002200100000033	N	oracle_09932	9932
0000000000000000100002200200000023	N	oracle_09933	9933
0000000000000000100002201000000033	N	oracle_09934	9934
0000000000000000100002202000000023	N	oracle_09935	9935
0000000000000000100002220000000023	P	oracle_09936	9936
0000000000000000100002230000000022	N	oracle_09937	9937
0000000000000000100002320000000022	N	oracle_09938	9938
0000000000000000100002330000000012	N	oracle_09939	9939
0000000000000000100003002000000033	N	oracle_09940	9940
0000000000000000100003100100000033	N	oracle_09941	9941
0000000000000000100003101000000033	N	oracle_09942	9942
0000000000000000100003200100000023	N	oracle_09943	9943
0000000000000000100003201000000023	N	oracle_09944	9944
0000000000000000100010000130000033	N	oracle_09945	9945
0000000000000000100010000220000033	N	oracle_09946	9946
0000000000000000100010000230000023	N	oracle_09947	9947
0000000000000000100010000330000022	N	oracle_09948	9948
0000000000000000100010012100000033	N	oracle_09949	9949
0000000000000000100010022000000033	N	oracle_09950	9950
0000000000000000100010031000000033	N	oracle_09951	9951
0000000000000000100010032000000023	N	oracle_09952	9952
0000000000000000100011000030000033	N	oracle_09953	9953
0000000000000000100011003000000033	N	oracle_09954	9954
0000000000000000100012000020000033	N	oracle_09955	9955
0000000000000000100012000030000023	N	oracle_09956	9956
0000000000000000100012002000000033	N	oracle_09957	9957
0000000000000000100012003000000023	N	oracle_09958	9958
0000000000000000100013002000000023	N	oracle_09959	9959
0000000000000000100020000210000033	N	oracle_09960	9960
0000000000000000100020000220000023	N	oracle_09961	9961
0000000000000000100020000230000022	N	oracle_09962	9962
0000000000000000100020001220000022	N	oracle_09963	9963
0000000000000000100020002100000033	N	oracle_09964	9964
0000000000000000100020011100000033	N	oracle_09965	9965
0000000000000000100020012000000033	N	oracle_09966	9966
0000000000000000100020012100000023	N	oracle_09967	9967
0000000000000000100020022000000023	N	oracle_09968	9968
0000000000000000100021003000000023	P	oracle_09969	9969
0000000000000000101000000220000033	N	oracle_09970	9970
0000000000000000101000000220000123	N	oracle_09971	9971
0000000000000000101000200120000023	N	oracle_09972	9972
0000000000000000101010000120000024	N	oracle_09973	9973
0000000000000000101010000120000123	N	oracle_09974	9974
0000000000000000101010100120000023	N	oracle_09975	9975
0000000000000000101011000120000023	N	oracle_09976	9976
0000000000000000101020000120000023	N	oracle_09977	9977
0000000000000000101100001020000024	N	oracle_09978	9978
0000000000000000101100001020000123	N	oracle_09979	9979
0000000000000000101100002020000023	N	oracle_09980	9980
0000000000000000101100011020000023	N	oracle_09981	9981
0000000000000000101100101020000023	N	oracle_09982	9982
0000000000000000101100200020000023	N	oracle_09983	9983
0000000000000000101200000020000033	N	oracle_09984	9984
0000000000000000101200000020000123	N	oracle_09985	9985
0000000000000000102000000120000024	N	oracle_09986	9986
0000000000000000102000000120000123	N	oracle_09987	9987
0000000000000000102000000220000023	N	oracle_09988	9988
0000000000000000102000000220000113	N	oracle_09989	9989
0000000000000000102000000220000122	N	oracle_09990	9990
0000000000000000102000001020000024	N	oracle_09991	9991
0000000000000000102000001020000123	N	oracle_09992	9992
0000000000000000102000001220000022	N	oracle_09993	9993
0000000000000000102000002020000023	N	oracle_09994	9994
0000000000000000102000011020000023	N	oracle_09995	9995
0000000000000000102000100120000023	N	oracle_09996	9996
0000000000000000102000101020000023	N	oracle_09997	9997
0000000000000000102000200020000023	N	oracle_09998	9998
0000000000000000102000200120000013	N	oracle_09999	9999
0000000000000000102000200120000022	N	oracle_10000	10000
0000000000000000102001000120000023	N	oracle_10001	10001
0000000000000000102010000120000014	N	oracle_10002	10002
0000000000000000102010000120000023	N	oracle_10003	10003
0000000000000000102010000120000113	N	oracle_10004	10004
0000000000000000102010000120000122	N	oracle_10005	10005
0000000000000000102010100120000013	N	oracle_10006	10006
0000000000000000102010100120000022	N	oracle_10007	10007
0000000000000000102011000120000013	N	oracle_10008	10008
0000000000000000102011000120000022	N	oracle_10009	10009
0000000000000000102020000120000013	N	oracle_10010	10010
0000000000000000102020000120000022	N	oracle_10011	10011
0000000000000000110000022200000022	N	oracle_10012	10012
0000000000000000110000112200000022	N	oracle_10013	10013
0000000000000000110000121200000022	N	oracle_10014	10014
0000000000000000110000122100000022	N	oracle_10015	10015
0000000000000000110000122200000012	N	oracle_10016	10016
0000000000000000110000220000000033	N	oracle_10017	10017
0000000000000000120000220000000023	N	oracle_10018	10018
0000000000000000200000000200000044	P	oracle_10019	10019
0000000000000000200000000220000033	P	oracle_10020	10020
0000000000000000200000002000000044	P	oracle_10021	10021
0000000000000000200000002020000033	P	oracle_10022	10022
0000000000000000200000002200000033	P	oracle_10023	10023
0000000000000000200000020000000044	P	oracle_10024	10024
0000000000000000200000020020000033	P	oracle_10025	10025
0000000000000000200000020200000033	P	oracle_10026	10026
0000000000000000200000022000000033	P	oracle_10027	10027
0000000000000000200000030000000034	N	oracle_10028	10028
0000000000000000200000033000000022	P	oracle_10029	10029
0000000000000000200000102020000023	P	oracle_10030	10030
0000000000000000200000120000000034	N	oracle_10031	10031
0000000000000000200000120000000133	N	oracle_10032	10032
0000000000000000200000120000000223	N	oracle_10033	10033
0000000000000000200000120010000033	N	oracle_10034	10034
0000000000000000200000120020000023	N	oracle_10035	10035
0000000000000000200000120100000033	N	oracle_10036	10036
0000000000000000200000120200000023	N	oracle_10037	10037
0000000000000000200000121000000033	N	oracle_10038	10038
0000000000000000200000122000000023	N	oracle_10039	10039
0000000000000000200000122100000022	N	oracle_10040	10040
0000000000000000200000130000000024	N	oracle_10041	10041
0000000000000000200000130000000033	N	oracle_10042	10042
0000000000000000200000200000000044	P	oracle_10043	10043
0000000000000000200000200020000033	P	oracle_10044	10044
0000000000000000200000200200000033	P	oracle_10045	10045
0000000000000000200000202000000033	P	oracle_10046	10046
0000000000000000200000202010000023	P	oracle_10047	10047
0000000000000000200000210000000034	N	oracle_10048	10048
0000000000000000200000210000000133	N	oracle_10049	10049
0000000000000000200000210000000223	P	oracle_10050	10050
0000000000000000200000210010000033	N	oracle_10051	10051
0000000000000000200000210020000023	N	oracle_10052	10052
0000000000000000200000210100000033	N	oracle_10053	10053
0000000000000000200000210200000023	N	oracle_10054	10054
0000000000000000200000211000000033	N	oracle_10055	10055
0000000000000000200000212000000023	P	oracle_10056	10056
0000000000000000200000220000000024	P	oracle_10057	10057
0000000000000000200000220000000033	P	oracle_10058	10058
0000000000000000200000220000000123	N	oracle_10059	10059
0000000000000000200000220010000023	N	oracle_10060	10060
0000000000000000200000220100000023	N	oracle_10061	10061
0000000000000000200000221000000023	N	oracle_10062	10062
0000000000000000200000300000000034	N	oracle_10063	10063
0000000000000000200000303000000022	P	oracle_10064	10064
0000000000000000200000310000000024	N	oracle_10065	10065
0000000000000000200000310000000033	N	oracle_10066	10066
0000000000000000200001120000000033	N	oracle_10067	10067
0000000000000000200001200010000033	N	oracle_10068	10068
0000000000000000200001200020000023	N	oracle_10069	10069
0000000000000000200001200100000033	N	oracle_10070	10070
0000000000000000200001200200000023	N	oracle_10071	10071
0000000000000000200001201000000033	N	oracle_10072	10072
0000000000000000200001202000000023	N	oracle_10073	10073
0000000000000000200001210000000033	N	oracle_10074	10074
0000000000000000200001220000000023	N	oracle_10075	10075
0000000000000000200002000020000033	P	oracle_10076	10076
0000000000000000200002000200000033	P	oracle_10077	10077
0000000000000000200002002000000033	P	oracle_10078	10078
0000000000000000200002020000000033	P	oracle_10079	10079
0000000000000000200002100010000033	N	oracle_10080	10080
0000000000000000200002100020000023	N	oracle_10081	10081
0000000000000000200002100100000033	N	oracle_10082	10082
0000000000000000200002100200000023	N	oracle_10083	10083
0000000000000000200002101000000033	N	oracle_10084	10084
0000000000000000200002102000000023	N	oracle_10085	10085
0000000000000000200002120000000023	N	oracle_10086	10086
0000000000000000200002200010000023	P	oracle_10087	10087
0000000000000000200002200100000023	N	oracle_10088	10088
0000000000000000200002201000000023	N	oracle_10089	10089
0000000000000000200010000230000022	N	oracle_10090	10090
0000000000000000200020000020000033	P	oracle_10091	10091
0000000000000000200020000200000033	P	oracle_10092	10092
0000000000000000200020000210000023	N	oracle_10093	10093
0000000000000000200020002000000033	P	oracle_10094	10094
0000000000000000200020012000000023	P	oracle_10095	10095
0000000000000000200200000020000033	P	oracle_10096	10096
0000000000000000200200000200000033	P	oracle_10097	10097
0000000000000000201000000220000023	N	oracle_10098	10098
0000000000000000201200000020000023	P	oracle_10099	10099
0000000000000000202000000020000033	P	oracle_10100	10100
0000000000000000202000000120000023	P	oracle_10101	10101
0000000000000000210000120000000033	N	oracle_10102	10102
0000000000000000210000210000000033	N	oracle_10103	10103
0000000000000000210000220000000023	N	oracle_10104	10104
0000000000000000220000002000000033	P	oracle_10105	10105
0000000000000000220000020000000033	P	oracle_10106	10106
0000000000000000220000120000000023	N	oracle_10107	10107
0000000000000000220000200000000033	P	oracle_10108	10108
0000000000000000220000210000000023	N	oracle_10109	10109
0000000000000000300000000400000023	N	oracle_10110	10110
0000000000000000300000004000000023	N	oracle_10111	10111
0000000000000000300000020000000034	N	oracle_10112	10112
0000000000000000300000040000000023	P	oracle_10113	10113
0000000000000000300000110000000034	N	oracle_10114	10114
0000000000000000300000120000000024	N	oracle_10115	10115
0000000000000000300000120000000033	N	oracle_10116	10116
0000000000000000300000121000000023	P	oracle_10117	10117
0000000000000000300000122000000022	N	oracle_10118	10118
0000000000000000300000130000000023	P	oracle_10119	10119
0000000000000000300000200000000034	N	oracle_10120	10120
0000000000000000300000210000000024	N	oracle_10121	10121
0000000000000000300000210000000033	N	oracle_10122	10122
0000000000000000300000221000000022	N	oracle_10123	10123
0000000000000000300000310000000023	P	oracle_10124	10124
0000000000000000300000400000000023	P	oracle_10125	10125
0000000000000000300001220000000022	P	oracle_10126	10126
0000000000000000400000003000000023	N	oracle_10127	10127
0000000000000000400000030000000023	N	oracle_10128	10128
0000000000000000400000300000000023	N	oracle_10129	10129
0000000000000001000000021200000033	N	oracle_10130	10130
0000000000000001000000022100000033	N	oracle_10131	10131
0000000000000001000000022200000023	P	oracle_10132	10132
0000000000000001000000030200000033	N	oracle_10133	10133
0000000000000001000000031100000033	N	oracle_10134	10134
0000000000000001000000031200000023	N	oracle_10135	10135
0000000000000001000000032000000033	N	oracle_10136	10136
0000000000000001000000032100000023	N	oracle_10137	10137
0000000000000001000000102020000033	N	oracle_10138	10138
0000000000000001000000122100000023	N	oracle_10139	10139
0000000000000001000000122200000022	N	oracle_10140	10140
0000000000000001000000130000000034	N	oracle_10141	10141
0000000000000001000000130100000033	N	oracle_10142	10142
0000000000000001000000202010000033	N	oracle_10143	10143
0000000000000001000000202020000023	N	oracle_10144	10144
0000000000000001000000220000000034	N	oracle_10145	10145
0000000000000001000000220000000133	N	oracle_10146	10146
0000000000000001000000220000000223	N	oracle_10147	10147
0000000000000001000000220010000033	N	oracle_10148	10148
0000000000000001000000220020000023	N	oracle_10149	10149
0000000000000001000000220100000033	N	oracle_10150	10150
0000000000000001000000220200000023	N	oracle_10151	10151
0000000000000001000000221000000033	N	oracle_10152	10152
0000000000000001000000222000000023	P	oracle_10153	10153
0000000000000001000000230000000024	N	oracle_10154	10154
0000000000000001000000230000000033	N	oracle_10155	10155
0000000000000001000000230100000023	N	oracle_10156	10156
0000000000000001000000232000000022	N	oracle_10157	10157
0000000000000001000000310000000034	N	oracle_10158	10158
0000000000000001000000320000000024	N	oracle_10159	10159
0000000000000001000000320000000033	N	oracle_10160	10160
0000000000000001000000322000000022	N	oracle_10161	10161
0000000000000001000000330000000023	P	oracle_10162	10162
0000000000000001000000331000000022	N	oracle_10163	10163
0000000000000001000000332000000012	N	oracle_10164	10164
0000000000000001000001200010000223	N	oracle_10165	10165
0000000000000001000001200200000033	N	oracle_10166	10166
0000000000000001000001200300000023	N	oracle_10167	10167
0000000000000001000001202000000033	N	oracle_10168	10168
0000000000000001000001220000000033	N	oracle_10169	10169
0000000000000001000001300200000023	N	oracle_10170	10170
0000000000000001000001330000000022	N	oracle_10171	10171
0000000000000001000002003000000033	N	oracle_10172	10172
0000000000000001000002100010000223	N	oracle_10173	10173
0000000000000001000002100200000033	N	oracle_10174	10174
0000000000000001000002102000000033	N	oracle_10175	10175
0000000000000001000002200010000033	N	oracle_10176	10176
0000000000000001000002200010000123	N	oracle_10177	10177
0000000000000001000002200010000222	N	oracle_10178	10178
0000000000000001000002200020000023	N	oracle_10179	10179
0000000000000001000002200100000033	N	oracle_10180	10180
0000000000000001000002200200000023	N	oracle_10181	10181
0000000000000001000002201000000033	N	oracle_10182	10182
0000000000000001000002202000000023	N	oracle_10183	10183
0000000000000001000002220000000023	P	oracle_10184	10184
0000000000000001000002230000000022	N	oracle_10185	10185
0000000000000001000002320000000022	N	oracle_10186	10186
0000000000000001000002330000000012	N	oracle_10187	10187
0000000000000001000003002000000033	N	oracle_10188	10188
0000000000000001000003100100000033	N	oracle_10189	10189
0000000000000001000003101000000033	N	oracle_10190	10190
0000000000000001000003200100000023	N	oracle_10191	10191
0000000000000001000003201000000023	N	oracle_10192	10192
0000000000000001000010000120000034	N	oracle_10193	10193
0000000000000001000010000220000033	N	oracle_10194	10194
0000000000000001000010012100000033	N	oracle_10195	10195
0000000000000001000010022000000033	N	oracle_10196	10196
0000000000000001000010031000000033	N	oracle_10197	10197
0000000000000001000010032000000023	N	oracle_10198	10198
0000000000000001000011003000000033	N	oracle_10199	10199
0000000000000001000012002000000033	N	oracle_10200	10200
0000000000000001000012003000000023	N	oracle_10201	10201
0000000000000001000013002000000023	N	oracle_10202	10202
0000000000000001000020000020000034	N	oracle_10203	10203
0000000000000001000020000110000034	N	oracle_10204	10204
0000000000000001000020000120000024	N	oracle_10205	10205
0000000000000001000020000120000033	N	oracle_10206	10206
0000000000000001000020000210000033	N	oracle_10207	10207
0000000000000001000020000220000023	N	oracle_10208	10208
0000000000000001000020001220000022	N	oracle_10209	10209
0000000000000001000020002100000033	N	oracle_10210	10210
0000000000000001000020011100000033	N	oracle_10211	10211
0000000000000001000020012000000033	N	oracle_10212	10212
0000000000000001000020012100000023	N	oracle_10213	10213
0000000000000001000020022000000023	N	oracle_10214	10214
0000000000000001000021003000000023	P	oracle_10215	10215
0000000000000001001000000220000033	N	oracle_10216	10216
0000000000000001001000000220000123	N	oracle_10217	10217
0000000000000001001000200120000023	N	oracle_10218	10218
0000000000000001001010000120000024	N	oracle_10219	10219
0000000000000001001100001020000024	N	oracle_10220	10220
0000000000000001001100200020000023	N	oracle_10221	10221
0000000000000001001200000020000033	N	oracle_10222	10222
0000000000000001001200000020000123	N	oracle_10223	10223
0000000000000001002000000120000024	N	oracle_10224	10224
0000000000000001002000000120000123	N	oracle_10225	10225
0000000000000001002000000220000023	N	oracle_10226	10226
0000000000000001002000000220000113	N	oracle_10227	10227
0000000000000001002000000220000122	N	oracle_10228	10228
0000000000000001002000001020000024	N	oracle_10229	10229
0000000000000001002000001220000022	N	oracle_10230	10230
0000000000000001002000100120000023	N	oracle_10231	10231
0000000000000001002000200020000023	N	oracle_10232	10232
0000000000000001002000200120000013	N	oracle_10233	10233
0000000000000001002000200120000022	N	oracle_10234	10234
0000000000000001002010000120000014	N	oracle_10235	10235
0000000000000001002010000120000023	N	oracle_10236	10236
0000000000000001010000022200000022	N	oracle_10237	10237
0000000000000001010000112200000022	N	oracle_10238	10238
0000000000000001010000121200000022	N	oracle_10239	10239
0000000000000001010000122100000022	N	oracle_10240	10240
0000000000000001010000122200000012	N	oracle_10241	10241
0000000000000001010000220000000033	N	oracle_10242	10242
0000000000000001020000220000000023	N	oracle_10243	10243
0000000000000001100000122100000022	N	oracle_10244	10244
0000000000000001100000200300000023	N	oracle_10245	10245
0000000000000001100000220000000033	N	oracle_10246	10246
0000000000000001100000300200000023	N	oracle_10247	10247
0000000000000001100001100300000023	N	oracle_10248	10248
0000000000000001100001200200000023	N	oracle_10249	10249
0000000000000001100001200300000013	N	oracle_10250	10250
0000000000000001100001200300000022	N	oracle_10251	10251
0000000000000001100001300100000023	N	oracle_10252	10252
0000000000000001100001300200000013	N	oracle_10253	10253
0000000000000001100001300200000022	N	oracle_10254	10254
0000000000000001200000022100000022	N	oracle_10255	10255
0000000000000001200000112100000022	N	oracle_10256	10256
0000000000000001200000120000000033	N	oracle_10257	10257
0000000000000001200000121100000022	N	oracle_10258	10258
0000000000000001200000122000000022	N	oracle_10259	10259
0000000000000001200000122100000012	N	oracle_10260	10260
0000000000000001200000210000000033	N	oracle_10261	10261
0000000000000001200000220000000023	N	oracle_10262	10262
0000000000000002000000002000000044	P	oracle_10263	10263
0000000000000002000000002020000033	P	oracle_10264	10264
0000000000000002000000002200000033	P	oracle_10265	10265
0000000000000002000000020000000044	P	oracle_10266	10266
0000000000000002000000020020000033	P	oracle_10267	10267
0000000000000002000000020200000033	P	oracle_10268	10268
0000000000000002000000022000000033	P	oracle_10269	10269
0000000000000002000000030000000034	N	oracle_10270	10270
0000000000000002000000033000000022	P	oracle_10271	10271
0000000000000002000000102020000023	N	oracle_10272	10272
0000000000000002000000120000000034	N	oracle_10273	10273
0000000000000002000000120000000133	N	oracle_10274	10274
0000000000000002000000120000000223	P	oracle_10275	10275
0000000000000002000000120010000033	N	oracle_10276	10276
0000000000000002000000120020000023	N	oracle_10277	10277
0000000000000002000000120100000033	N	oracle_10278	10278
0000000000000002000000120200000023	P	oracle_10279	10279
0000000000000002000000121000000033	N	oracle_10280	10280
0000000000000002000000122000000023	N	oracle_10281	10281
0000000000000002000000130000000024	N	oracle_10282	10282
0000000000000002000000130000000033	N	oracle_10283	10283
0000000000000002000000200000000044	P	oracle_10284	10284
0000000000000002000000200020000033	P	oracle_10285	10285
0000000000000002000000200200000033	P	oracle_10286	10286
0000000000000002000000202000000033	P	oracle_10287	10287
0000000000000002000000202010000023	N	oracle_10288	10288
0000000000000002000000210000000034	N	oracle_10289	10289
0000000000000002000000210000000133	N	oracle_10290	10290
0000000000000002000000210000000223	P	oracle_10291	10291
0000000000000002000000210010000033	N	oracle_10292	10292
0000000000000002000000210020000023	N	oracle_10293	10293
0000000000000002000000210100000033	N	oracle_10294	10294
0000000000000002000000210200000023	P	oracle_10295	10295
0000000000000002000000211000000033	N	oracle_10296	10296
0000000000000002000000212000000023	N	oracle_10297	10297
0000000000000002000000220000000024	P	oracle_10298	10298
0000000000000002000000220000000033	P	oracle_10299	10299
0000000000000002000000220000000123	P	oracle_10300	10300
0000000000000002000000220010000023	P	oracle_10301	10301
0000000000000002000000220100000023	P	oracle_10302	10302
0000000000000002000000221000000023	N	oracle_10303	10303
0000000000000002000000300000000034	N	oracle_10304	10304
0000000000000002000000303000000022	P	oracle_10305	10305
0000000000000002000000310000000024	N	oracle_10306	10306
0000000000000002000000310000000033	N	oracle_10307	10307
0000000000000002000001120000000033	N	oracle_10308	10308
0000000000000002000001200010000033	N	oracle_10309	10309
0000000000000002000001200020000023	P	oracle_10310	10310
0000000000000002000001200100000033	N	oracle_10311	10311
0000000000000002000001200200000023	P	oracle_10312	10312
0000000000000002000001201000000033	N	oracle_10313	10313
0000000000000002000001202000000023	N	oracle_10314	10314
0000000000000002000001210000000033	N	oracle_10315	10315
0000000000000002000001220000000023	N	oracle_10316	10316
0000000000000002000002000020000033	P	oracle_10317	10317
0000000000000002000002000200000033	P	oracle_10318	10318
0000000000000002000002002000000033	P	oracle_10319	10319
0000000000000002000002020000000033	P	oracle_10320	10320
0000000000000002000002100010000033	N	oracle_10321	10321
0000000000000002000002100020000023	N	oracle_10322	10322
0000000000000002000002100100000033	N	oracle_10323	10323
0000000000000002000002100200000023	P	oracle_10324	10324
0000000000000002000002101000000033	N	oracle_10325	10325
0000000000000002000002102000000023	N	oracle_10326	10326
0000000000000002000002120000000023	N	oracle_10327	10327
0000000000000002000002200010000023	P	oracle_10328	10328
0000000000000002000002200100000023	N	oracle_10329	10329
0000000000000002000002201000000023	N	oracle_10330	10330
0000000000000002000020000020000033	P	oracle_10331	10331
0000000000000002000020000200000033	P	oracle_10332	10332
0000000000000002000020000210000023	N	oracle_10333	10333
0000000000000002000020002000000033	P	oracle_10334	10334
0000000000000002000020012000000023	P	oracle_10335	10335
0000000000000002000200000020000033	P	oracle_10336	10336
0000000000000002000200000200000033	P	oracle_10337	10337
0000000000000002001000000220000023	N	oracle_10338	10338
0000000000000002001200000020000023	P	oracle_10339	10339
0000000000000002002000000020000033	P	oracle_10340	10340
0000000000000002002000000120000023	P	oracle_10341	10341
0000000000000002010000120000000033	N	oracle_10342	10342
0000000000000002010000210000000033	N	oracle_10343	10343
0000000000000002010000220000000023	N	oracle_10344	10344
0000000000000002020000020000000033	P	oracle_10345	10345
0000000000000002020000120000000023	N	oracle_10346	10346
0000000000000002020000200000000033	P	oracle_10347	10347
0000000000000002020000210000000023	P	oracle_10348	10348
0000000000000002100000120000000033	N	oracle_10349	10349
0000000000000002100000210000000033	N	oracle_10350	10350
0000000000000002100000220000000023	N	oracle_10351	10351
0000000000000002200000020000000033	P	oracle_10352	10352
0000000000000002200000120000000023	N	oracle_10353	10353
0000000000000002200000200000000033	P	oracle_10354	10354
0000000000000002200000210000000023	N	oracle_10355	10355
0000000000000003000000004000000023	N	oracle_10356	10356
0000000000000003000000020000000034	N	oracle_10357	10357
0000000000000003000000040000000023	P	oracle_10358	10358
0000000000000003000000110000000034	N	oracle_10359	10359
0000000000000003000000120000000024	N	oracle_10360	10360
0000000000000003000000120000000033	N	oracle_10361	10361
0000000000000003000000130000000023	P	oracle_10362	10362
0000000000000003000000200000000034	N	oracle_10363	10363
0000000000000003000000210000000024	N	oracle_10364	10364
0000000000000003000000210000000033	N	oracle_10365	10365
0000000000000003000000310000000023	P	oracle_10366	10366
0000000000000003000000400000000023	P	oracle_10367	10367
0000000000000004000000030000000023	N	oracle_10368	10368
0000000000000004000000300000000023	N	oracle_10369	10369
0000000000000010000000022200000023	N	oracle_10370	10370
0000000000000010000000031200000023	N	oracle_10371	10371
0000000000000010000000032100000023	N	oracle_10372	10372
0000000000000010000000032200000013	N	oracle_10373	10373
0000000000000010000000032200000022	N	oracle_10374	10374
0000000000000010000000102020000033	N	oracle_10375	10375
0000000000000010000000122200000022	N	oracle_10376	10376
0000000000000010000000133000000022	N	oracle_10377	10377
0000000000000010000000202010000033	N	oracle_10378	10378
0000000000000010000000202020000023	N	oracle_10379	10379
0000000000000010000000223000000022	N	oracle_10380	10380
0000000000000010000000232000000022	N	oracle_10381	10381
0000000000000010000000233000000012	N	oracle_10382	10382
0000000000000010000000322000000022	N	oracle_10383	10383
0000000000000010000000331000000022	N	oracle_10384	10384
0000000000000010000000332000000012	N	oracle_10385	10385
0000000000000010000001200200000033	N	oracle_10386	10386
0000000000000010000001202000000033	N	oracle_10387	10387
0000000000000010000002100200000033	N	oracle_10388	10388
0000000000000010000002102000000033	N	oracle_10389	10389
0000000000000010000002120000000024	P	oracle_10390	10390
0000000000000010000002200200000023	P	oracle_10391	10391
0000000000000010000002202000000023	P	oracle_10392	10392
0000000000000010000020000210000033	N	oracle_10393	10393
0000000000000010000020000220000023	N	oracle_10394	10394
0000000000000010000020001220000022	N	oracle_10395	10395
0000000000000010000020012000000033	N	oracle_10396	10396
0000000000000010000020022000000023	P	oracle_10397	10397
0000000000000010001000000220000033	N	oracle_10398	10398
0000000000000010001200000020000033	N	oracle_10399	10399
0000000000000010002000000120000123	P	oracle_10400	10400
0000000000000010002000000220000023	N	oracle_10401	10401
0000000000000010002000001220000022	N	oracle_10402	10402
0000000000000010002000100120000023	P	oracle_10403	10403
0000000000000010002010000120000023	N	oracle_10404	10404
0000000000000010002100000120000023	P	oracle_10405	10405
0000000000000010010000022200000022	N	oracle_10406	10406
0000000000000010010000112200000022	N	oracle_10407	10407
0000000000000010010000121200000022	N	oracle_10408	10408
0000000000000010010000122100000022	N	oracle_10409	10409
0000000000000010010000122200000012	N	oracle_10410	10410
0000000000000010100000022200000022	N	oracle_10411	10411
0000000000000010100000112200000022	N	oracle_10412	10412
0000000000000010100000121200000022	N	oracle_10413	10413
0000000000000010100000122100000022	N	oracle_10414	10414
0000000000000010100000122200000012	N	oracle_10415	10415
0000000000000010100000220000000033	N	oracle_10416	10416
0000000000000010200000120000000033	N	oracle_10417	10417
0000000000000010200000210000000033	N	oracle_10418	10418
0000000000000010200000220000000023	N	oracle_10419	10419
0000000000000011000000220000000033	N	oracle_10420	10420
0000000000000012000000120000000033	N	oracle_10421	10421
0000000000000012000000210000000033	N	oracle_10422	10422
0000000000000012000000220000000023	N	oracle_10423	10423
0000000000000020000000020000000044	P	oracle_10424	10424
0000000000000020000000020020000033	P	oracle_10425	10425
0000000000000020000000020200000033	P	oracle_10426	10426
0000000000000020000000022000000033	P	oracle_10427	10427
0000000000000020000000022100000023	P	oracle_10428	10428
0000000000000020000000033000000022	P	oracle_10429	10429
0000000000000020000000102020000023	N	oracle_10430	10430
0000000000000020000000200000000044	P	oracle_10431	10431
0000000000000020000000200020000033	P	oracle_10432	10432
0000000000000020000000200200000033	P	oracle_10433	10433
0000000000000020000000202000000033	P	oracle_10434	10434
0000000000000020000000202010000023	N	oracle_10435	10435
0000000000000020000000220000000033	P	oracle_10436	10436
0000000000000020000000303000000022	P	oracle_10437	10437
0000000000000020000001200200000023	P	oracle_10438	10438
0000000000000020000001202000000023	P	oracle_10439	10439
0000000000000020000002000020000033	P	oracle_10440	10440
0000000000000020000002000200000033	P	oracle_10441	10441
0000000000000020000002002000000033	P	oracle_10442	10442
0000000000000020000002020000000033	P	oracle_10443	10443
0000000000000020000002100200000023	P	oracle_10444	10444
0000000000000020000002102000000023	P	oracle_10445	10445
0000000000000020000020000020000033	P	oracle_10446	10446
0000000000000020000020000200000033	P	oracle_10447	10447
0000000000000020000020000210000023	P	oracle_10448	10448
0000000000000020000020002000000033	P	oracle_10449	10449
0000000000000020000020012000000023	N	oracle_10450	10450
0000000000000020000200000020000033	P	oracle_10451	10451
0000000000000020000200000200000033	P	oracle_10452	10452
0000000000000020001000000220000023	N	oracle_10453	10453
0000000000000020001200000020000023	N	oracle_10454	10454
0000000000000020002000000020000033	P	oracle_10455	10455
0000000000000020020000200000000033	P	oracle_10456	10456
0000000000000020100000220000000023	N	oracle_10457	10457
0000000000000020200000120000000023	N	oracle_10458	10458
0000000000000020200000200000000033	P	oracle_10459	10459
0000000000000020200000210000000023	P	oracle_10460	10460
0000000000000021000000220000000023	N	oracle_10461	10461
0000000000000022000000120000000023	N	oracle_10462	10462
0000000000000022000000200000000033	P	oracle_10463	10463
0000000000000022000000210000000023	P	oracle_10464	10464
0000000000000022100000100010000023	N	oracle_10465	10465
0000000000000022100000200000000023	P	oracle_10466	10466
0000000000000022100010000010000023	N	oracle_10467	10467
0000000000000022200000100000000023	N	oracle_10468	10468
0000000000000022200000100100000022	N	oracle_10469	10469
0000000000000022200001000010000022	N	oracle_10470	10470
0000000000000022200001000100000022	N	oracle_10471	10471
0000000000000022200100000010000022	N	oracle_10472	10472
0000000000000022201000000010000022	N	oracle_10473	10473
0000000000000030000000040000000023	P	oracle_10474	10474
0000000000000030000000400000000023	P	oracle_10475	10475
0000000000000031200000100000000023	N	oracle_10476	10476
0000000000000032100000100000000023	N	oracle_10477	10477
0000000000000032200000100000000013	N	oracle_10478	10478
0000000000000032200000100000000022	N	oracle_10479	10479
0000000000000033000000200000000022	P	oracle_10480	10480
0000000000000040000000300000000023	P	oracle_10481	10481
0000000000000100000000102020000033	N	oracle_10482	10482
0000000000000100000000122100000023	N	oracle_10483	10483
0000000000000100000000122200000022	N	oracle_10484	10484
0000000000000100000000133000000022	N	oracle_10485	10485
0000000000000100000000202010000033	N	oracle_10486	10486
0000000000000100000000202020000023	N	oracle_10487	10487
0000000000000100000000223000000022	N	oracle_10488	10488
0000000000000100000000232000000022	N	oracle_10489	10489
0000000000000100000000233000000012	N	oracle_10490	10490
0000000000000100000000322000000022	N	oracle_10491	10491
0000000000000100000000331000000022	N	oracle_10492	10492
0000000000000100000000332000000012	N	oracle_10493	10493
0000000000000100000001200200000033	N	oracle_10494	10494
0000000000000100000001202000000033	N	oracle_10495	10495
0000000000000100000002100200000033	N	oracle_10496	10496
0000000000000100000002102000000033	N	oracle_10497	10497
0000000000000100000002120000000024	P	oracle_10498	10498
0000000000000100000002200200000023	P	oracle_10499	10499
0000000000000100000002202000000023	P	oracle_10500	10500
0000000000000100000020000210000033	N	oracle_10501	10501
0000000000000100000020000220000023	N	oracle_10502	10502
0000000000000100000020001220000022	N	oracle_10503	10503
0000000000000100000020012000000024	P	oracle_10504	10504
0000000000000100000020012000000033	N	oracle_10505	10505
0000000000000100000020022000000023	N	oracle_10506	10506
0000000000000100001000000220000033	N	oracle_10507	10507
0000000000000100001000100120000024	N	oracle_10508	10508
0000000000000100001010000120000024	N	oracle_10509	10509
0000000000000100001100000120000123	N	oracle_10510	10510
0000000000000100001100001020000024	N	oracle_10511	10511
0000000000000100001100100020000024	N	oracle_10512	10512
0000000000000100001100100120000023	N	oracle_10513	10513
0000000000000100001200000020000033	N	oracle_10514	10514
0000000000000100002000000120000024	N	oracle_10515	10515
0000000000000100002000000120000123	N	oracle_10516	10516
0000000000000100002000000220000023	N	oracle_10517	10517
0000000000000100002000001020000024	N	oracle_10518	10518
0000000000000100002000001220000022	N	oracle_10519	10519
0000000000000100002000100020000024	N	oracle_10520	10520
0000000000000100002000100120000014	N	oracle_10521	10521
0000000000000100002000100120000023	N	oracle_10522	10522
0000000000000100002010000120000014	N	oracle_10523	10523
0000000000000100002010000120000023	N	oracle_10524	10524
0000000000000100002100000030000023	P	oracle_10525	10525
0000000000000100002100000120000023	N	oracle_10526	10526
0000000000000100002100000120000113	N	oracle_10527	10527
0000000000000100002100000120000122	N	oracle_10528	10528
0000000000000100002100100120000013	N	oracle_10529	10529
0000000000000100002100100120000022	N	oracle_10530	10530
0000000000000100010000112100000023	N	oracle_10531	10531
0000000000000100010000121100000023	N	oracle_10532	10532
0000000000000100010000122000000023	N	oracle_10533	10533
0000000000000100010000122100000013	N	oracle_10534	10534
0000000000000100010000122100000022	N	oracle_10535	10535
0000000000000100100000112200000022	N	oracle_10536	10536
0000000000000100100000121200000022	N	oracle_10537	10537
0000000000000100100000122100000022	N	oracle_10538	10538
0000000000000100100000122200000012	N	oracle_10539	10539
0000000000000100100000220000000033	N	oracle_10540	10540
0000000000000100200000120000000033	N	oracle_10541	10541
0000000000000100200000210000000033	N	oracle_10542	10542
0000000000000100200000220000000023	N	oracle_10543	10543
0000000000000101000000220000000033	N	oracle_10544	10544
0000000000000102000000120000000033	N	oracle_10545	10545
0000000000000102000000210000000033	N	oracle_10546	10546
0000000000000102000000220000000023	N	oracle_10547	10547
0000000000000102020000200000000023	N	oracle_10548	10548
0000000000000112100010000010000023	N	oracle_10549	10549
0000000000000112200001000010000022	N	oracle_10550	10550
0000000000000112200001000100000022	N	oracle_10551	10551
0000000000000112200100000010000022	N	oracle_10552	10552
0000000000000112201000000010000022	N	oracle_10553	10553
0000000000000120000000200200000023	N	oracle_10554	10554
0000000000000120000000202000000023	P	oracle_10555	10555
0000000000000120000001000200000033	N	oracle_10556	10556
0000000000000120000001002000000033	N	oracle_10557	10557
0000000000000120000002000200000023	N	oracle_10558	10558
0000000000000120000002002000000023	N	oracle_10559	10559
0000000000000120000010000200000033	N	oracle_10560	10560
0000000000000120000010002000000033	N	oracle_10561	10561
0000000000000120000020000010000033	N	oracle_10562	10562
0000000000000120000020000020000023	N	oracle_10563	10563
0000000000000120000020000100000033	N	oracle_10564	10564
0000000000000120000020000200000023	N	oracle_10565	10565
0000000000000120000020002000000023	P	oracle_10566	10566
0000000000000120000100000200000033	N	oracle_10567	10567
0000000000000120000200000010000033	N	oracle_10568	10568
0000000000000120000200000020000023	N	oracle_10569	10569
0000000000000120000200000200000023	N	oracle_10570	10570
0000000000000121100010000010000023	N	oracle_10571	10571
0000000000000121200001000010000022	N	oracle_10572	10572
0000000000000121200001000100000022	N	oracle_10573	10573
0000000000000121200100000010000022	N	oracle_10574	10574
0000000000000121201000000010000022	N	oracle_10575	10575
0000000000000122000010000010000023	N	oracle_10576	10576
0000000000000122100001000010000022	N	oracle_10577	10577
0000000000000122100001000100000022	N	oracle_10578	10578
0000000000000122100010000010000013	N	oracle_10579	10579
0000000000000122100010000010000022	N	oracle_10580	10580
0000000000000122100100000010000022	N	oracle_10581	10581
0000000000000122101000000010000022	N	oracle_10582	10582
0000000000000122200001000010000012	N	oracle_10583	10583
0000000000000122200001000100000012	N	oracle_10584	10584
0000000000000122200100000010000012	N	oracle_10585	10585
0000000000000122201000000010000012	N	oracle_10586	10586
0000000000000200000000200000000044	P	oracle_10587	10587
0000000000000200000000200020000033	P	oracle_10588	10588
0000000000000200000000200200000033	P	oracle_10589	10589
0000000000000200000000202000000033	P	oracle_10590	10590
0000000000000200000000202010000023	N	oracle_10591	10591
0000000000000200000000220000000033	P	oracle_10592	10592
0000000000000200000000303000000022	P	oracle_10593	10593
0000000000000200000001200200000023	P	oracle_10594	10594
0000000000000200000001202000000023	P	oracle_10595	10595
0000000000000200000002000020000033	P	oracle_10596	10596
0000000000000200000002000200000033	P	oracle_10597	10597
0000000000000200000002002000000033	P	oracle_10598	10598
0000000000000200000002020000000033	P	oracle_10599	10599
0000000000000200000002100200000023	P	oracle_10600	10600
0000000000000200000002102000000023	P	oracle_10601	10601
0000000000000200000020000020000033	P	oracle_10602	10602
0000000000000200000020000200000033	P	oracle_10603	10603
0000000000000200000020000210000023	N	oracle_10604	10604
0000000000000200000020002000000033	P	oracle_10605	10605
0000000000000200000020012000000023	N	oracle_10606	10606
0000000000000200000200000020000033	P	oracle_10607	10607
0000000000000200000200000200000033	P	oracle_10608	10608
0000000000000200001000000220000023	N	oracle_10609	10609
0000000000000200001200000020000023	N	oracle_10610	10610
0000000000000200002000000020000033	P	oracle_10611	10611
0000000000000200100000220000000023	N	oracle_10612	10612
0000000000000200200000210000000023	N	oracle_10613	10613
0000000000000200200100000100000024	N	oracle_10614	10614
0000000000000201000000220000000023	N	oracle_10615	10615
0000000000000202000000210000000023	N	oracle_10616	10616
0000000000000210000001000200000033	N	oracle_10617	10617
0000000000000210000001002000000033	N	oracle_10618	10618
0000000000000210000002000200000023	N	oracle_10619	10619
0000000000000210000002002000000023	N	oracle_10620	10620
0000000000000210000010000200000033	N	oracle_10621	10621
0000000000000210000010002000000033	N	oracle_10622	10622
0000000000000210000020000010000033	N	oracle_10623	10623
0000000000000210000020000020000023	P	oracle_10624	10624
0000000000000210000020000100000033	N	oracle_10625	10625
0000000000000210000020000200000023	P	oracle_10626	10626
0000000000000210000020002000000023	P	oracle_10627	10627
0000000000000210000100000200000033	N	oracle_10628	10628
0000000000000210000200000010000033	N	oracle_10629	10629
0000000000000210000200000020000023	P	oracle_10630	10630
0000000000000210000200000200000023	N	oracle_10631	10631
0000000000000220000001000100000033	N	oracle_10632	10632
0000000000000220000001000200000023	N	oracle_10633	10633
0000000000000220000001001000000033	N	oracle_10634	10634
0000000000000220000001002000000023	N	oracle_10635	10635
0000000000000220000002000100000023	N	oracle_10636	10636
0000000000000220000002001000000023	N	oracle_10637	10637
0000000000000220000010000010000033	N	oracle_10638	10638
0000000000000220000010000020000023	N	oracle_10639	10639
0000000000000220000010000100000033	N	oracle_10640	10640
0000000000000220000010000200000023	N	oracle_10641	10641
0000000000000220000010001000000033	N	oracle_10642	10642
0000000000000220000010002000000023	P	oracle_10643	10643
0000000000000220000020000010000023	N	oracle_10644	10644
0000000000000220000020000100000023	N	oracle_10645	10645
0000000000000220000100000010000033	N	oracle_10646	10646
0000000000000220000100000020000023	N	oracle_10647	10647
0000000000000220000100000100000033	N	oracle_10648	10648
0000000000000220000100000200000023	N	oracle_10649	10649
0000000000000220000200000010000023	N	oracle_10650	10650
0000000000000300000000400000000023	P	oracle_10651	10651
0000000000001100200100000100000024	N	oracle_10652	10652
0000000000001200100100000100000024	N	oracle_10653	10653
0000000000001200200100000010000023	P	oracle_10654	10654
0000000000001200200100000100000014	N	oracle_10655	10655
0000000000001200200100000100000023	N	oracle_10656	10656
0000000000001202000100000010000023	P	oracle_10657	10657
0000000000002100200100000010000023	P	oracle_10658	10658
0000000010000000010000022200000022	N	oracle_10659	10659
0000000010000000010000112200000022	N	oracle_10660	10660
0000000010000000010000121200000022	N	oracle_10661	10661
0000000010000000010000122100000022	N	oracle_10662	10662
0000000010000000010000122200000012	N	oracle_10663	10663
0000000010000000100000022200000022	N	oracle_10664	10664
0000000010000000100000112200000022	N	oracle_10665	10665
0000000010000000100000121200000022	N	oracle_10666	10666
0000000010000000100000122100000022	N	oracle_10667	10667
0000000010000000100000122200000012	N	oracle_10668	10668
0000000010000000100000220000000033	N	oracle_10669	10669
0000000010000000100001200200000023	N	oracle_10670	10670
0000000010000000101010000120000023	N	oracle_10671	10671
0000000010000000101100001020000023	N	oracle_10672	10672
0000000010000000102000000120000023	N	oracle_10673	10673
0000000010000000102000001020000023	N	oracle_10674	10674
0000000010000000102010000120000013	N	oracle_10675	10675
0000000010000000102010000120000022	N	oracle_10676	10676
0000000010000000200000120000000033	N	oracle_10677	10677
0000000010000000200000210000000033	N	oracle_10678	10678
0000000010000000200000220000000023	N	oracle_10679	10679
0000000010000000300000121000000022	N	oracle_10680	10680
0000000010000000300000130000000022	P	oracle_10681	10681
0000000010000000300000220000000022	N	oracle_10682	10682
0000000010000001000000022200000022	N	oracle_10683	10683
0000000010000001000000112200000022	N	oracle_10684	10684
0000000010000001000000121200000022	N	oracle_10685	10685
0000000010000001000000122100000022	N	oracle_10686	10686
0000000010000001000000122200000012	N	oracle_10687	10687
0000000010000001000000220000000033	N	oracle_10688	10688
0000000010000002000000120000000033	N	oracle_10689	10689
0000000010000002000000210000000033	N	oracle_10690	10690
0000000010000002000000220000000023	N	oracle_10691	10691
0000000010000010000000022200000022	N	oracle_10692	10692
0000000010000010000000112200000022	N	oracle_10693	10693
0000000010000010000000121200000022	N	oracle_10694	10694
0000000010000010000000122100000022	N	oracle_10695	10695
0000000010000010000000122200000012	N	oracle_10696	10696
0000000010000022200000100000000022	N	oracle_10697	10697
0000000010000100000000112200000022	N	oracle_10698	10698
0000000010000100000000121200000022	N	oracle_10699	10699
0000000010000100000000122100000022	N	oracle_10700	10700
0000000010000100000000122200000012	N	oracle_10701	10701
0000000020000000020000000020000033	P	oracle_10702	10702
0000000020000000020000000200000033	P	oracle_10703	10703
0000000020000000020000002000000033	P	oracle_10704	10704
0000000020000000020000020000000033	P	oracle_10705	10705
0000000020000000020000200000000033	P	oracle_10706	10706
0000000020000000100000220000000023	N	oracle_10707	10707
0000000020000000200000000200000033	P	oracle_10708	10708
0000000020000000200000002000000033	P	oracle_10709	10709
0000000020000000200000020000000033	P	oracle_10710	10710
0000000020000000200000120000000023	N	oracle_10711	10711
0000000020000000200000121000000022	N	oracle_10712	10712
0000000020000000200000200000000033	P	oracle_10713	10713
0000000020000000200000210000000023	P	oracle_10714	10714
0000000020000000300000021000000022	N	oracle_10715	10715
0000000020000000300000111000000022	N	oracle_10716	10716
0000000020000000300000120000000022	N	oracle_10717	10717
0000000020000000300000121000000012	N	oracle_10718	10718
0000000020000001000000220000000023	N	oracle_10719	10719
0000000020000002000000002000000033	P	oracle_10720	10720
0000000020000002000000020000000033	P	oracle_10721	10721
0000000020000002000000120000000023	P	oracle_10722	10722
0000000020000002000000200000000033	P	oracle_10723	10723
0000000020000002000000210000000023	P	oracle_10724	10724
0000000020000020000000020000000033	P	oracle_10725	10725
0000000020000020000000200000000033	P	oracle_10726	10726
0000000020000200000000200000000033	P	oracle_10727	10727
0000000100000000100000022100000023	N	oracle_10728	10728
0000000100000000100000112100000023	N	oracle_10729	10729
0000000100000000100000121100000023	N	oracle_10730	10730
0000000100000000100000122000000023	N	oracle_10731	10731
0000000100000000100000122100000013	N	oracle_10732	10732
0000000100000000100000122100000022	N	oracle_10733	10733
0000000100000000100000220000000033	N	oracle_10734	10734
0000000100000000200000120000000033	N	oracle_10735	10735
0000000100000000200000210000000033	N	oracle_10736	10736
0000000100000000200000220000000023	N	oracle_10737	10737
0000000100000000300000220000000022	N	oracle_10738	10738
0000000100000001000000122100000022	N	oracle_10739	10739
0000000100000001000000220000000033	N	oracle_10740	10740
0000000100000002000000120000000033	N	oracle_10741	10741
0000000100000002000000210000000033	N	oracle_10742	10742
0000000100000002000000220000000023	N	oracle_10743	10743
0000000100000010000000022200000022	N	oracle_10744	10744
0000000100000010000000112200000022	N	oracle_10745	10745
0000000100000010000000121200000022	N	oracle_10746	10746
0000000100000010000000122100000022	N	oracle_10747	10747
0000000100000010000000122200000012	N	oracle_10748	10748
0000000100000010000000220000000033	N	oracle_10749	10749
0000000100000010000001200200000023	N	oracle_10750	10750
0000000100000010001010000120000023	N	oracle_10751	10751
0000000100000010001100001020000023	N	oracle_10752	10752
0000000100000010002000000120000023	N	oracle_10753	10753
0000000100000010002000001020000023	N	oracle_10754	10754
0000000100000010002010000120000013	N	oracle_10755	10755
0000000100000010002010000120000022	N	oracle_10756	10756
0000000100000020000000220000000023	N	oracle_10757	10757
0000000100000022200000100000000022	N	oracle_10758	10758
0000000100000100000000112200000022	N	oracle_10759	10759
0000000100000100000000121200000022	N	oracle_10760	10760
0000000100000100000000122100000022	N	oracle_10761	10761
0000000100000100000000122200000012	N	oracle_10762	10762
0000000100000100000000220000000033	N	oracle_10763	10763
0000000100000200000000220000000023	N	oracle_10764	10764
0000000200000000200000000200000033	P	oracle_10765	10765
0000000200000000200000002000000033	P	oracle_10766	10766
0000000200000000200000020000000033	P	oracle_10767	10767
0000000200000000200000120000000023	N	oracle_10768	10768
0000000200000000200000200000000033	P	oracle_10769	10769
0000000200000000200000210000000023	N	oracle_10770	10770
0000000200000000300000120000000022	N	oracle_10771	10771
0000000200000001000000022100000022	N	oracle_10772	10772
0000000200000001000000112100000022	N	oracle_10773	10773
0000000200000001000000120000000033	N	oracle_10774	10774
0000000200000001000000121100000022	N	oracle_10775	10775
0000000200000001000000122000000022	N	oracle_10776	10776
0000000200000001000000122100000012	N	oracle_10777	10777
0000000200000001000000210000000033	N	oracle_10778	10778
0000000200000001000000220000000023	N	oracle_10779	10779
0000000200000002000000002000000033	P	oracle_10780	10780
0000000200000002000000020000000033	P	oracle_10781	10781
0000000200000002000000120000000023	N	oracle_10782	10782
0000000200000002000000200000000033	P	oracle_10783	10783
0000000200000002000000210000000023	N	oracle_10784	10784
0000000200000010000000120000000033	N	oracle_10785	10785
0000000200000010000000210000000033	N	oracle_10786	10786
0000000200000010000000220000000023	N	oracle_10787	10787
0000000200000020000000020000000033	P	oracle_10788	10788
0000000200000020000000120000000023	N	oracle_10789	10789
0000000200000020000000200000000033	P	oracle_10790	10790
0000000200000020000000210000000023	P	oracle_10791	10791
0000000200000100000000120000000033	N	oracle_10792	10792
0000000200000100000000210000000033	N	oracle_10793	10793
0000000200000100000000220000000023	N	oracle_10794	10794
0000000200000120000000200000000023	N	oracle_10795	10795
0000000200000200000000200000000033	P	oracle_10796	10796
0000000200000200000000210000000023	P	oracle_10797	10797
0000001000000001000000220000000033	N	oracle_10798	10798
0000001000000001000001202000000023	P	oracle_10799	10799
0000001000000002000000120000000033	N	oracle_10800	10800
0000001000000002000000210000000033	N	oracle_10801	10801
0000001000000002000000220000000023	N	oracle_10802	10802
0000001000000010000000220000000033	N	oracle_10803	10803
0000001000000020000000220000000023	N	oracle_10804	10804
0000001000000100000000220000000033	N	oracle_10805	10805
0000001000000200000000220000000023	N	oracle_10806	10806
0000002000000002000000002000000033	P	oracle_10807	10807
0000002000000002000000020000000033	P	oracle_10808	10808
0000002000000002000000120000000023	N	oracle_10809	10809
0000002000000002000000200000000033	P	oracle_10810	10810
0000002000000002000000210000000023	N	oracle_10811	10811
0000002000000010000000120000000033	N	oracle_10812	10812
0000002000000010000000210000000033	N	oracle_10813	10813
0000002000000010000000220000000023	P	oracle_10814	10814
0000002000000020000000020000000033	P	oracle_10815	10815
0000002000000020000000120000000023	P	oracle_10816	10816
0000002000000020000000200000000033	P	oracle_10817	10817
0000002000000020000000210000000023	P	oracle_10818	10818
0000002000000100000000120000000033	N	oracle_10819	10819
0000002000000100000000210000000033	N	oracle_10820	10820
0000002000000100000000220000000023	N	oracle_10821	10821
0000002000000120000000200000000023	N	oracle_10822	10822
0000002000000200000000200000000033	P	oracle_10823	10823
0000002000000200000000210000000023	P	oracle_10824	10824
0000020000000020000000020000000033	P	oracle_10825	10825
0000020000000020000000200000000033	P	oracle_10826	10826
0000020000000200000000200000000033	P	oracle_10827	10827
0000200000000200000000200000000033	P	oracle_10828	10828
0000000000000000000000000220000144	N	oracle_10829	10829
0000000000000000000000000230000044	N	oracle_10830	10830
0000000000000000000000000320000044	N	oracle_10831	10831
0000000000000000000000000340000024	N	oracle_10832	10832
0000000000000000000000000430000024	N	oracle_10833	10833
0000000000000000000000001220000044	N	oracle_10834	10834
0000000000000000000000001220000224	N	oracle_10835	10835
0000000000000000000000001220001223	N	oracle_10836	10836
0000000000000000000000001230000034	N	oracle_10837	10837
0000000000000000000000001240000024	N	oracle_10838	10838
0000000000000000000000001240000123	N	oracle_10839	10839
0000000000000000000000001320000034	N	oracle_10840	10840
0000000000000000000000001330000024	N	oracle_10841	10841
0000000000000000000000001330000123	N	oracle_10842	10842
0000000000000000000000001420000024	N	oracle_10843	10843
0000000000000000000000001420000123	N	oracle_10844	10844
0000000000000000000000002020000144	N	oracle_10845	10845
0000000000000000000000002120000044	N	oracle_10846	10846
0000000000000000000000002120000224	N	oracle_10847	10847
0000000000000000000000002120001223	N	oracle_10848	10848
0000000000000000000000002130000034	N	oracle_10849	10849
0000000000000000000000002140000024	N	oracle_10850	10850
0000000000000000000000002140000123	N	oracle_10851	10851
0000000000000000000000002200000144	N	oracle_10852	10852
0000000000000000000000002210000044	N	oracle_10853	10853
0000000000000000000000002210000224	N	oracle_10854	10854
0000000000000000000000002220000034	N	oracle_10855	10855
0000000000000000000000002300000044	N	oracle_10856	10856
0000000000000000000000002310000034	N	oracle_10857	10857
0000000000000000000000002340000022	P	oracle_10858	10858
0000000000000000000000002410000024	N	oracle_10859	10859
0000000000000000000000002410000123	N	oracle_10860	10860
0000000000000000000000002430000022	P	oracle_10861	10861
0000000000000000000000003020000044	N	oracle_10862	10862
0000000000000000000000003040000024	N	oracle_10863	10863
0000000000000000000000003120000034	N	oracle_10864	10864
0000000000000000000000003130000024	N	oracle_10865	10865
0000000000000000000000003130000123	N	oracle_10866	10866
0000000000000000000000003200000044	N	oracle_10867	10867
0000000000000000000000003210000034	N	oracle_10868	10868
0000000000000000000000003240000022	P	oracle_10869	10869
0000000000000000000000003310000024	N	oracle_10870	10870
0000000000000000000000003310000123	N	oracle_10871	10871
0000000000000000000000003400000024	N	oracle_10872	10872
0000000000000000000000003420000022	P	oracle_10873	10873
0000000000000000000000004030000024	N	oracle_10874	10874
0000000000000000000000004120000024	N	oracle_10875	10875
0000000000000000000000004120000123	N	oracle_10876	10876
0000000000000000000000004210000024	N	oracle_10877	10877
0000000000000000000000004210000123	N	oracle_10878	10878
0000000000000000000000004230000022	P	oracle_10879	10879
0000000000000000000000004300000024	N	oracle_10880	10880
0000000000000000000000004320000022	P	oracle_10881	10881
0000000000000000000000010220000044	N	oracle_10882	10882
0000000000000000000000011220000223	N	oracle_10883	10883
0000000000000000000000011230000024	N	oracle_10884	10884
0000000000000000000000011230000123	N	oracle_10885	10885
0000000000000000000000012020000044	N	oracle_10886	10886
0000000000000000000000012120000223	N	oracle_10887	10887
0000000000000000000000012130000024	N	oracle_10888	10888
0000000000000000000000012130000123	N	oracle_10889	10889
0000000000000000000000012200000044	N	oracle_10890	10890
0000000000000000000000012200000224	N	oracle_10891	10891
0000000000000000000000012300000034	N	oracle_10892	10892
0000000000000000000000012310000024	N	oracle_10893	10893
0000000000000000000000012310000123	N	oracle_10894	10894
0000000000000000000000012330000022	P	oracle_10895	10895
0000000000000000000000012400000024	N	oracle_10896	10896
0000000000000000000000013200000034	N	oracle_10897	10897
0000000000000000000000013210000024	N	oracle_10898	10898
0000000000000000000000013210000123	N	oracle_10899	10899
0000000000000000000000013230000022	P	oracle_10900	10900
0000000000000000000000013300000024	P	oracle_10901	10901
0000000000000000000000014200000024	N	oracle_10902	10902
0000000000000000000000020020000144	N	oracle_10903	10903
0000000000000000000000020030000044	N	oracle_10904	10904
0000000000000000000000020120000044	N	oracle_10905	10905
0000000000000000000000020200000144	N	oracle_10906	10906
0000000000000000000000020210000044	N	oracle_10907	10907
0000000000000000000000020220000034	N	oracle_10908	10908
0000000000000000000000020300000044	N	oracle_10909	10909
0000000000000000000000021020000044	N	oracle_10910	10910
0000000000000000000000021200000044	N	oracle_10911	10911
0000000000000000000000021210000223	N	oracle_10912	10912
0000000000000000000000021240000022	N	oracle_10913	10913
0000000000000000000000021300000034	N	oracle_10914	10914
0000000000000000000000021330000022	N	oracle_10915	10915
0000000000000000000000022000000144	N	oracle_10916	10916
0000000000000000000000022010000044	N	oracle_10917	10917
0000000000000000000000022020000034	N	oracle_10918	10918
0000000000000000000000022100000044	N	oracle_10919	10919
0000000000000000000000022100000224	N	oracle_10920	10920
0000000000000000000000022110000223	N	oracle_10921	10921
0000000000000000000000022120000024	N	oracle_10922	10922
0000000000000000000000022140000022	N	oracle_10923	10923
0000000000000000000000022200000034	N	oracle_10924	10924
0000000000000000000000023100000034	N	oracle_10925	10925
0000000000000000000000023130000022	N	oracle_10926	10926
0000000000000000000000030020000044	N	oracle_10927	10927
0000000000000000000000030040000024	N	oracle_10928	10928
0000000000000000000000030200000044	N	oracle_10929	10929
0000000000000000000000030400000024	N	oracle_10930	10930
0000000000000000000000031200000034	N	oracle_10931	10931
0000000000000000000000031210000024	N	oracle_10932	10932
0000000000000000000000031210000123	N	oracle_10933	10933
0000000000000000000000031230000022	P	oracle_10934	10934
0000000000000000000000031300000024	N	oracle_10935	10935
0000000000000000000000032000000044	N	oracle_10936	10936
0000000000000000000000032100000034	N	oracle_10937	10937
0000000000000000000000032110000024	N	oracle_10938	10938
0000000000000000000000032110000123	N	oracle_10939	10939
0000000000000000000000032130000022	P	oracle_10940	10940
0000000000000000000000032200000024	P	oracle_10941	10941
0000000000000000000000032200000123	P	oracle_10942	10942
0000000000000000000000032310000022	P	oracle_10943	10943
0000000000000000000000033100000024	N	oracle_10944	10944
0000000000000000000000033210000022	P	oracle_10945	10945
0000000000000000000000034000000024	N	oracle_10946	10946
0000000000000000000000034200000022	P	oracle_10947	10947
0000000000000000000000040030000024	N	oracle_10948	10948
0000000000000000000000040300000024	N	oracle_10949	10949
0000000000000000000000041200000024	N	oracle_10950	10950
0000000000000000000000041220000022	N	oracle_10951	10951
0000000000000000000000042100000024	N	oracle_10952	10952
0000000000000000000000042120000022	N	oracle_10953	10953
0000000000000000000000043000000024	N	oracle_10954	10954
0000000000000000000000043200000022	P	oracle_10955	10955
0000000000000000000000100220000044	N	oracle_10956	10956
0000000000000000000000101220000034	N	oracle_10957	10957
0000000000000000000000101220000133	N	oracle_10958	10958
0000000000000000000000101220000223	N	oracle_10959	10959
0000000000000000000000101340000022	N	oracle_10960	10960
0000000000000000000000101430000022	N	oracle_10961	10961
0000000000000000000000102020000044	N	oracle_10962	10962
0000000000000000000000102030000034	P	oracle_10963	10963
0000000000000000000000102040000123	N	oracle_10964	10964
0000000000000000000000102120000034	N	oracle_10965	10965
0000000000000000000000102120000223	N	oracle_10966	10966
0000000000000000000000102200000044	N	oracle_10967	10967
0000000000000000000000102210000034	N	oracle_10968	10968
0000000000000000000000102210000223	N	oracle_10969	10969
0000000000000000000000102220000024	N	oracle_10970	10970
0000000000000000000000102220000123	N	oracle_10971	10971
0000000000000000000000102230000023	N	oracle_10972	10972
0000000000000000000000102240000022	N	oracle_10973	10973
0000000000000000000000102320000023	N	oracle_10974	10974
0000000000000000000000102330000022	N	oracle_10975	10975
0000000000000000000000102420000022	N	oracle_10976	10976
0000000000000000000000103020000034	P	oracle_10977	10977
0000000000000000000000103030000024	N	oracle_10978	10978
0000000000000000000000103140000022	N	oracle_10979	10979
0000000000000000000000103230000022	N	oracle_10980	10980
0000000000000000000000103320000022	N	oracle_10981	10981
0000000000000000000000103400000023	N	oracle_10982	10982
0000000000000000000000103410000022	N	oracle_10983	10983
0000000000000000000000104020000024	N	oracle_10984	10984
0000000000000000000000104020000123	N	oracle_10985	10985
0000000000000000000000104130000022	N	oracle_10986	10986
0000000000000000000000104220000022	N	oracle_10987	10987
0000000000000000000000104310000022	N	oracle_10988	10988
0000000000000000000000111240000022	P	oracle_10989	10989
0000000000000000000000111420000022	P	oracle_10990	10990
0000000000000000000000112020000034	N	oracle_10991	10991
0000000000000000000000112020000223	P	oracle_10992	10992
0000000000000000000000112200000223	N	oracle_10993	10993
0000000000000000000000112230000022	N	oracle_10994	10994
0000000000000000000000112320000022	N	oracle_10995	10995
0000000000000000000000113040000022	P	oracle_10996	10996
0000000000000000000000113130000022	P	oracle_10997	10997
0000000000000000000000113310000022	P	oracle_10998	10998
0000000000000000000000114120000022	P	oracle_10999	10999
0000000000000000000000114210000022	P	oracle_11000	11000
0000000000000000000000120020000044	N	oracle_11001	11001
0000000000000000000000120030000034	P	oracle_11002	11002
0000000000000000000000120040000123	N	oracle_11003	11003
0000000000000000000000120120000034	N	oracle_11004	11004
0000000000000000000000120140000023	N	oracle_11005	11005
0000000000000000000000120200000044	N	oracle_11006	11006
0000000000000000000000121140000022	P	oracle_11007	11007
0000000000000000000000121410000022	P	oracle_11008	11008
0000000000000000000000122000000044	N	oracle_11009	11009
0000000000000000000000122100000034	N	oracle_11010	11010
0000000000000000000000124110000022	P	oracle_11011	11011
0000000000000000000000130020000034	P	oracle_11012	11012
0000000000000000000000130030000024	N	oracle_11013	11013
0000000000000000000000131130000022	P	oracle_11014	11014
0000000000000000000000131220000022	N	oracle_11015	11015
0000000000000000000000140120000023	N	oracle_11016	11016
0000000000000000000000141120000022	P	oracle_11017	11017
0000000000000000000000141210000022	P	oracle_11018	11018
0000000000000000000000200020000144	N	oracle_11019	11019
0000000000000000000000200030000044	N	oracle_11020	11020
0000000000000000000000200120000044	N	oracle_11021	11021
0000000000000000000000200200000144	N	oracle_11022	11022
0000000000000000000000200210000044	N	oracle_11023	11023
0000000000000000000000200220000034	N	oracle_11024	11024
0000000000000000000000200300000044	N	oracle_11025	11025
0000000000000000000000201020000044	N	oracle_11026	11026
0000000000000000000000201030000034	N	oracle_11027	11027
0000000000000000000000201040000024	N	oracle_11028	11028
0000000000000000000000201040000123	N	oracle_11029	11029
0000000000000000000000201120000223	N	oracle_11030	11030
0000000000000000000000201200000044	N	oracle_11031	11031
0000000000000000000000201330000022	N	oracle_11032	11032
0000000000000000000000202000000144	N	oracle_11033	11033
0000000000000000000000202010000044	N	oracle_11034	11034
0000000000000000000000202010000224	N	oracle_11035	11035
0000000000000000000000202020000034	N	oracle_11036	11036
0000000000000000000000202100000044	N	oracle_11037	11037
0000000000000000000000202110000223	N	oracle_11038	11038
0000000000000000000000202120000024	N	oracle_11039	11039
0000000000000000000000202120000123	N	oracle_11040	11040
0000000000000000000000202130000023	N	oracle_11041	11041
0000000000000000000000202140000022	N	oracle_11042	11042
0000000000000000000000202200000034	N	oracle_11043	11043
0000000000000000000000202210000024	N	oracle_11044	11044
0000000000000000000000202210000123	N	oracle_11045	11045
0000000000000000000000202310000023	N	oracle_11046	11046
0000000000000000000000202410000022	N	oracle_11047	11047
0000000000000000000000203000000044	N	oracle_11048	11048
0000000000000000000000203010000034	N	oracle_11049	11049
0000000000000000000000203120000023	N	oracle_11050	11050
0000000000000000000000203210000023	N	oracle_11051	11051
0000000000000000000000204010000024	N	oracle_11052	11052
0000000000000000000000204010000123	N	oracle_11053	11053
0000000000000000000000210020000044	N	oracle_11054	11054
0000000000000000000000210030000034	P	oracle_11055	11055
0000000000000000000000210120000034	N	oracle_11056	11056
0000000000000000000000210120000223	N	oracle_11057	11057
0000000000000000000000210140000023	N	oracle_11058	11058
0000000000000000000000210200000044	N	oracle_11059	11059
0000000000000000000000211020000223	N	oracle_11060	11060
0000000000000000000000211140000022	P	oracle_11061	11061
0000000000000000000000212000000044	N	oracle_11062	11062
0000000000000000000000212040000022	N	oracle_11063	11063
0000000000000000000000212120000023	N	oracle_11064	11064
0000000000000000000000213120000022	N	oracle_11065	11065
0000000000000000000000213200000023	N	oracle_11066	11066
0000000000000000000000214110000022	P	oracle_11067	11067
0000000000000000000000220000000144	N	oracle_11068	11068
0000000000000000000000220010000044	N	oracle_11069	11069
0000000000000000000000220020000034	N	oracle_11070	11070
0000000000000000000000220100000044	N	oracle_11071	11071
0000000000000000000000220200000034	N	oracle_11072	11072
0000000000000000000000221000000044	N	oracle_11073	11073
0000000000000000000000222000000034	N	oracle_11074	11074
0000000000000000000000222010000024	N	oracle_11075	11075
0000000000000000000000222010000123	N	oracle_11076	11076
0000000000000000000000230010000034	P	oracle_11077	11077
0000000000000000000000231200000023	N	oracle_11078	11078
0000000000000000000000232010000023	N	oracle_11079	11079
0000000000000000000000232110000022	N	oracle_11080	11080
0000000000000000000000233000000122	P	oracle_11081	11081
0000000000000000000000233010000022	P	oracle_11082	11082
0000000000000000000000234000000022	P	oracle_11083	11083
0000000000000000000000240110000023	N	oracle_11084	11084
0000000000000000000000241110000022	P	oracle_11085	11085
0000000000000000000000243000000022	P	oracle_11086	11086
0000000000000000000000300020000044	N	oracle_11087	11087
0000000000000000000000300040000024	N	oracle_11088	11088
0000000000000000000000300200000044	N	oracle_11089	11089
0000000000000000000000300400000024	N	oracle_11090	11090
0000000000000000000000301020000034	N	oracle_11091	11091
0000000000000000000000301030000024	N	oracle_11092	11092
0000000000000000000000301030000123	N	oracle_11093	11093
0000000000000000000000301120000024	N	oracle_11094	11094
0000000000000000000000301120000123	N	oracle_11095	11095
0000000000000000000000302000000044	N	oracle_11096	11096
0000000000000000000000302010000034	N	oracle_11097	11097
0000000000000000000000302110000024	N	oracle_11098	11098
0000000000000000000000302110000123	N	oracle_11099	11099
0000000000000000000000303010000024	N	oracle_11100	11100
0000000000000000000000304000000024	N	oracle_11101	11101
0000000000000000000000310020000034	N	oracle_11102	11102
0000000000000000000000310030000024	N	oracle_11103	11103
0000000000000000000000320000000044	N	oracle_11104	11104
0000000000000000000000320010000034	N	oracle_11105	11105
0000000000000000000000321120000022	P	oracle_11106	11106
0000000000000000000000321210000022	P	oracle_11107	11107
0000000000000000000000322010000023	N	oracle_11108	11108
0000000000000000000000322110000022	N	oracle_11109	11109
0000000000000000000000323010000022	P	oracle_11110	11110
0000000000000000000000324000000022	P	oracle_11111	11111
0000000000000000000000330010000024	N	oracle_11112	11112
0000000000000000000000332000000122	P	oracle_11113	11113
0000000000000000000000332010000022	P	oracle_11114	11114
0000000000000000000000332100000022	P	oracle_11115	11115
0000000000000000000000340000000024	N	oracle_11116	11116
0000000000000000000000342000000022	P	oracle_11117	11117
0000000000000000000000400030000024	N	oracle_11118	11118
0000000000000000000000400300000024	N	oracle_11119	11119
0000000000000000000000401020000024	N	oracle_11120	11120
0000000000000000000000401020000123	N	oracle_11121	11121
0000000000000000000000402010000123	N	oracle_11122	11122
0000000000000000000000403000000024	N	oracle_11123	11123
0000000000000000000000410120000023	N	oracle_11124	11124
0000000000000000000000411120000022	P	oracle_11125	11125
0000000000000000000000420010000123	N	oracle_11126	11126
0000000000000000000000420110000023	N	oracle_11127	11127
0000000000000000000000421110000022	P	oracle_11128	11128
0000000000000000000000423000000022	P	oracle_11129	11129
0000000000000000000000430000000024	N	oracle_11130	11130
0000000000000000000000432000000022	P	oracle_11131	11131
0000000000000000000001000220000044	N	oracle_11132	11132
0000000000000000000001000340000023	N	oracle_11133	11133
0000000000000000000001001220000223	N	oracle_11134	11134
0000000000000000000001001240000023	N	oracle_11135	11135
0000000000000000000001001330000023	N	oracle_11136	11136
0000000000000000000001001420000023	N	oracle_11137	11137
0000000000000000000001002120000223	N	oracle_11138	11138
0000000000000000000001002140000023	N	oracle_11139	11139
0000000000000000000001002200000044	N	oracle_11140	11140
0000000000000000000001002410000023	N	oracle_11141	11141
0000000000000000000001003130000023	N	oracle_11142	11142
0000000000000000000001003310000023	N	oracle_11143	11143
0000000000000000000001003400000023	N	oracle_11144	11144
0000000000000000000001004120000023	N	oracle_11145	11145
0000000000000000000001004210000023	N	oracle_11146	11146
0000000000000000000001011230000023	N	oracle_11147	11147
0000000000000000000001011240000022	N	oracle_11148	11148
0000000000000000000001011420000022	P	oracle_11149	11149
0000000000000000000001012130000023	N	oracle_11150	11150
0000000000000000000001012140000022	N	oracle_11151	11151
0000000000000000000001012230000022	P	oracle_11152	11152
0000000000000000000001012310000023	N	oracle_11153	11153
0000000000000000000001012400000023	N	oracle_11154	11154
0000000000000000000001013210000023	N	oracle_11155	11155
0000000000000000000001013310000022	N	oracle_11156	11156
0000000000000000000001014120000022	P	oracle_11157	11157
0000000000000000000001014200000023	N	oracle_11158	11158
0000000000000000000001020020000044	N	oracle_11159	11159
0000000000000000000001020200000044	N	oracle_11160	11160
0000000000000000000001021410000022	P	oracle_11161	11161
0000000000000000000001024110000022	P	oracle_11162	11162
0000000000000000000001031200000033	P	oracle_11163	11163
0000000000000000000001031210000023	N	oracle_11164	11164
0000000000000000000001031300000023	N	oracle_11165	11165
0000000000000000000001032100000033	P	oracle_11166	11166
0000000000000000000001032110000023	N	oracle_11167	11167
0000000000000000000001032210000022	P	oracle_11168	11168
0000000000000000000001033100000023	N	oracle_11169	11169
0000000000000000000001041200000023	N	oracle_11170	11170
0000000000000000000001041210000022	N	oracle_11171	11171
0000000000000000000001042100000023	N	oracle_11172	11172
0000000000000000000001042110000022	N	oracle_11173	11173
0000000000000000000001101220000033	N	oracle_11174	11174
0000000000000000000001101240000022	N	oracle_11175	11175
0000000000000000000001101330000022	N	oracle_11176	11176
0000000000000000000001101420000022	N	oracle_11177	11177
0000000000000000000001102020000034	N	oracle_11178	11178
0000000000000000000001102020000133	N	oracle_11179	11179
0000000000000000000001102040000023	N	oracle_11180	11180
0000000000000000000001102120000033	N	oracle_11181	11181
0000000000000000000001102140000022	N	oracle_11182	11182
0000000000000000000001102210000033	N	oracle_11183	11183
0000000000000000000001102410000022	N	oracle_11184	11184
0000000000000000000001103130000022	N	oracle_11185	11185
0000000000000000000001103310000022	N	oracle_11186	11186
0000000000000000000001104020000023	N	oracle_11187	11187
0000000000000000000001104120000022	N	oracle_11188	11188
0000000000000000000001104210000022	N	oracle_11189	11189
0000000000000000000001111230000022	P	oracle_11190	11190
0000000000000000000001112130000022	P	oracle_11191	11191
0000000000000000000001112310000022	P	oracle_11192	11192
0000000000000000000001113210000022	P	oracle_11193	11193
0000000000000000000001120020000223	N	oracle_11194	11194
0000000000000000000001200020000044	N	oracle_11195	11195
0000000000000000000001200030000034	P	oracle_11196	11196
0000000000000000000001200040000123	N	oracle_11197	11197
0000000000000000000001200120000034	N	oracle_11198	11198
0000000000000000000001200120000223	N	oracle_11199	11199
0000000000000000000001200140000023	N	oracle_11200	11200
0000000000000000000001200200000044	N	oracle_11201	11201
0000000000000000000001200200000224	N	oracle_11202	11202
0000000000000000000001200200000233	N	oracle_11203	11203
0000000000000000000001200200001223	N	oracle_11204	11204
0000000000000000000001200210000034	N	oracle_11205	11205
0000000000000000000001200210000124	N	oracle_11206	11206
0000000000000000000001200210000223	N	oracle_11207	11207
0000000000000000000001200220000024	N	oracle_11208	11208
0000000000000000000001200300000034	P	oracle_11209	11209
0000000000000000000001200300000223	N	oracle_11210	11210
0000000000000000000001200310000024	N	oracle_11211	11211
0000000000000000000001200400000033	P	oracle_11212	11212
0000000000000000000001200410000023	N	oracle_11213	11213
0000000000000000000001201040000023	N	oracle_11214	11214
0000000000000000000001201200000223	N	oracle_11215	11215
0000000000000000000001201210000024	N	oracle_11216	11216
0000000000000000000001201300000033	P	oracle_11217	11217
0000000000000000000001202000000044	N	oracle_11218	11218
0000000000000000000001202000000224	N	oracle_11219	11219
0000000000000000000001202000000233	N	oracle_11220	11220
0000000000000000000001202000001223	N	oracle_11221	11221
0000000000000000000001202010000034	N	oracle_11222	11222
0000000000000000000001202010000223	N	oracle_11223	11223
0000000000000000000001202100000223	N	oracle_11224	11224
0000000000000000000001202120000023	N	oracle_11225	11225
0000000000000000000001202200000024	N	oracle_11226	11226
0000000000000000000001202200000033	N	oracle_11227	11227
0000000000000000000001202200000123	N	oracle_11228	11228
0000000000000000000001202210000023	N	oracle_11229	11229
0000000000000000000001202300000023	N	oracle_11230	11230
0000000000000000000001203000000034	P	oracle_11231	11231
0000000000000000000001203000000223	N	oracle_11232	11232
0000000000000000000001203100000033	P	oracle_11233	11233
0000000000000000000001203200000023	N	oracle_11234	11234
0000000000000000000001204000000033	P	oracle_11235	11235
0000000000000000000001204010000023	N	oracle_11236	11236
0000000000000000000001210020000223	N	oracle_11237	11237
0000000000000000000001210200000223	N	oracle_11238	11238
0000000000000000000001210210000024	N	oracle_11239	11239
0000000000000000000001210320000022	N	oracle_11240	11240
0000000000000000000001210400000023	N	oracle_11241	11241
0000000000000000000001211040000022	N	oracle_11242	11242
0000000000000000000001211130000022	P	oracle_11243	11243
0000000000000000000001212000000223	N	oracle_11244	11244
0000000000000000000001212100000033	P	oracle_11245	11245
0000000000000000000001212200000023	N	oracle_11246	11246
0000000000000000000001212210000022	P	oracle_11247	11247
0000000000000000000001213100000023	N	oracle_11248	11248
0000000000000000000001214010000022	N	oracle_11249	11249
0000000000000000000001220000000044	N	oracle_11250	11250
0000000000000000000001220010000223	N	oracle_11251	11251
0000000000000000000001220020000024	N	oracle_11252	11252
0000000000000000000001220110000033	N	oracle_11253	11253
0000000000000000000001220200000024	N	oracle_11254	11254
0000000000000000000001220200000123	N	oracle_11255	11255
0000000000000000000001220210000023	N	oracle_11256	11256
0000000000000000000001221000000034	N	oracle_11257	11257
0000000000000000000001221120000022	P	oracle_11258	11258
0000000000000000000001221210000022	P	oracle_11259	11259
0000000000000000000001230000000034	P	oracle_11260	11260
0000000000000000000001230100000033	P	oracle_11261	11261
0000000000000000000001230200000023	N	oracle_11262	11262
0000000000000000000001231110000022	P	oracle_11263	11263
0000000000000000000001233000000022	P	oracle_11264	11264
0000000000000000000001240100000023	N	oracle_11265	11265
0000000000000000000001300020000034	P	oracle_11266	11266
0000000000000000000001300030000024	N	oracle_11267	11267
0000000000000000000001300040000023	N	oracle_11268	11268
0000000000000000000001300130000023	N	oracle_11269	11269
0000000000000000000001300200000034	P	oracle_11270	11270
0000000000000000000001300200000223	N	oracle_11271	11271
0000000000000000000001300210000024	N	oracle_11272	11272
0000000000000000000001300300000024	N	oracle_11273	11273
0000000000000000000001300310000023	N	oracle_11274	11274
0000000000000000000001300400000023	N	oracle_11275	11275
0000000000000000000001301030000023	N	oracle_11276	11276
0000000000000000000001301120000023	N	oracle_11277	11277
0000000000000000000001301200000033	P	oracle_11278	11278
0000000000000000000001301210000023	N	oracle_11279	11279
0000000000000000000001301300000023	N	oracle_11280	11280
0000000000000000000001302000000034	P	oracle_11281	11281
0000000000000000000001302000000223	N	oracle_11282	11282
0000000000000000000001302100000033	P	oracle_11283	11283
0000000000000000000001302110000023	N	oracle_11284	11284
0000000000000000000001302200000023	N	oracle_11285	11285
0000000000000000000001303000000024	N	oracle_11286	11286
0000000000000000000001303010000023	N	oracle_11287	11287
0000000000000000000001303100000023	N	oracle_11288	11288
0000000000000000000001304000000023	N	oracle_11289	11289
0000000000000000000001311200000023	N	oracle_11290	11290
0000000000000000000001312100000023	N	oracle_11291	11291
0000000000000000000001320000000034	P	oracle_11292	11292
0000000000000000000001320200000023	N	oracle_11293	11293
0000000000000000000001321110000022	P	oracle_11294	11294
0000000000000000000001330000000024	N	oracle_11295	11295
0000000000000000000001330010000023	N	oracle_11296	11296
0000000000000000000001330100000023	N	oracle_11297	11297
0000000000000000000001400040000022	N	oracle_11298	11298
0000000000000000000001400120000023	N	oracle_11299	11299
0000000000000000000001400210000023	N	oracle_11300	11300
0000000000000000000001401020000023	N	oracle_11301	11301
0000000000000000000001402010000023	N	oracle_11302	11302
0000000000000000000001412010000022	P	oracle_11303	11303
0000000000000000000002000020000144	N	oracle_11304	11304
0000000000000000000002000030000044	N	oracle_11305	11305
0000000000000000000002000120000044	N	oracle_11306	11306
0000000000000000000002000200000144	N	oracle_11307	11307
0000000000000000000002000210000044	N	oracle_11308	11308
0000000000000000000002000220000034	N	oracle_11309	11309
0000000000000000000002000300000044	N	oracle_11310	11310
0000000000000000000002001020000044	N	oracle_11311	11311
0000000000000000000002001200000044	N	oracle_11312	11312
0000000000000000000002002000000144	N	oracle_11313	11313
0000000000000000000002002010000044	N	oracle_11314	11314
0000000000000000000002002020000034	N	oracle_11315	11315
0000000000000000000002002100000044	N	oracle_11316	11316
0000000000000000000002002200000034	N	oracle_11317	11317
0000000000000000000002003000000044	N	oracle_11318	11318
0000000000000000000002010020000044	N	oracle_11319	11319
0000000000000000000002010200000044	N	oracle_11320	11320
0000000000000000000002012000000044	N	oracle_11321	11321
0000000000000000000002012300000023	N	oracle_11322	11322
0000000000000000000002013200000023	N	oracle_11323	11323
0000000000000000000002020000000144	N	oracle_11324	11324
0000000000000000000002020010000044	N	oracle_11325	11325
0000000000000000000002020020000034	N	oracle_11326	11326
0000000000000000000002020100000044	N	oracle_11327	11327
0000000000000000000002020200000034	N	oracle_11328	11328
0000000000000000000002021000000044	N	oracle_11329	11329
0000000000000000000002022000000034	N	oracle_11330	11330
0000000000000000000002031200000023	N	oracle_11331	11331
0000000000000000000002032100000023	N	oracle_11332	11332
0000000000000000000002100020000044	N	oracle_11333	11333
0000000000000000000002100030000034	P	oracle_11334	11334
0000000000000000000002100120000034	N	oracle_11335	11335
0000000000000000000002100120000223	N	oracle_11336	11336
0000000000000000000002100140000023	N	oracle_11337	11337
0000000000000000000002100200000044	N	oracle_11338	11338
0000000000000000000002100200000224	N	oracle_11339	11339
0000000000000000000002100200000233	N	oracle_11340	11340
0000000000000000000002100200001223	N	oracle_11341	11341
0000000000000000000002100210000034	N	oracle_11342	11342
0000000000000000000002100210000124	N	oracle_11343	11343
0000000000000000000002100210000223	N	oracle_11344	11344
0000000000000000000002100220000024	N	oracle_11345	11345
0000000000000000000002100300000034	P	oracle_11346	11346
0000000000000000000002100300000223	N	oracle_11347	11347
0000000000000000000002100310000024	N	oracle_11348	11348
0000000000000000000002100410000023	N	oracle_11349	11349
0000000000000000000002101020000034	N	oracle_11350	11350
0000000000000000000002101040000023	N	oracle_11351	11351
0000000000000000000002101200000223	N	oracle_11352	11352
0000000000000000000002101210000024	N	oracle_11353	11353
0000000000000000000002102000000044	N	oracle_11354	11354
0000000000000000000002102000000224	N	oracle_11355	11355
0000000000000000000002102000000233	N	oracle_11356	11356
0000000000000000000002102000001223	N	oracle_11357	11357
0000000000000000000002102010000034	N	oracle_11358	11358
0000000000000000000002102010000223	N	oracle_11359	11359
0000000000000000000002102100000223	N	oracle_11360	11360
0000000000000000000002102200000024	N	oracle_11361	11361
0000000000000000000002102200000033	N	oracle_11362	11362
0000000000000000000002102200000123	N	oracle_11363	11363
0000000000000000000002102210000023	N	oracle_11364	11364
0000000000000000000002102300000023	N	oracle_11365	11365
0000000000000000000002103000000034	P	oracle_11366	11366
0000000000000000000002103000000223	N	oracle_11367	11367
0000000000000000000002103200000023	N	oracle_11368	11368
0000000000000000000002104010000023	N	oracle_11369	11369
0000000000000000000002110020000223	N	oracle_11370	11370
0000000000000000000002110040000023	N	oracle_11371	11371
0000000000000000000002110130000023	N	oracle_11372	11372
0000000000000000000002110200000223	N	oracle_11373	11373
0000000000000000000002110210000024	N	oracle_11374	11374
0000000000000000000002110310000023	N	oracle_11375	11375
0000000000000000000002110400000023	N	oracle_11376	11376
0000000000000000000002111120000023	N	oracle_11377	11377
0000000000000000000002111130000022	P	oracle_11378	11378
0000000000000000000002111210000023	N	oracle_11379	11379
0000000000000000000002112000000034	N	oracle_11380	11380
0000000000000000000002112000000223	N	oracle_11381	11381
0000000000000000000002112030000022	P	oracle_11382	11382
0000000000000000000002112120000022	P	oracle_11383	11383
0000000000000000000002112200000023	N	oracle_11384	11384
0000000000000000000002112210000022	P	oracle_11385	11385
0000000000000000000002113010000023	N	oracle_11386	11386
0000000000000000000002113020000022	P	oracle_11387	11387
0000000000000000000002113100000023	N	oracle_11388	11388
0000000000000000000002120000000044	N	oracle_11389	11389
0000000000000000000002120000000224	N	oracle_11390	11390
0000000000000000000002120000001223	N	oracle_11391	11391
0000000000000000000002120010000034	N	oracle_11392	11392
0000000000000000000002120010000124	N	oracle_11393	11393
0000000000000000000002120010000223	N	oracle_11394	11394
0000000000000000000002120020000024	N	oracle_11395	11395
0000000000000000000002120100000223	N	oracle_11396	11396
0000000000000000000002120110000024	N	oracle_11397	11397
0000000000000000000002120110000033	N	oracle_11398	11398
0000000000000000000002120200000024	N	oracle_11399	11399
0000000000000000000002120200000123	N	oracle_11400	11400
0000000000000000000002120210000023	N	oracle_11401	11401
0000000000000000000002121000000223	N	oracle_11402	11402
0000000000000000000002121010000024	N	oracle_11403	11403
0000000000000000000002121120000022	P	oracle_11404	11404
0000000000000000000002121200000023	N	oracle_11405	11405
0000000000000000000002130000000034	P	oracle_11406	11406
0000000000000000000002130000000223	N	oracle_11407	11407
0000000000000000000002130010000024	N	oracle_11408	11408
0000000000000000000002130100000033	P	oracle_11409	11409
0000000000000000000002130200000023	N	oracle_11410	11410
0000000000000000000002140010000023	N	oracle_11411	11411
0000000000000000000002140100000023	N	oracle_11412	11412
0000000000000000000002140110000022	N	oracle_11413	11413
0000000000000000000002141010000022	P	oracle_11414	11414
0000000000000000000002200010000044	N	oracle_11415	11415
0000000000000000000002200020000034	N	oracle_11416	11416
0000000000000000000002200100000044	N	oracle_11417	11417
0000000000000000000002200200000034	N	oracle_11418	11418
0000000000000000000002200200000124	N	oracle_11419	11419
0000000000000000000002200200000133	N	oracle_11420	11420
0000000000000000000002200200000223	N	oracle_11421	11421
0000000000000000000002200200001123	N	oracle_11422	11422
0000000000000000000002200210000024	N	oracle_11423	11423
0000000000000000000002200210000123	N	oracle_11424	11424
0000000000000000000002200300000123	N	oracle_11425	11425
0000000000000000000002201000000044	N	oracle_11426	11426
0000000000000000000002201200000024	N	oracle_11427	11427
0000000000000000000002201200000033	N	oracle_11428	11428
0000000000000000000002201200000123	N	oracle_11429	11429
0000000000000000000002201210000023	N	oracle_11430	11430
0000000000000000000002201300000023	N	oracle_11431	11431
0000000000000000000002202000000034	N	oracle_11432	11432
0000000000000000000002202000000124	N	oracle_11433	11433
0000000000000000000002202000000133	N	oracle_11434	11434
0000000000000000000002202000000223	N	oracle_11435	11435
0000000000000000000002202000001123	N	oracle_11436	11436
0000000000000000000002202010000123	N	oracle_11437	11437
0000000000000000000002202100000024	N	oracle_11438	11438
0000000000000000000002202100000033	N	oracle_11439	11439
0000000000000000000002202100000123	N	oracle_11440	11440
0000000000000000000002202110000023	N	oracle_11441	11441
0000000000000000000002202200000023	N	oracle_11442	11442
0000000000000000000002203000000123	N	oracle_11443	11443
0000000000000000000002203100000023	N	oracle_11444	11444
0000000000000000000002210010000223	N	oracle_11445	11445
0000000000000000000002210110000033	N	oracle_11446	11446
0000000000000000000002210200000024	N	oracle_11447	11447
0000000000000000000002210200000123	N	oracle_11448	11448
0000000000000000000002210210000023	N	oracle_11449	11449
0000000000000000000002211200000023	N	oracle_11450	11450
0000000000000000000002212000000024	N	oracle_11451	11451
0000000000000000000002212000000123	N	oracle_11452	11452
0000000000000000000002212010000023	N	oracle_11453	11453
0000000000000000000002212100000023	N	oracle_11454	11454
0000000000000000000002220000000034	N	oracle_11455	11455
0000000000000000000002220010000024	N	oracle_11456	11456
0000000000000000000002230010000023	N	oracle_11457	11457
0000000000000000000002300010000034	N	oracle_11458	11458
0000000000000000000002300100000034	N	oracle_11459	11459
0000000000000000000002300200000123	N	oracle_11460	11460
0000000000000000000002301000000034	N	oracle_11461	11461
0000000000000000000002301200000023	N	oracle_11462	11462
0000000000000000000002302000000123	N	oracle_11463	11463
0000000000000000000002302100000023	N	oracle_11464	11464
0000000000000000000002310200000023	N	oracle_11465	11465
0000000000000000000002312000000023	N	oracle_11466	11466
0000000000000000000002320010000023	N	oracle_11467	11467
0000000000000000000002320100000023	N	oracle_11468	11468
0000000000000000000002340000000022	P	oracle_11469	11469
0000000000000000000002400110000023	N	oracle_11470	11470
0000000000000000000002401010000023	N	oracle_11471	11471
0000000000000000000002410010000023	N	oracle_11472	11472
0000000000000000000002410100000023	N	oracle_11473	11473
0000000000000000000002411010000022	P	oracle_11474	11474
0000000000000000000002430000000022	P	oracle_11475	11475
0000000000000000000003000020000044	N	oracle_11476	11476
0000000000000000000003000040000024	N	oracle_11477	11477
0000000000000000000003000400000024	N	oracle_11478	11478
0000000000000000000003002000000044	N	oracle_11479	11479
0000000000000000000003004000000024	N	oracle_11480	11480
0000000000000000000003012120000022	N	oracle_11481	11481
0000000000000000000003022110000022	N	oracle_11482	11482
0000000000000000000003040000000024	N	oracle_11483	11483
0000000000000000000003100020000034	P	oracle_11484	11484
0000000000000000000003100030000024	N	oracle_11485	11485
0000000000000000000003100200000034	P	oracle_11486	11486
0000000000000000000003100200000223	N	oracle_11487	11487
0000000000000000000003100210000024	N	oracle_11488	11488
0000000000000000000003100300000024	N	oracle_11489	11489
0000000000000000000003100400000023	N	oracle_11490	11490
0000000000000000000003102000000034	P	oracle_11491	11491
0000000000000000000003102000000223	N	oracle_11492	11492
0000000000000000000003102200000023	N	oracle_11493	11493
0000000000000000000003103000000024	N	oracle_11494	11494
0000000000000000000003103100000023	N	oracle_11495	11495
0000000000000000000003111120000022	P	oracle_11496	11496
0000000000000000000003111210000022	P	oracle_11497	11497
0000000000000000000003112020000022	P	oracle_11498	11498
0000000000000000000003113010000022	P	oracle_11499	11499
0000000000000000000003120010000024	N	oracle_11500	11500
0000000000000000000003120200000023	N	oracle_11501	11501
0000000000000000000003121000000024	N	oracle_11502	11502
0000000000000000000003121000000123	N	oracle_11503	11503
0000000000000000000003121010000023	N	oracle_11504	11504
0000000000000000000003121110000022	P	oracle_11505	11505
0000000000000000000003130000000024	N	oracle_11506	11506
0000000000000000000003130100000023	N	oracle_11507	11507
0000000000000000000003200010000034	N	oracle_11508	11508
0000000000000000000003200100000034	N	oracle_11509	11509
0000000000000000000003200120000023	N	oracle_11510	11510
0000000000000000000003200200000123	N	oracle_11511	11511
0000000000000000000003200210000023	N	oracle_11512	11512
0000000000000000000003201000000034	N	oracle_11513	11513
0000000000000000000003201200000023	N	oracle_11514	11514
0000000000000000000003202000000123	N	oracle_11515	11515
0000000000000000000003202100000023	N	oracle_11516	11516
0000000000000000000003210200000023	N	oracle_11517	11517
0000000000000000000003211110000022	P	oracle_11518	11518
0000000000000000000003221010000022	P	oracle_11519	11519
0000000000000000000003300010000024	N	oracle_11520	11520
0000000000000000000003300010000123	N	oracle_11521	11521
0000000000000000000003300100000024	N	oracle_11522	11522
0000000000000000000003301000000024	N	oracle_11523	11523
0000000000000000000003321000000022	P	oracle_11524	11524
0000000000000000000003400100000023	N	oracle_11525	11525
0000000000000000000004000030000024	N	oracle_11526	11526
0000000000000000000004000300000024	N	oracle_11527	11527
0000000000000000000004003000000024	N	oracle_11528	11528
0000000000000000000004100040000022	N	oracle_11529	11529
0000000000000000000004100120000023	N	oracle_11530	11530
0000000000000000000004100210000023	N	oracle_11531	11531
0000000000000000000004101020000023	N	oracle_11532	11532
0000000000000000000004102010000023	N	oracle_11533	11533
0000000000000000000004200010000123	N	oracle_11534	11534
0000000000000000000004200100000033	P	oracle_11535	11535
0000000000000000000004200110000023	N	oracle_11536	11536
0000000000000000000004201000000033	P	oracle_11537	11537
0000000000000000000004201010000023	N	oracle_11538	11538
0000000000000000000004210100000023	N	oracle_11539	11539
0000000000000000000004211010000022	N	oracle_11540	11540
0000000000000000000004300010000023	N	oracle_11541	11541
0000000000000000000004300100000023	N	oracle_11542	11542
0000000000000000000004301000000023	N	oracle_11543	11543
0000000000000000000004400010000022	N	oracle_11544	11544
0000000000000000000010000220000044	N	oracle_11545	11545
0000000000000000000010000230000034	N	oracle_11546	11546
0000000000000000000010000240000024	N	oracle_11547	11547
0000000000000000000010000320000034	N	oracle_11548	11548
0000000000000000000010000330000024	N	oracle_11549	11549
0000000000000000000010000420000024	N	oracle_11550	11550
0000000000000000000010000440000022	N	oracle_11551	11551
0000000000000000000010001220000034	N	oracle_11552	11552
0000000000000000000010001220000133	N	oracle_11553	11553
0000000000000000000010002020000044	N	oracle_11554	11554
0000000000000000000010002120000034	N	oracle_11555	11555
0000000000000000000010002120000133	N	oracle_11556	11556
0000000000000000000010002120000223	N	oracle_11557	11557
0000000000000000000010002200000044	N	oracle_11558	11558
0000000000000000000010002210000034	N	oracle_11559	11559
0000000000000000000010002210000133	N	oracle_11560	11560
0000000000000000000010002230000023	P	oracle_11561	11561
0000000000000000000010002320000023	P	oracle_11562	11562
0000000000000000000010003220000023	P	oracle_11563	11563
0000000000000000000010010220000034	N	oracle_11564	11564
0000000000000000000010010420000023	N	oracle_11565	11565
0000000000000000000010011420000022	P	oracle_11566	11566
0000000000000000000010012140000022	N	oracle_11567	11567
0000000000000000000010012220000023	P	oracle_11568	11568
0000000000000000000010014120000022	P	oracle_11569	11569
0000000000000000000010020020000044	N	oracle_11570	11570
0000000000000000000010020200000044	N	oracle_11571	11571
0000000000000000000010021410000022	P	oracle_11572	11572
0000000000000000000010022000000044	N	oracle_11573	11573
0000000000000000000010022130000022	N	oracle_11574	11574
0000000000000000000010022210000023	P	oracle_11575	11575
0000000000000000000010022300000023	P	oracle_11576	11576
0000000000000000000010023000000034	N	oracle_11577	11577
0000000000000000000010023020000023	N	oracle_11578	11578
0000000000000000000010023200000023	P	oracle_11579	11579
0000000000000000000010024010000023	N	oracle_11580	11580
0000000000000000000010024110000022	P	oracle_11581	11581
0000000000000000000010032000000034	N	oracle_11582	11582
0000000000000000000010032020000023	N	oracle_11583	11583
0000000000000000000010032200000023	P	oracle_11584	11584
0000000000000000000010033000000024	N	oracle_11585	11585
0000000000000000000010033200000022	P	oracle_11586	11586
0000000000000000000010042000000033	P	oracle_11587	11587
0000000000000000000010042110000022	N	oracle_11588	11588
0000000000000000000010043000000023	N	oracle_11589	11589
0000000000000000000010100220000034	P	oracle_11590	11590
0000000000000000000010100220000223	P	oracle_11591	11591
0000000000000000000010100240000023	N	oracle_11592	11592
0000000000000000000010100420000023	N	oracle_11593	11593
0000000000000000000010101220000033	N	oracle_11594	11594
0000000000000000000010101230000023	N	oracle_11595	11595
0000000000000000000010101240000022	N	oracle_11596	11596
0000000000000000000010101320000023	N	oracle_11597	11597
0000000000000000000010101330000022	N	oracle_11598	11598
0000000000000000000010101420000022	N	oracle_11599	11599
0000000000000000000010102040000023	N	oracle_11600	11600
0000000000000000000010102120000033	N	oracle_11601	11601
0000000000000000000010102130000023	N	oracle_11602	11602
0000000000000000000010102140000022	N	oracle_11603	11603
0000000000000000000010102210000033	N	oracle_11604	11604
0000000000000000000010102310000023	N	oracle_11605	11605
0000000000000000000010102410000022	N	oracle_11606	11606
0000000000000000000010103120000023	N	oracle_11607	11607
0000000000000000000010103130000022	N	oracle_11608	11608
0000000000000000000010103210000023	N	oracle_11609	11609
0000000000000000000010103310000022	N	oracle_11610	11610
0000000000000000000010104020000023	N	oracle_11611	11611
0000000000000000000010104120000022	N	oracle_11612	11612
0000000000000000000010104210000022	N	oracle_11613	11613
0000000000000000000010110220000033	N	oracle_11614	11614
0000000000000000000010111220000023	N	oracle_11615	11615
0000000000000000000010113020000023	N	oracle_11616	11616
0000000000000000000010113210000022	N	oracle_11617	11617
0000000000000000000010120020000223	P	oracle_11618	11618
0000000000000000000010120120000033	N	oracle_11619	11619
0000000000000000000010121120000023	N	oracle_11620	11620
0000000000000000000010121130000022	N	oracle_11621	11621
0000000000000000000010121300000023	N	oracle_11622	11622
0000000000000000000010122010000033	N	oracle_11623	11623
0000000000000000000010124000000023	N	oracle_11624	11624
0000000000000000000010131020000023	N	oracle_11625	11625
0000000000000000000010133010000022	N	oracle_11626	11626
0000000000000000000010140020000023	N	oracle_11627	11627
0000000000000000000010200020000044	N	oracle_11628	11628
0000000000000000000010200200000044	N	oracle_11629	11629
0000000000000000000010201020000223	P	oracle_11630	11630
0000000000000000000010201040000023	N	oracle_11631	11631
0000000000000000000010201130000023	N	oracle_11632	11632
0000000000000000000010202000000044	N	oracle_11633	11633
0000000000000000000010202120000023	N	oracle_11634	11634
0000000000000000000010202210000023	N	oracle_11635	11635
0000000000000000000010203110000023	N	oracle_11636	11636
0000000000000000000010204010000023	N	oracle_11637	11637
0000000000000000000010210020000223	N	oracle_11638	11638
0000000000000000000010210120000033	N	oracle_11639	11639
0000000000000000000010211120000023	N	oracle_11640	11640
0000000000000000000010212010000033	N	oracle_11641	11641
0000000000000000000010214010000022	N	oracle_11642	11642
0000000000000000000010220010000223	N	oracle_11643	11643
0000000000000000000010220110000033	N	oracle_11644	11644
0000000000000000000010221010000033	N	oracle_11645	11645
0000000000000000000010221110000023	N	oracle_11646	11646
0000000000000000000010221200000023	P	oracle_11647	11647
0000000000000000000010222010000023	N	oracle_11648	11648
0000000000000000000010223000000023	P	oracle_11649	11649
0000000000000000000010241010000022	N	oracle_11650	11650
0000000000000000000010311020000023	N	oracle_11651	11651
0000000000000000000010401020000023	N	oracle_11652	11652
0000000000000000000010402010000023	N	oracle_11653	11653
0000000000000000000010410020000023	N	oracle_11654	11654
0000000000000000000010421000000023	N	oracle_11655	11655
0000000000000000000011000220000034	N	oracle_11656	11656
0000000000000000000011000240000023	N	oracle_11657	11657
0000000000000000000011000420000023	N	oracle_11658	11658
0000000000000000000011001220000033	P	oracle_11659	11659
0000000000000000000011002120000033	P	oracle_11660	11660
0000000000000000000011002210000033	P	oracle_11661	11661
0000000000000000000011112030000022	P	oracle_11662	11662
0000000000000000000011112120000022	P	oracle_11663	11663
0000000000000000000011121030000022	P	oracle_11664	11664
0000000000000000000011122110000022	P	oracle_11665	11665
0000000000000000000011200020000223	N	oracle_11666	11666
0000000000000000000011200040000023	N	oracle_11667	11667
0000000000000000000011200130000023	N	oracle_11668	11668
0000000000000000000011200200000223	N	oracle_11669	11669
0000000000000000000011200210000024	N	oracle_11670	11670
0000000000000000000011200300000024	N	oracle_11671	11671
0000000000000000000011200300000123	N	oracle_11672	11672
0000000000000000000011200310000023	N	oracle_11673	11673
0000000000000000000011200400000023	N	oracle_11674	11674
0000000000000000000011201120000023	N	oracle_11675	11675
0000000000000000000011201210000023	N	oracle_11676	11676
0000000000000000000011202000000223	N	oracle_11677	11677
0000000000000000000011202030000022	P	oracle_11678	11678
0000000000000000000011202100000033	P	oracle_11679	11679
0000000000000000000011202200000023	N	oracle_11680	11680
0000000000000000000011203000000024	N	oracle_11681	11681
0000000000000000000011203000000123	N	oracle_11682	11682
0000000000000000000011203010000023	N	oracle_11683	11683
0000000000000000000011203020000022	P	oracle_11684	11684
0000000000000000000011203100000023	N	oracle_11685	11685
0000000000000000000011212020000022	P	oracle_11686	11686
0000000000000000000011220100000033	P	oracle_11687	11687
0000000000000000000011220200000023	N	oracle_11688	11688
0000000000000000000011230010000023	N	oracle_11689	11689
0000000000000000000011230100000023	N	oracle_11690	11690
0000000000000000000011301030000022	P	oracle_11691	11691
0000000000000000000011301120000022	P	oracle_11692	11692
0000000000000000000011301210000022	P	oracle_11693	11693
0000000000000000000011302110000022	P	oracle_11694	11694
0000000000000000000011303010000022	P	oracle_11695	11695
0000000000000000000012000020000044	N	oracle_11696	11696
0000000000000000000012000030000034	N	oracle_11697	11697
0000000000000000000012000120000034	N	oracle_11698	11698
0000000000000000000012000140000023	N	oracle_11699	11699
0000000000000000000012000200000044	N	oracle_11700	11700
0000000000000000000012001020000034	N	oracle_11701	11701
0000000000000000000012001040000023	N	oracle_11702	11702
0000000000000000000012002000000044	N	oracle_11703	11703
0000000000000000000012002300000023	N	oracle_11704	11704
0000000000000000000012003000000034	N	oracle_11705	11705
0000000000000000000012003200000023	N	oracle_11706	11706
0000000000000000000012004010000023	N	oracle_11707	11707
0000000000000000000012012200000023	N	oracle_11708	11708
0000000000000000000012013000000033	P	oracle_11709	11709
0000000000000000000012021200000023	N	oracle_11710	11710
0000000000000000000012022100000023	N	oracle_11711	11711
0000000000000000000012023000000023	N	oracle_11712	11712
0000000000000000000012100020000223	N	oracle_11713	11713
0000000000000000000012100040000023	N	oracle_11714	11714
0000000000000000000012100130000023	N	oracle_11715	11715
0000000000000000000012100200000223	N	oracle_11716	11716
0000000000000000000012100210000024	N	oracle_11717	11717
0000000000000000000012100310000023	N	oracle_11718	11718
0000000000000000000012100400000023	N	oracle_11719	11719
0000000000000000000012101030000023	N	oracle_11720	11720
0000000000000000000012101120000023	N	oracle_11721	11721
0000000000000000000012101200000033	P	oracle_11722	11722
0000000000000000000012101210000023	N	oracle_11723	11723
0000000000000000000012101300000023	N	oracle_11724	11724
0000000000000000000012102000000223	N	oracle_11725	11725
0000000000000000000012102100000033	P	oracle_11726	11726
0000000000000000000012102110000023	N	oracle_11727	11727
0000000000000000000012102200000023	N	oracle_11728	11728
0000000000000000000012103010000023	N	oracle_11729	11729
0000000000000000000012103100000023	N	oracle_11730	11730
0000000000000000000012104000000023	N	oracle_11731	11731
0000000000000000000012110130000022	N	oracle_11732	11732
0000000000000000000012111030000022	P	oracle_11733	11733
0000000000000000000012111120000022	P	oracle_11734	11734
0000000000000000000012111200000023	N	oracle_11735	11735
0000000000000000000012112100000023	N	oracle_11736	11736
0000000000000000000012112110000022	P	oracle_11737	11737
0000000000000000000012120010000024	N	oracle_11738	11738
0000000000000000000012120100000033	P	oracle_11739	11739
0000000000000000000012120200000023	N	oracle_11740	11740
0000000000000000000012121110000022	P	oracle_11741	11741
0000000000000000000012130010000023	N	oracle_11742	11742
0000000000000000000012130100000023	N	oracle_11743	11743
0000000000000000000012131000000023	N	oracle_11744	11744
0000000000000000000012200010000223	P	oracle_11745	11745
0000000000000000000012200110000033	P	oracle_11746	11746
0000000000000000000012200200000123	N	oracle_11747	11747
0000000000000000000012201010000033	P	oracle_11748	11748
0000000000000000000012201200000023	N	oracle_11749	11749
0000000000000000000012202000000123	N	oracle_11750	11750
0000000000000000000012202100000023	N	oracle_11751	11751
0000000000000000000012220010000023	P	oracle_11752	11752
0000000000000000000012230010000022	P	oracle_11753	11753
0000000000000000000012300030000022	P	oracle_11754	11754
0000000000000000000012300200000023	N	oracle_11755	11755
0000000000000000000012302000000023	N	oracle_11756	11756
0000000000000000000012303000000022	P	oracle_11757	11757
0000000000000000000012310010000023	N	oracle_11758	11758
0000000000000000000012310100000023	N	oracle_11759	11759
0000000000000000000012400010000023	N	oracle_11760	11760
0000000000000000000012400100000023	N	oracle_11761	11761
0000000000000000000013000020000034	N	oracle_11762	11762
0000000000000000000013000030000024	N	oracle_11763	11763
0000000000000000000013002000000034	N	oracle_11764	11764
0000000000000000000013003000000024	N	oracle_11765	11765
0000000000000000000013012000000033	P	oracle_11766	11766
0000000000000000000013013000000023	N	oracle_11767	11767
0000000000000000000013200110000023	N	oracle_11768	11768
0000000000000000000013200200000023	P	oracle_11769	11769
0000000000000000000013201010000023	N	oracle_11770	11770
0000000000000000000013202000000023	P	oracle_11771	11771
0000000000000000000013210010000023	N	oracle_11772	11772
0000000000000000000013210100000023	N	oracle_11773	11773
0000000000000000000013302000000022	P	oracle_11774	11774
0000000000000000000014000040000022	N	oracle_11775	11775
0000000000000000000014000120000023	N	oracle_11776	11776
0000000000000000000014001020000023	N	oracle_11777	11777
0000000000000000000014002010000023	N	oracle_11778	11778
0000000000000000000014010020000023	N	oracle_11779	11779
0000000000000000000014200010000023	N	oracle_11780	11780
0000000000000000000014200100000023	N	oracle_11781	11781
0000000000000000000020000020000144	N	oracle_11782	11782
0000000000000000000020000030000044	N	oracle_11783	11783
0000000000000000000020000120000044	N	oracle_11784	11784
0000000000000000000020000130000034	P	oracle_11785	11785
0000000000000000000020000140000024	N	oracle_11786	11786
0000000000000000000020000200000144	N	oracle_11787	11787
0000000000000000000020000210000044	N	oracle_11788	11788
0000000000000000000020000210000224	N	oracle_11789	11789
0000000000000000000020000210000233	N	oracle_11790	11790
0000000000000000000020000210001223	N	oracle_11791	11791
0000000000000000000020000220000034	N	oracle_11792	11792
0000000000000000000020000220000223	N	oracle_11793	11793
0000000000000000000020000230000024	N	oracle_11794	11794
0000000000000000000020000300000044	N	oracle_11795	11795
0000000000000000000020000310000034	P	oracle_11796	11796
0000000000000000000020000310000223	N	oracle_11797	11797
0000000000000000000020000410000024	N	oracle_11798	11798
0000000000000000000020001020000044	N	oracle_11799	11799
0000000000000000000020001120000223	N	oracle_11800	11800
0000000000000000000020001200000044	N	oracle_11801	11801
0000000000000000000020001210000223	N	oracle_11802	11802
0000000000000000000020002000000144	N	oracle_11803	11803
0000000000000000000020002010000044	N	oracle_11804	11804
0000000000000000000020002020000034	N	oracle_11805	11805
0000000000000000000020002100000044	N	oracle_11806	11806
0000000000000000000020002200000034	N	oracle_11807	11807
0000000000000000000020003000000044	N	oracle_11808	11808
0000000000000000000020010020000044	N	oracle_11809	11809
0000000000000000000020010120000034	N	oracle_11810	11810
0000000000000000000020010140000023	N	oracle_11811	11811
0000000000000000000020010200000044	N	oracle_11812	11812
0000000000000000000020010210000223	N	oracle_11813	11813
0000000000000000000020010220000024	N	oracle_11814	11814
0000000000000000000020010220000033	N	oracle_11815	11815
0000000000000000000020010220000123	N	oracle_11816	11816
0000000000000000000020010230000023	N	oracle_11817	11817
0000000000000000000020010320000023	N	oracle_11818	11818
0000000000000000000020010410000023	N	oracle_11819	11819
0000000000000000000020011140000022	N	oracle_11820	11820
0000000000000000000020011220000023	N	oracle_11821	11821
0000000000000000000020012000000044	N	oracle_11822	11822
0000000000000000000020012020000024	N	oracle_11823	11823
0000000000000000000020012020000033	N	oracle_11824	11824
0000000000000000000020012020000123	N	oracle_11825	11825
0000000000000000000020012030000023	N	oracle_11826	11826
0000000000000000000020012100000223	N	oracle_11827	11827
0000000000000000000020012120000023	N	oracle_11828	11828
0000000000000000000020012200000024	N	oracle_11829	11829
0000000000000000000020012200000123	N	oracle_11830	11830
0000000000000000000020012300000023	N	oracle_11831	11831
0000000000000000000020013000000034	P	oracle_11832	11832
0000000000000000000020013020000023	N	oracle_11833	11833
0000000000000000000020013200000023	N	oracle_11834	11834
0000000000000000000020014010000023	N	oracle_11835	11835
0000000000000000000020020010000044	N	oracle_11836	11836
0000000000000000000020020020000034	N	oracle_11837	11837
0000000000000000000020020100000044	N	oracle_11838	11838
0000000000000000000020020200000034	N	oracle_11839	11839
0000000000000000000020020210000024	N	oracle_11840	11840
0000000000000000000020020210000033	N	oracle_11841	11841
0000000000000000000020020210000123	N	oracle_11842	11842
0000000000000000000020020220000023	N	oracle_11843	11843
0000000000000000000020020310000023	N	oracle_11844	11844
0000000000000000000020021100000223	P	oracle_11845	11845
0000000000000000000020021210000023	N	oracle_11846	11846
0000000000000000000020021300000023	N	oracle_11847	11847
0000000000000000000020022000000034	N	oracle_11848	11848
0000000000000000000020022000000124	N	oracle_11849	11849
0000000000000000000020022000000133	N	oracle_11850	11850
0000000000000000000020022000000223	N	oracle_11851	11851
0000000000000000000020022000001123	N	oracle_11852	11852
0000000000000000000020022010000024	N	oracle_11853	11853
0000000000000000000020022010000033	N	oracle_11854	11854
0000000000000000000020022010000123	N	oracle_11855	11855
0000000000000000000020022020000023	N	oracle_11856	11856
0000000000000000000020022100000024	N	oracle_11857	11857
0000000000000000000020022100000123	N	oracle_11858	11858
0000000000000000000020022110000023	N	oracle_11859	11859
0000000000000000000020023000000024	N	oracle_11860	11860
0000000000000000000020023000000123	N	oracle_11861	11861
0000000000000000000020023010000023	N	oracle_11862	11862
0000000000000000000020023100000023	N	oracle_11863	11863
0000000000000000000020030210000023	N	oracle_11864	11864
0000000000000000000020031020000023	N	oracle_11865	11865
0000000000000000000020031200000023	N	oracle_11866	11866
0000000000000000000020032000000123	N	oracle_11867	11867
0000000000000000000020032010000023	N	oracle_11868	11868
0000000000000000000020032100000023	N	oracle_11869	11869
0000000000000000000020041010000023	N	oracle_11870	11870
0000000000000000000020041110000022	N	oracle_11871	11871
0000000000000000000020100020000044	N	oracle_11872	11872
0000000000000000000020100120000223	N	oracle_11873	11873
0000000000000000000020100140000023	N	oracle_11874	11874
0000000000000000000020100200000044	N	oracle_11875	11875
0000000000000000000020100210000223	N	oracle_11876	11876
0000000000000000000020100410000023	N	oracle_11877	11877
0000000000000000000020101130000023	N	oracle_11878	11878
0000000000000000000020101310000023	N	oracle_11879	11879
0000000000000000000020102000000044	N	oracle_11880	11880
0000000000000000000020110120000033	N	oracle_11881	11881
0000000000000000000020110210000033	N	oracle_11882	11882
0000000000000000000020110220000023	N	oracle_11883	11883
0000000000000000000020111120000023	N	oracle_11884	11884
0000000000000000000020111210000023	N	oracle_11885	11885
0000000000000000000020112000000034	N	oracle_11886	11886
0000000000000000000020112020000023	N	oracle_11887	11887
0000000000000000000020112200000023	N	oracle_11888	11888
0000000000000000000020113010000023	N	oracle_11889	11889
0000000000000000000020120010000223	N	oracle_11890	11890
0000000000000000000020120100000223	N	oracle_11891	11891
0000000000000000000020120110000033	N	oracle_11892	11892
0000000000000000000020120210000023	N	oracle_11893	11893
0000000000000000000020121110000023	N	oracle_11894	11894
0000000000000000000020121200000023	P	oracle_11895	11895
0000000000000000000020122000000123	N	oracle_11896	11896
0000000000000000000020122010000023	N	oracle_11897	11897
0000000000000000000020123000000023	N	oracle_11898	11898
0000000000000000000020131010000023	N	oracle_11899	11899
0000000000000000000020132000000023	N	oracle_11900	11900
0000000000000000000020140010000023	N	oracle_11901	11901
0000000000000000000020200010000044	N	oracle_11902	11902
0000000000000000000020200020000034	N	oracle_11903	11903
0000000000000000000020200100000044	N	oracle_11904	11904
0000000000000000000020200200000034	N	oracle_11905	11905
0000000000000000000020202000000034	N	oracle_11906	11906
0000000000000000000020210010000223	N	oracle_11907	11907
0000000000000000000020210020000024	N	oracle_11908	11908
0000000000000000000020210020000033	N	oracle_11909	11909
0000000000000000000020210020000123	N	oracle_11910	11910
0000000000000000000020210030000023	N	oracle_11911	11911
0000000000000000000020210100000223	N	oracle_11912	11912
0000000000000000000020210110000033	N	oracle_11913	11913
0000000000000000000020210120000023	N	oracle_11914	11914
0000000000000000000020210200000024	N	oracle_11915	11915
0000000000000000000020210200000033	N	oracle_11916	11916
0000000000000000000020210200000123	N	oracle_11917	11917
0000000000000000000020210210000023	N	oracle_11918	11918
0000000000000000000020210300000023	N	oracle_11919	11919
0000000000000000000020211020000023	N	oracle_11920	11920
0000000000000000000020211110000023	N	oracle_11921	11921
0000000000000000000020211200000023	N	oracle_11922	11922
0000000000000000000020213000000023	P	oracle_11923	11923
0000000000000000000020220010000024	N	oracle_11924	11924
0000000000000000000020220010000033	N	oracle_11925	11925
0000000000000000000020220010000123	N	oracle_11926	11926
0000000000000000000020220020000023	N	oracle_11927	11927
0000000000000000000020220100000123	N	oracle_11928	11928
0000000000000000000020220110000023	N	oracle_11929	11929
0000000000000000000020220200000023	N	oracle_11930	11930
0000000000000000000020221010000023	N	oracle_11931	11931
0000000000000000000020221100000023	P	oracle_11932	11932
0000000000000000000020230010000023	N	oracle_11933	11933
0000000000000000000020310020000023	N	oracle_11934	11934
0000000000000000000020310200000023	N	oracle_11935	11935
0000000000000000000020311010000023	N	oracle_11936	11936
0000000000000000000020312000000023	N	oracle_11937	11937
0000000000000000000020320010000023	N	oracle_11938	11938
0000000000000000000020410010000023	N	oracle_11939	11939
0000000000000000000021000020000044	N	oracle_11940	11940
0000000000000000000021000030000034	P	oracle_11941	11941
0000000000000000000021000120000034	N	oracle_11942	11942
0000000000000000000021000140000023	N	oracle_11943	11943
0000000000000000000021000200000044	N	oracle_11944	11944
0000000000000000000021000210000223	N	oracle_11945	11945
0000000000000000000021000220000024	N	oracle_11946	11946
0000000000000000000021000220000033	N	oracle_11947	11947
0000000000000000000021000220000123	N	oracle_11948	11948
0000000000000000000021000230000023	N	oracle_11949	11949
0000000000000000000021000320000023	N	oracle_11950	11950
0000000000000000000021000410000023	N	oracle_11951	11951
0000000000000000000021001020000034	N	oracle_11952	11952
0000000000000000000021001040000023	N	oracle_11953	11953
0000000000000000000021001220000023	N	oracle_11954	11954
0000000000000000000021002020000024	N	oracle_11955	11955
0000000000000000000021002020000033	N	oracle_11956	11956
0000000000000000000021002020000123	N	oracle_11957	11957
0000000000000000000021002030000023	N	oracle_11958	11958
0000000000000000000021002120000023	N	oracle_11959	11959
0000000000000000000021002300000023	N	oracle_11960	11960
0000000000000000000021003000000034	P	oracle_11961	11961
0000000000000000000021003020000023	N	oracle_11962	11962
0000000000000000000021003100000033	P	oracle_11963	11963
0000000000000000000021003200000023	N	oracle_11964	11964
0000000000000000000021004000000033	P	oracle_11965	11965
0000000000000000000021004010000023	N	oracle_11966	11966
0000000000000000000021010220000023	N	oracle_11967	11967
0000000000000000000021012020000023	N	oracle_11968	11968
0000000000000000000021012100000033	P	oracle_11969	11969
0000000000000000000021012200000023	N	oracle_11970	11970
0000000000000000000021013000000024	N	oracle_11971	11971
0000000000000000000021013000000123	N	oracle_11972	11972
0000000000000000000021013010000023	N	oracle_11973	11973
0000000000000000000021013100000023	N	oracle_11974	11974
0000000000000000000021014000000023	N	oracle_11975	11975
0000000000000000000021020210000023	N	oracle_11976	11976
0000000000000000000021021200000023	N	oracle_11977	11977
0000000000000000000021022000000123	N	oracle_11978	11978
0000000000000000000021022010000023	N	oracle_11979	11979
0000000000000000000021022100000023	N	oracle_11980	11980
0000000000000000000021023000000023	N	oracle_11981	11981
0000000000000000000021100020000223	N	oracle_11982	11982
0000000000000000000021100220000023	N	oracle_11983	11983
0000000000000000000021102020000023	N	oracle_11984	11984
0000000000000000000021111030000022	P	oracle_11985	11985
0000000000000000000021112110000022	P	oracle_11986	11986
0000000000000000000021120200000023	N	oracle_11987	11987
0000000000000000000021201200000023	N	oracle_11988	11988
0000000000000000000021202100000023	N	oracle_11989	11989
0000000000000000000021210020000023	N	oracle_11990	11990
0000000000000000000021210100000033	P	oracle_11991	11991
0000000000000000000021210200000023	N	oracle_11992	11992
0000000000000000000021212000000023	P	oracle_11993	11993
0000000000000000000021220010000023	N	oracle_11994	11994
0000000000000000000021220100000023	N	oracle_11995	11995
0000000000000000000021300200000023	N	oracle_11996	11996
0000000000000000000021303000000022	P	oracle_11997	11997
0000000000000000000022000010000044	N	oracle_11998	11998
0000000000000000000022000020000034	N	oracle_11999	11999
0000000000000000000022000100000044	N	oracle_12000	12000
0000000000000000000022000200000034	N	oracle_12001	12001
0000000000000000000022000210000024	N	oracle_12002	12002
0000000000000000000022000210000033	N	oracle_12003	12003
0000000000000000000022000210000123	N	oracle_12004	12004
0000000000000000000022000220000023	N	oracle_12005	12005
0000000000000000000022000310000023	N	oracle_12006	12006
0000000000000000000022001210000023	N	oracle_12007	12007
0000000000000000000022002010000123	N	oracle_12008	12008
0000000000000000000022002020000023	N	oracle_12009	12009
0000000000000000000022002100000024	N	oracle_12010	12010
0000000000000000000022002100000033	N	oracle_12011	12011
0000000000000000000022002100000123	N	oracle_12012	12012
0000000000000000000022002110000023	N	oracle_12013	12013
0000000000000000000022002200000023	N	oracle_12014	12014
0000000000000000000022003000000123	N	oracle_12015	12015
0000000000000000000022003100000023	N	oracle_12016	12016
0000000000000000000022010210000023	N	oracle_12017	12017
0000000000000000000022012100000023	N	oracle_12018	12018
0000000000000000000022013000000023	N	oracle_12019	12019
0000000000000000000022021100000023	N	oracle_12020	12020
0000000000000000000022100110000033	P	oracle_12021	12021
0000000000000000000022100200000024	N	oracle_12022	12022
0000000000000000000022100200000123	N	oracle_12023	12023
0000000000000000000022100210000023	N	oracle_12024	12024
0000000000000000000022101010000033	P	oracle_12025	12025
0000000000000000000022101200000023	N	oracle_12026	12026
0000000000000000000022102100000023	N	oracle_12027	12027
0000000000000000000022110200000023	N	oracle_12028	12028
0000000000000000000022111110000022	P	oracle_12029	12029
0000000000000000000022210010000023	P	oracle_12030	12030
0000000000000000000023000010000034	N	oracle_12031	12031
0000000000000000000023000210000023	N	oracle_12032	12032
0000000000000000000023001120000022	P	oracle_12033	12033
0000000000000000000023002100000023	N	oracle_12034	12034
0000000000000000000023100200000023	N	oracle_12035	12035
0000000000000000000023101110000022	P	oracle_12036	12036
0000000000000000000023300010000022	P	oracle_12037	12037
0000000000000000000024000110000023	N	oracle_12038	12038
0000000000000000000024001010000023	N	oracle_12039	12039
0000000000000000000030000020000044	N	oracle_12040	12040
0000000000000000000030000040000024	N	oracle_12041	12041
0000000000000000000030000120000034	N	oracle_12042	12042
0000000000000000000030000130000024	N	oracle_12043	12043
0000000000000000000030000130000123	N	oracle_12044	12044
0000000000000000000030000210000034	P	oracle_12045	12045
0000000000000000000030000210000223	N	oracle_12046	12046
0000000000000000000030000220000024	N	oracle_12047	12047
0000000000000000000030000220000123	N	oracle_12048	12048
0000000000000000000030000310000024	N	oracle_12049	12049
0000000000000000000030000400000024	N	oracle_12050	12050
0000000000000000000030001120000024	N	oracle_12051	12051
0000000000000000000030001120000123	N	oracle_12052	12052
0000000000000000000030001210000024	N	oracle_12053	12053
0000000000000000000030001210000123	N	oracle_12054	12054
0000000000000000000030004000000024	N	oracle_12055	12055
0000000000000000000030010220000023	N	oracle_12056	12056
0000000000000000000030011220000022	N	oracle_12057	12057
0000000000000000000030012020000023	N	oracle_12058	12058
0000000000000000000030012100000024	N	oracle_12059	12059
0000000000000000000030012120000022	N	oracle_12060	12060
0000000000000000000030013000000024	N	oracle_12061	12061
0000000000000000000030020120000023	N	oracle_12062	12062
0000000000000000000030020210000023	N	oracle_12063	12063
0000000000000000000030021020000023	N	oracle_12064	12064
0000000000000000000030021120000022	P	oracle_12065	12065
0000000000000000000030021210000022	N	oracle_12066	12066
0000000000000000000030022010000023	N	oracle_12067	12067
0000000000000000000030022110000022	N	oracle_12068	12068
0000000000000000000030100220000023	N	oracle_12069	12069
0000000000000000000030102020000023	N	oracle_12070	12070
0000000000000000000030110120000023	N	oracle_12071	12071
0000000000000000000030110210000023	N	oracle_12072	12072
0000000000000000000030111120000022	P	oracle_12073	12073
0000000000000000000030111210000022	P	oracle_12074	12074
0000000000000000000030112020000022	P	oracle_12075	12075
0000000000000000000030113010000022	P	oracle_12076	12076
0000000000000000000030120110000023	N	oracle_12077	12077
0000000000000000000030120200000023	N	oracle_12078	12078
0000000000000000000030121110000022	P	oracle_12079	12079
0000000000000000000030130100000023	N	oracle_12080	12080
0000000000000000000030200120000023	N	oracle_12081	12081
0000000000000000000030200210000023	N	oracle_12082	12082
0000000000000000000030201020000023	N	oracle_12083	12083
0000000000000000000030202010000023	N	oracle_12084	12084
0000000000000000000030210020000023	N	oracle_12085	12085
0000000000000000000030210110000023	N	oracle_12086	12086
0000000000000000000030210200000023	N	oracle_12087	12087
0000000000000000000030211010000023	N	oracle_12088	12088
0000000000000000000030211110000022	P	oracle_12089	12089
0000000000000000000030220010000023	N	oracle_12090	12090
0000000000000000000030220100000023	N	oracle_12091	12091
0000000000000000000030311010000022	P	oracle_12092	12092
0000000000000000000031000020000034	P	oracle_12093	12093
0000000000000000000031000030000024	N	oracle_12094	12094
0000000000000000000031000040000023	N	oracle_12095	12095
0000000000000000000031000130000023	N	oracle_12096	12096
0000000000000000000031000220000023	N	oracle_12097	12097
0000000000000000000031000310000023	N	oracle_12098	12098
0000000000000000000031001030000023	N	oracle_12099	12099
0000000000000000000031001120000023	N	oracle_12100	12100
0000000000000000000031001210000023	N	oracle_12101	12101
0000000000000000000031002020000023	N	oracle_12102	12102
0000000000000000000031002100000033	P	oracle_12103	12103
0000000000000000000031002110000023	N	oracle_12104	12104
0000000000000000000031002200000023	N	oracle_12105	12105
0000000000000000000031003010000023	N	oracle_12106	12106
0000000000000000000031003100000023	N	oracle_12107	12107
0000000000000000000031004000000023	N	oracle_12108	12108
0000000000000000000031012010000023	N	oracle_12109	12109
0000000000000000000031012100000023	N	oracle_12110	12110
0000000000000000000031200200000023	P	oracle_12111	12111
0000000000000000000031210100000023	N	oracle_12112	12112
0000000000000000000032000010000034	N	oracle_12113	12113
0000000000000000000032000210000023	N	oracle_12114	12114
0000000000000000000032001120000022	P	oracle_12115	12115
0000000000000000000032001200000023	N	oracle_12116	12116
0000000000000000000032002100000023	N	oracle_12117	12117
0000000000000000000032100030000022	P	oracle_12118	12118
0000000000000000000032100200000023	N	oracle_12119	12119
0000000000000000000032110010000023	N	oracle_12120	12120
0000000000000000000032200010000023	P	oracle_12121	12121
0000000000000000000032200100000023	P	oracle_12122	12122
0000000000000000000032300010000022	P	oracle_12123	12123
0000000000000000000033000010000024	N	oracle_12124	12124
0000000000000000000033100010000023	N	oracle_12125	12125
0000000000000000000033200010000022	P	oracle_12126	12126
0000000000000000000034000010000023	N	oracle_12127	12127
0000000000000000000040000030000024	N	oracle_12128	12128
0000000000000000000040000120000024	N	oracle_12129	12129
0000000000000000000040000140000022	N	oracle_12130	12130
0000000000000000000040000210000024	N	oracle_12131	12131
0000000000000000000040000300000024	N	oracle_12132	12132
0000000000000000000040000410000022	N	oracle_12133	12133
0000000000000000000040010120000023	N	oracle_12134	12134
0000000000000000000040011120000022	N	oracle_12135	12135
0000000000000000000040012110000022	N	oracle_12136	12136
0000000000000000000040021010000023	N	oracle_12137	12137
0000000000000000000040021110000022	N	oracle_12138	12138
0000000000000000000040100120000023	N	oracle_12139	12139
0000000000000000000040100210000023	N	oracle_12140	12140
0000000000000000000041000040000022	N	oracle_12141	12141
0000000000000000000041000120000023	N	oracle_12142	12142
0000000000000000000041000210000023	N	oracle_12143	12143
0000000000000000000041001020000023	N	oracle_12144	12144
0000000000000000000041002010000023	N	oracle_12145	12145
0000000000000000000041010020000023	N	oracle_12146	12146
0000000000000000000042000110000023	N	oracle_12147	12147
0000000000000000000042001010000023	N	oracle_12148	12148
0000000000000000000042100010000023	N	oracle_12149	12149
0000000000000000000044000010000022	N	oracle_12150	12150
0000000000000000000100000220000044	N	oracle_12151	12151
0000000000000000000100001220000223	N	oracle_12152	12152
0000000000000000000100002020000044	N	oracle_12153	12153
0000000000000000000100002120000223	N	oracle_12154	12154
0000000000000000000100002200000044	N	oracle_12155	12155
0000000000000000000100002210000223	N	oracle_12156	12156
0000000000000000000100003220000023	P	oracle_12157	12157
0000000000000000000100011420000022	P	oracle_12158	12158
0000000000000000000100012140000022	N	oracle_12159	12159
0000000000000000000100012220000023	P	oracle_12160	12160
0000000000000000000100014120000022	P	oracle_12161	12161
0000000000000000000100020020000044	N	oracle_12162	12162
0000000000000000000100020200000044	N	oracle_12163	12163
0000000000000000000100021410000022	P	oracle_12164	12164
0000000000000000000100022130000022	N	oracle_12165	12165
0000000000000000000100022210000023	P	oracle_12166	12166
0000000000000000000100022300000023	P	oracle_12167	12167
0000000000000000000100023200000023	P	oracle_12168	12168
0000000000000000000100024110000022	P	oracle_12169	12169
0000000000000000000100031220000022	N	oracle_12170	12170
0000000000000000000100032120000022	N	oracle_12171	12171
0000000000000000000100032200000023	P	oracle_12172	12172
0000000000000000000100033200000022	P	oracle_12173	12173
0000000000000000000100042110000022	N	oracle_12174	12174
0000000000000000000100101220000033	N	oracle_12175	12175
0000000000000000000100101330000022	N	oracle_12176	12176
0000000000000000000100102140000022	N	oracle_12177	12177
0000000000000000000100102220000023	N	oracle_12178	12178
0000000000000000000100102410000022	N	oracle_12179	12179
0000000000000000000100104020000023	N	oracle_12180	12180
0000000000000000000100111220000023	N	oracle_12181	12181
0000000000000000000100113020000023	N	oracle_12182	12182
0000000000000000000100121130000022	N	oracle_12183	12183
0000000000000000000100121200000033	P	oracle_12184	12184
0000000000000000000100121300000023	N	oracle_12185	12185
0000000000000000000100122200000023	P	oracle_12186	12186
0000000000000000000100140020000023	N	oracle_12187	12187
0000000000000000000100200020000044	N	oracle_12188	12188
0000000000000000000100200200000044	N	oracle_12189	12189
0000000000000000000100201040000023	N	oracle_12190	12190
0000000000000000000100201140000022	N	oracle_12191	12191
0000000000000000000100202020000024	N	oracle_12192	12192
0000000000000000000100202020000033	N	oracle_12193	12193
0000000000000000000100202020000123	N	oracle_12194	12194
0000000000000000000100202030000023	N	oracle_12195	12195
0000000000000000000100202120000023	N	oracle_12196	12196
0000000000000000000100202210000023	N	oracle_12197	12197
0000000000000000000100203020000023	N	oracle_12198	12198
0000000000000000000100204010000023	N	oracle_12199	12199
0000000000000000000100212020000023	N	oracle_12200	12200
0000000000000000000100212200000023	N	oracle_12201	12201
0000000000000000000100212210000022	N	oracle_12202	12202
0000000000000000000100221010000033	N	oracle_12203	12203
0000000000000000000100221110000023	N	oracle_12204	12204
0000000000000000000100221200000023	P	oracle_12205	12205
0000000000000000000100222010000023	N	oracle_12206	12206
0000000000000000000100222100000023	P	oracle_12207	12207
0000000000000000000100302020000023	N	oracle_12208	12208
0000000000000000000100311120000022	N	oracle_12209	12209
0000000000000000000100401020000023	N	oracle_12210	12210
0000000000000000000100410020000023	N	oracle_12211	12211
0000000000000000000101001220000033	N	oracle_12212	12212
0000000000000000000101001240000022	N	oracle_12213	12213
0000000000000000000101002120000033	N	oracle_12214	12214
0000000000000000000101002140000022	N	oracle_12215	12215
0000000000000000000101002210000033	N	oracle_12216	12216
0000000000000000000101003310000022	N	oracle_12217	12217
0000000000000000000101102020000033	N	oracle_12218	12218
0000000000000000000101121030000022	N	oracle_12219	12219
0000000000000000000101200200000223	N	oracle_12220	12220
0000000000000000000101200210000024	N	oracle_12221	12221
0000000000000000000101202010000024	N	oracle_12222	12222
0000000000000000000101202010000033	N	oracle_12223	12223
0000000000000000000101202010000123	N	oracle_12224	12224
0000000000000000000101202020000023	N	oracle_12225	12225
0000000000000000000101202110000023	N	oracle_12226	12226
0000000000000000000101202200000023	N	oracle_12227	12227
0000000000000000000101203010000023	N	oracle_12228	12228
0000000000000000000101210200000033	P	oracle_12229	12229
0000000000000000000101210300000023	N	oracle_12230	12230
0000000000000000000101212010000023	N	oracle_12231	12231
0000000000000000000101220010000033	N	oracle_12232	12232
0000000000000000000101220200000023	N	oracle_12233	12233
0000000000000000000101302010000023	N	oracle_12234	12234
0000000000000000000101330010000022	N	oracle_12235	12235
0000000000000000000101400020000023	N	oracle_12236	12236
0000000000000000000102000020000044	N	oracle_12237	12237
0000000000000000000102000200000044	N	oracle_12238	12238
0000000000000000000102012200000023	N	oracle_12239	12239
0000000000000000000102021200000023	N	oracle_12240	12240
0000000000000000000102022100000023	N	oracle_12241	12241
0000000000000000000102100200000223	N	oracle_12242	12242
0000000000000000000102100210000024	N	oracle_12243	12243
0000000000000000000102100210000033	N	oracle_12244	12244
0000000000000000000102100210000123	N	oracle_12245	12245
0000000000000000000102100220000023	N	oracle_12246	12246
0000000000000000000102100310000023	N	oracle_12247	12247
0000000000000000000102101210000023	N	oracle_12248	12248
0000000000000000000102102200000023	N	oracle_12249	12249
0000000000000000000102110210000023	N	oracle_12250	12250
0000000000000000000102120010000024	N	oracle_12251	12251
0000000000000000000102120200000023	N	oracle_12252	12252
0000000000000000000102200110000033	N	oracle_12253	12253
0000000000000000000102200200000123	N	oracle_12254	12254
0000000000000000000102200210000023	N	oracle_12255	12255
0000000000000000000102200300000023	N	oracle_12256	12256
0000000000000000000102201200000023	N	oracle_12257	12257
0000000000000000000102202010000023	N	oracle_12258	12258
0000000000000000000102202100000023	N	oracle_12259	12259
0000000000000000000102210200000023	N	oracle_12260	12260
0000000000000000000103100200000033	P	oracle_12261	12261
0000000000000000000103100210000023	N	oracle_12262	12262
0000000000000000000103100300000023	N	oracle_12263	12263
0000000000000000000104100020000023	N	oracle_12264	12264
0000000000000000000110000240000023	P	oracle_12265	12265
0000000000000000000110000420000023	P	oracle_12266	12266
0000000000000000000110001230000023	N	oracle_12267	12267
0000000000000000000110001320000023	N	oracle_12268	12268
0000000000000000000110002130000023	N	oracle_12269	12269
0000000000000000000110002310000023	N	oracle_12270	12270
0000000000000000000110003120000023	N	oracle_12271	12271
0000000000000000000110003210000023	N	oracle_12272	12272
0000000000000000000110011220000023	N	oracle_12273	12273
0000000000000000000110012120000023	N	oracle_12274	12274
0000000000000000000110021210000023	N	oracle_12275	12275
0000000000000000000110022110000023	N	oracle_12276	12276
0000000000000000000110023010000023	N	oracle_12277	12277
0000000000000000000110032010000023	N	oracle_12278	12278
0000000000000000000110100220000033	N	oracle_12279	12279
0000000000000000000110102030000023	N	oracle_12280	12280
0000000000000000000110103020000023	N	oracle_12281	12281
0000000000000000000110112020000023	N	oracle_12282	12282
0000000000000000000110121020000023	N	oracle_12283	12283
0000000000000000000110201030000023	N	oracle_12284	12284
0000000000000000000110201120000023	N	oracle_12285	12285
0000000000000000000110202020000023	N	oracle_12286	12286
0000000000000000000110202110000023	N	oracle_12287	12287
0000000000000000000110203010000023	N	oracle_12288	12288
0000000000000000000110211020000023	N	oracle_12289	12289
0000000000000000000110220010000033	N	oracle_12290	12290
0000000000000000000110301020000023	N	oracle_12291	12291
0000000000000000000110302010000023	N	oracle_12292	12292
0000000000000000000111120020000023	N	oracle_12293	12293
0000000000000000000111202010000023	N	oracle_12294	12294
0000000000000000000111210020000023	N	oracle_12295	12295
0000000000000000000111220010000023	N	oracle_12296	12296
0000000000000000000111221010000022	P	oracle_12297	12297
0000000000000000000112100120000023	N	oracle_12298	12298
0000000000000000000112100210000023	N	oracle_12299	12299
0000000000000000000112101020000023	N	oracle_12300	12300
0000000000000000000112102010000023	N	oracle_12301	12301
0000000000000000000112200110000023	N	oracle_12302	12302
0000000000000000000112200200000023	P	oracle_12303	12303
0000000000000000000112201010000023	N	oracle_12304	12304
0000000000000000000113000120000023	N	oracle_12305	12305
0000000000000000000113001020000023	N	oracle_12306	12306
0000000000000000000113002010000023	N	oracle_12307	12307
0000000000000000000113010020000023	N	oracle_12308	12308
0000000000000000000113100020000023	N	oracle_12309	12309
0000000000000000000113200010000023	N	oracle_12310	12310
0000000000000000000120000020000044	N	oracle_12311	12311
0000000000000000000120000140000023	P	oracle_12312	12312
0000000000000000000120000200000044	N	oracle_12313	12313
0000000000000000000120000210000223	N	oracle_12314	12314
0000000000000000000120000220000024	N	oracle_12315	12315
0000000000000000000120000220000033	N	oracle_12316	12316
0000000000000000000120000220000123	N	oracle_12317	12317
0000000000000000000120000230000023	N	oracle_12318	12318
0000000000000000000120000320000023	N	oracle_12319	12319
0000000000000000000120000410000023	P	oracle_12320	12320
0000000000000000000120001130000023	N	oracle_12321	12321
0000000000000000000120001220000023	N	oracle_12322	12322
0000000000000000000120001310000023	N	oracle_12323	12323
0000000000000000000120010220000023	N	oracle_12324	12324
0000000000000000000120011120000023	N	oracle_12325	12325
0000000000000000000120011210000023	N	oracle_12326	12326
0000000000000000000120012020000023	N	oracle_12327	12327
0000000000000000000120012110000023	N	oracle_12328	12328
0000000000000000000120012200000023	N	oracle_12329	12329
0000000000000000000120020210000023	N	oracle_12330	12330
0000000000000000000120021010000033	N	oracle_12331	12331
0000000000000000000120021110000023	N	oracle_12332	12332
0000000000000000000120021200000023	N	oracle_12333	12333
0000000000000000000120022010000023	N	oracle_12334	12334
0000000000000000000120022100000023	N	oracle_12335	12335
0000000000000000000120031010000023	N	oracle_12336	12336
0000000000000000000120100220000023	N	oracle_12337	12337
0000000000000000000120112010000023	N	oracle_12338	12338
0000000000000000000120210020000023	N	oracle_12339	12339
0000000000000000000120210200000023	N	oracle_12340	12340
0000000000000000000120220010000023	N	oracle_12341	12341
0000000000000000000121000020000223	N	oracle_12342	12342
0000000000000000000121000220000023	N	oracle_12343	12343
0000000000000000000121002020000023	N	oracle_12344	12344
0000000000000000000121100120000023	N	oracle_12345	12345
0000000000000000000121100210000023	N	oracle_12346	12346
0000000000000000000121101020000023	N	oracle_12347	12347
0000000000000000000121102010000023	N	oracle_12348	12348
0000000000000000000121110020000023	N	oracle_12349	12349
0000000000000000000121200200000023	N	oracle_12350	12350
0000000000000000000122000210000023	N	oracle_12351	12351
0000000000000000000122002010000023	N	oracle_12352	12352
0000000000000000000122010200000023	N	oracle_12353	12353
0000000000000000000122200010000023	P	oracle_12354	12354
0000000000000000000123000110000023	N	oracle_12355	12355
0000000000000000000123001010000023	N	oracle_12356	12356
0000000000000000000130000220000023	N	oracle_12357	12357
0000000000000000000131100020000023	N	oracle_12358	12358
0000000000000000000132000200000023	N	oracle_12359	12359
0000000000000000000140000120000023	P	oracle_12360	12360
0000000000000000000140000210000023	P	oracle_12361	12361
0000000000000000000200000020000144	N	oracle_12362	12362
0000000000000000000200000120000044	N	oracle_12363	12363
0000000000000000000200000200000144	N	oracle_12364	12364
0000000000000000000200000210000044	N	oracle_12365	12365
0000000000000000000200000220000034	N	oracle_12366	12366
0000000000000000000200001020000044	N	oracle_12367	12367
0000000000000000000200001200000044	N	oracle_12368	12368
0000000000000000000200002010000044	N	oracle_12369	12369
0000000000000000000200002020000034	N	oracle_12370	12370
0000000000000000000200002200000034	N	oracle_12371	12371
0000000000000000000200013200000023	N	oracle_12372	12372
0000000000000000000200020010000044	N	oracle_12373	12373
0000000000000000000200020020000034	N	oracle_12374	12374
0000000000000000000200020200000034	N	oracle_12375	12375
0000000000000000000200021300000023	N	oracle_12376	12376
0000000000000000000200031200000023	N	oracle_12377	12377
0000000000000000000200100020000044	N	oracle_12378	12378
0000000000000000000200100200000044	N	oracle_12379	12379
0000000000000000000200102020000024	N	oracle_12380	12380
0000000000000000000200102020000033	N	oracle_12381	12381
0000000000000000000200102020000123	N	oracle_12382	12382
0000000000000000000200102030000023	N	oracle_12383	12383
0000000000000000000200102120000023	N	oracle_12384	12384
0000000000000000000200103020000023	N	oracle_12385	12385
0000000000000000000200112020000023	N	oracle_12386	12386
0000000000000000000200112120000022	N	oracle_12387	12387
0000000000000000000200112200000023	N	oracle_12388	12388
0000000000000000000200112210000022	N	oracle_12389	12389
0000000000000000000200120010000223	N	oracle_12390	12390
0000000000000000000200120020000024	N	oracle_12391	12391
0000000000000000000200120020000033	N	oracle_12392	12392
0000000000000000000200120020000123	N	oracle_12393	12393
0000000000000000000200120030000023	N	oracle_12394	12394
0000000000000000000200120110000033	N	oracle_12395	12395
0000000000000000000200120120000023	N	oracle_12396	12396
0000000000000000000200121020000023	N	oracle_12397	12397
0000000000000000000200121110000023	N	oracle_12398	12398
0000000000000000000200121200000023	P	oracle_12399	12399
0000000000000000000200122010000023	N	oracle_12400	12400
0000000000000000000200130020000023	N	oracle_12401	12401
0000000000000000000200131110000022	N	oracle_12402	12402
0000000000000000000200140010000023	N	oracle_12403	12403
0000000000000000000200200010000044	N	oracle_12404	12404
0000000000000000000200200020000034	N	oracle_12405	12405
0000000000000000000200200200000034	N	oracle_12406	12406
0000000000000000000200202010000024	N	oracle_12407	12407
0000000000000000000200202010000033	N	oracle_12408	12408
0000000000000000000200202010000123	N	oracle_12409	12409
0000000000000000000200202020000023	N	oracle_12410	12410
0000000000000000000200202110000023	N	oracle_12411	12411
0000000000000000000200203010000023	N	oracle_12412	12412
0000000000000000000200210010000223	N	oracle_12413	12413
0000000000000000000200210020000024	N	oracle_12414	12414
0000000000000000000200210020000033	N	oracle_12415	12415
0000000000000000000200210020000123	N	oracle_12416	12416
0000000000000000000200210030000023	N	oracle_12417	12417
0000000000000000000200210110000033	N	oracle_12418	12418
0000000000000000000200210120000023	N	oracle_12419	12419
0000000000000000000200210200000024	N	oracle_12420	12420
0000000000000000000200210200000033	N	oracle_12421	12421
0000000000000000000200210200000123	N	oracle_12422	12422
0000000000000000000200210210000023	N	oracle_12423	12423
0000000000000000000200210300000023	N	oracle_12424	12424
0000000000000000000200211020000023	N	oracle_12425	12425
0000000000000000000200211110000023	N	oracle_12426	12426
0000000000000000000200211200000023	N	oracle_12427	12427
0000000000000000000200212010000023	N	oracle_12428	12428
0000000000000000000200220010000024	N	oracle_12429	12429
0000000000000000000200220010000033	N	oracle_12430	12430
0000000000000000000200220010000123	N	oracle_12431	12431
0000000000000000000200220020000023	N	oracle_12432	12432
0000000000000000000200220110000023	N	oracle_12433	12433
0000000000000000000200220200000023	N	oracle_12434	12434
0000000000000000000200221010000023	N	oracle_12435	12435
0000000000000000000200230010000023	N	oracle_12436	12436
0000000000000000000200302010000023	N	oracle_12437	12437
0000000000000000000200310020000023	N	oracle_12438	12438
0000000000000000000200310200000023	N	oracle_12439	12439
0000000000000000000200311110000022	N	oracle_12440	12440
0000000000000000000200320010000023	N	oracle_12441	12441
0000000000000000000200410010000023	N	oracle_12442	12442
0000000000000000000201000020000044	N	oracle_12443	12443
0000000000000000000201012200000023	N	oracle_12444	12444
0000000000000000000201021200000023	N	oracle_12445	12445
0000000000000000000201102020000023	N	oracle_12446	12446
0000000000000000000201120020000023	N	oracle_12447	12447
0000000000000000000201120200000023	N	oracle_12448	12448
0000000000000000000201200210000023	N	oracle_12449	12449
0000000000000000000201200300000023	N	oracle_12450	12450
0000000000000000000201201200000023	N	oracle_12451	12451
0000000000000000000201202010000023	N	oracle_12452	12452
0000000000000000000201210020000023	N	oracle_12453	12453
0000000000000000000201210200000023	N	oracle_12454	12454
0000000000000000000201220010000023	N	oracle_12455	12455
0000000000000000000202000010000044	N	oracle_12456	12456
0000000000000000000202000020000034	N	oracle_12457	12457
0000000000000000000202100210000023	N	oracle_12458	12458
0000000000000000000202100300000023	N	oracle_12459	12459
0000000000000000000202120010000023	N	oracle_12460	12460
0000000000000000000202210010000023	N	oracle_12461	12461
0000000000000000000210000020000044	N	oracle_12462	12462
0000000000000000000210021200000023	N	oracle_12463	12463
0000000000000000000210102020000023	N	oracle_12464	12464
0000000000000000000210120020000023	N	oracle_12465	12465
0000000000000000000210202010000023	N	oracle_12466	12466
0000000000000000000210210020000023	N	oracle_12467	12467
0000000000000000000210220010000023	N	oracle_12468	12468
0000000000000000000211200030000022	N	oracle_12469	12469
0000000000000000000212100110000023	N	oracle_12470	12470
0000000000000000000212101010000023	N	oracle_12471	12471
0000000000000000000213000110000023	N	oracle_12472	12472
0000000000000000000213001010000023	N	oracle_12473	12473
0000000000000000000220000010000044	N	oracle_12474	12474
0000000000000000000220000020000034	N	oracle_12475	12475
0000000000000000000220000210000024	N	oracle_12476	12476
0000000000000000000220000210000033	N	oracle_12477	12477
0000000000000000000220000210000123	N	oracle_12478	12478
0000000000000000000220000220000023	N	oracle_12479	12479
0000000000000000000220000310000023	N	oracle_12480	12480
0000000000000000000220001210000023	N	oracle_12481	12481
0000000000000000000220010210000023	N	oracle_12482	12482
0000000000000000000220100210000023	N	oracle_12483	12483
0000000000000000000220120010000023	N	oracle_12484	12484
0000000000000000000220210010000023	N	oracle_12485	12485
0000000000000000000221000210000023	N	oracle_12486	12486
0000000000000000000221002010000023	N	oracle_12487	12487
0000000000000000000221100110000023	N	oracle_12488	12488
0000000000000000000221101010000023	N	oracle_12489	12489
0000000000000000000221110010000023	N	oracle_12490	12490
0000000000000000000222100010000023	P	oracle_12491	12491
0000000000000000000223000010000023	P	oracle_12492	12492
0000000000000000000230000120000023	N	oracle_12493	12493
0000000000000000000230000210000023	N	oracle_12494	12494
0000000000000000000231000110000023	N	oracle_12495	12495
0000000000000000000231001010000023	N	oracle_12496	12496
0000000000000000000231100010000023	N	oracle_12497	12497
0000000000000000000300000020000044	N	oracle_12498	12498
0000000000000000000300000040000024	N	oracle_12499	12499
0000000000000000000300000400000024	N	oracle_12500	12500
0000000000000000000300011220000022	N	oracle_12501	12501
0000000000000000000300012120000022	N	oracle_12502	12502
0000000000000000000300021210000022	N	oracle_12503	12503
0000000000000000000300022110000022	N	oracle_12504	12504
0000000000000000000300102020000023	N	oracle_12505	12505
0000000000000000000300112020000022	P	oracle_12506	12506
0000000000000000000300120020000023	N	oracle_12507	12507
0000000000000000000300120110000023	N	oracle_12508	12508
0000000000000000000300121110000022	P	oracle_12509	12509
0000000000000000000300202010000023	N	oracle_12510	12510
0000000000000000000300210020000023	N	oracle_12511	12511
0000000000000000000300210110000023	N	oracle_12512	12512
0000000000000000000300211010000023	N	oracle_12513	12513
0000000000000000000300211110000022	P	oracle_12514	12514
0000000000000000000300220010000023	N	oracle_12515	12515
0000000000000000000301210020000022	N	oracle_12516	12516
0000000000000000000301211010000022	N	oracle_12517	12517
0000000000000000000312100010000023	N	oracle_12518	12518
0000000000000000000320000210000023	N	oracle_12519	12519
0000000000000000000321000110000023	N	oracle_12520	12520
0000000000000000000321001010000023	N	oracle_12521	12521
0000000000000000000322100010000022	P	oracle_12522	12522
0000000000000000000400000030000024	N	oracle_12523	12523
0000000000000000001000000220000044	N	oracle_12524	12524
0000000000000000001000000230000034	P	oracle_12525	12525
0000000000000000001000000240000024	N	oracle_12526	12526
0000000000000000001000000320000034	N	oracle_12527	12527
0000000000000000001000000330000024	N	oracle_12528	12528
0000000000000000001000000420000024	N	oracle_12529	12529
0000000000000000001000000440000022	N	oracle_12530	12530
0000000000000000001000001220000223	N	oracle_12531	12531
0000000000000000001000002020000044	N	oracle_12532	12532
0000000000000000001000002120000034	N	oracle_12533	12533
0000000000000000001000002120000223	N	oracle_12534	12534
0000000000000000001000002210000034	N	oracle_12535	12535
0000000000000000001000002210000223	N	oracle_12536	12536
0000000000000000001000010220000034	N	oracle_12537	12537
0000000000000000001000010420000023	N	oracle_12538	12538
0000000000000000001000012230000022	N	oracle_12539	12539
0000000000000000001000020020000044	N	oracle_12540	12540
0000000000000000001000032210000022	P	oracle_12541	12541
0000000000000000001000100220000223	N	oracle_12542	12542
0000000000000000001000101220000033	N	oracle_12543	12543
0000000000000000001000101330000022	N	oracle_12544	12544
0000000000000000001000102140000022	N	oracle_12545	12545
0000000000000000001000102220000023	N	oracle_12546	12546
0000000000000000001000102410000022	N	oracle_12547	12547
0000000000000000001000104020000023	N	oracle_12548	12548
0000000000000000001000110220000033	N	oracle_12549	12549
0000000000000000001000111220000023	P	oracle_12550	12550
0000000000000000001000113020000023	P	oracle_12551	12551
0000000000000000001000113210000022	P	oracle_12552	12552
0000000000000000001000120020000034	N	oracle_12553	12553
0000000000000000001000121130000022	P	oracle_12554	12554
0000000000000000001000140020000023	N	oracle_12555	12555
0000000000000000001000142010000022	P	oracle_12556	12556
0000000000000000001000200020000044	N	oracle_12557	12557
0000000000000000001000201040000023	N	oracle_12558	12558
0000000000000000001000201130000023	N	oracle_12559	12559
0000000000000000001000202020000024	N	oracle_12560	12560
0000000000000000001000202020000033	N	oracle_12561	12561
0000000000000000001000202020000123	N	oracle_12562	12562
0000000000000000001000202030000023	N	oracle_12563	12563
0000000000000000001000202120000023	N	oracle_12564	12564
0000000000000000001000202210000023	N	oracle_12565	12565
0000000000000000001000203020000023	N	oracle_12566	12566
0000000000000000001000203110000023	N	oracle_12567	12567
0000000000000000001000204010000023	N	oracle_12568	12568
0000000000000000001000210020000034	N	oracle_12569	12569
0000000000000000001000212020000023	N	oracle_12570	12570
0000000000000000001000212210000022	P	oracle_12571	12571
0000000000000000001000221010000033	P	oracle_12572	12572
0000000000000000001000221110000023	P	oracle_12573	12573
0000000000000000001000222010000023	N	oracle_12574	12574
0000000000000000001000302020000023	N	oracle_12575	12575
0000000000000000001000401020000023	N	oracle_12576	12576
0000000000000000001000410020000023	N	oracle_12577	12577
0000000000000000001000412010000022	P	oracle_12578	12578
0000000000000000001001100220000033	N	oracle_12579	12579
0000000000000000001001102020000033	N	oracle_12580	12580
0000000000000000001001112210000022	P	oracle_12581	12581
0000000000000000001001121020000023	N	oracle_12582	12582
0000000000000000001001200020000034	N	oracle_12583	12583
0000000000000000001001200020000223	N	oracle_12584	12584
0000000000000000001001200210000024	N	oracle_12585	12585
0000000000000000001001202020000023	N	oracle_12586	12586
0000000000000000001001221110000022	P	oracle_12587	12587
0000000000000000001001400020000023	N	oracle_12588	12588
0000000000000000001002000020000044	N	oracle_12589	12589
0000000000000000001002100020000034	N	oracle_12590	12590
0000000000000000001002100210000024	N	oracle_12591	12591
0000000000000000001002120010000024	N	oracle_12592	12592
0000000000000000001002200210000023	N	oracle_12593	12593
0000000000000000001002202010000023	N	oracle_12594	12594
0000000000000000001002300110000023	N	oracle_12595	12595
0000000000000000001002301010000023	N	oracle_12596	12596
0000000000000000001003200110000023	N	oracle_12597	12597
0000000000000000001004100020000023	N	oracle_12598	12598
0000000000000000001010000220000034	N	oracle_12599	12599
0000000000000000001010000240000023	N	oracle_12600	12600
0000000000000000001010000420000023	N	oracle_12601	12601
0000000000000000001010001220000033	P	oracle_12602	12602
0000000000000000001010001230000023	P	oracle_12603	12603
0000000000000000001010001320000023	N	oracle_12604	12604
0000000000000000001010001420000022	P	oracle_12605	12605
0000000000000000001010002120000033	P	oracle_12606	12606
0000000000000000001010002130000023	P	oracle_12607	12607
0000000000000000001010002210000033	P	oracle_12608	12608
0000000000000000001010002310000023	P	oracle_12609	12609
0000000000000000001010003120000023	N	oracle_12610	12610
0000000000000000001010003210000023	P	oracle_12611	12611
0000000000000000001010004120000022	P	oracle_12612	12612
0000000000000000001010010220000033	N	oracle_12613	12613
0000000000000000001010011220000023	N	oracle_12614	12614
0000000000000000001010021210000023	N	oracle_12615	12615
0000000000000000001010022010000033	N	oracle_12616	12616
0000000000000000001010023010000023	N	oracle_12617	12617
0000000000000000001010032010000023	N	oracle_12618	12618
0000000000000000001010100220000033	N	oracle_12619	12619
0000000000000000001010100230000023	N	oracle_12620	12620
0000000000000000001010100320000023	N	oracle_12621	12621
0000000000000000001010102030000023	P	oracle_12622	12622
0000000000000000001010103020000023	P	oracle_12623	12623
0000000000000000001010112020000023	P	oracle_12624	12624
0000000000000000001010120020000033	N	oracle_12625	12625
0000000000000000001010121020000023	P	oracle_12626	12626
0000000000000000001010130020000023	N	oracle_12627	12627
0000000000000000001010201020000033	P	oracle_12628	12628
0000000000000000001010201030000023	P	oracle_12629	12629
0000000000000000001010202020000023	N	oracle_12630	12630
0000000000000000001010202110000023	P	oracle_12631	12631
0000000000000000001010210020000033	N	oracle_12632	12632
0000000000000000001010211020000023	P	oracle_12633	12633
0000000000000000001010301020000023	P	oracle_12634	12634
0000000000000000001010302010000023	P	oracle_12635	12635
0000000000000000001010310020000023	N	oracle_12636	12636
0000000000000000001011000220000033	N	oracle_12637	12637
0000000000000000001011000230000023	N	oracle_12638	12638
0000000000000000001011102020000023	P	oracle_12639	12639
0000000000000000001012000020000034	N	oracle_12640	12640
0000000000000000001012010020000033	N	oracle_12641	12641
0000000000000000001012110020000023	N	oracle_12642	12642
0000000000000000001013001020000023	N	oracle_12643	12643
0000000000000000001013002010000023	N	oracle_12644	12644
0000000000000000001014000020000023	N	oracle_12645	12645
0000000000000000001020000020000044	N	oracle_12646	12646
0000000000000000001020000120000034	N	oracle_12647	12647
0000000000000000001020000140000023	N	oracle_12648	12648
0000000000000000001020000210000034	N	oracle_12649	12649
0000000000000000001020000210000223	N	oracle_12650	12650
0000000000000000001020000410000023	N	oracle_12651	12651
0000000000000000001020001130000023	P	oracle_12652	12652
0000000000000000001020010120000033	N	oracle_12653	12653
0000000000000000001020010220000023	N	oracle_12654	12654
0000000000000000001020011210000023	N	oracle_12655	12655
0000000000000000001020012020000023	N	oracle_12656	12656
0000000000000000001020020210000023	N	oracle_12657	12657
0000000000000000001020022010000023	N	oracle_12658	12658
0000000000000000001020112010000023	P	oracle_12659	12659
0000000000000000001020200020000024	N	oracle_12660	12660
0000000000000000001020200020000033	N	oracle_12661	12661
0000000000000000001020200020000123	N	oracle_12662	12662
0000000000000000001020200030000023	N	oracle_12663	12663
0000000000000000001020200110000033	N	oracle_12664	12664
0000000000000000001020200120000023	N	oracle_12665	12665
0000000000000000001020200210000023	N	oracle_12666	12666
0000000000000000001020201020000023	N	oracle_12667	12667
0000000000000000001020201110000023	P	oracle_12668	12668
0000000000000000001020210020000023	N	oracle_12669	12669
0000000000000000001020210110000023	N	oracle_12670	12670
0000000000000000001020300020000023	N	oracle_12671	12671
0000000000000000001021000020000034	N	oracle_12672	12672
0000000000000000001021000220000023	N	oracle_12673	12673
0000000000000000001021002020000023	N	oracle_12674	12674
0000000000000000001021010020000033	N	oracle_12675	12675
0000000000000000001021101020000023	P	oracle_12676	12676
0000000000000000001021200020000023	N	oracle_12677	12677
0000000000000000001022000110000033	N	oracle_12678	12678
0000000000000000001022000210000023	N	oracle_12679	12679
0000000000000000001030200020000023	N	oracle_12680	12680
0000000000000000001030200110000023	N	oracle_12681	12681
0000000000000000001031100020000023	P	oracle_12682	12682
0000000000000000001032000110000023	N	oracle_12683	12683
0000000000000000001040000120000023	N	oracle_12684	12684
0000000000000000001040000210000023	N	oracle_12685	12685
0000000000000000001041000020000023	N	oracle_12686	12686
0000000000000000001100000220000034	N	oracle_12687	12687
0000000000000000001100000240000023	N	oracle_12688	12688
0000000000000000001100000420000023	N	oracle_12689	12689
0000000000000000001100001220000033	N	oracle_12690	12690
0000000000000000001100002120000033	N	oracle_12691	12691
0000000000000000001100002210000033	N	oracle_12692	12692
0000000000000000001100010220000033	N	oracle_12693	12693
0000000000000000001100011220000023	N	oracle_12694	12694
0000000000000000001100021210000023	N	oracle_12695	12695
0000000000000000001100102020000033	N	oracle_12696	12696
0000000000000000001100103020000023	N	oracle_12697	12697
0000000000000000001100120020000033	N	oracle_12698	12698
0000000000000000001100201020000033	N	oracle_12699	12699
0000000000000000001100202020000023	N	oracle_12700	12700
0000000000000000001100210020000033	N	oracle_12701	12701
0000000000000000001101200020000033	N	oracle_12702	12702
0000000000000000001102100020000033	N	oracle_12703	12703
0000000000000000001102100210000023	N	oracle_12704	12704
0000000000000000001110102020000023	P	oracle_12705	12705
0000000000000000001110201020000023	P	oracle_12706	12706
0000000000000000001111200020000023	P	oracle_12707	12707
0000000000000000001112100020000023	P	oracle_12708	12708
0000000000000000001120000220000023	N	oracle_12709	12709
0000000000000000001120200020000023	N	oracle_12710	12710
0000000000000000001200000020000044	N	oracle_12711	12711
0000000000000000001200000030000034	P	oracle_12712	12712
0000000000000000001200000040000024	N	oracle_12713	12713
0000000000000000001200000120000034	N	oracle_12714	12714
0000000000000000001200000140000023	N	oracle_12715	12715
0000000000000000001200001020000034	N	oracle_12716	12716
0000000000000000001200001020000223	N	oracle_12717	12717
0000000000000000001200001040000023	N	oracle_12718	12718
0000000000000000001200002210000023	N	oracle_12719	12719
0000000000000000001200010020000034	N	oracle_12720	12720
0000000000000000001200010120000033	N	oracle_12721	12721
0000000000000000001200011020000033	N	oracle_12722	12722
0000000000000000001200100020000034	N	oracle_12723	12723
0000000000000000001200100020000223	N	oracle_12724	12724
0000000000000000001200102020000023	N	oracle_12725	12725
0000000000000000001200110020000033	N	oracle_12726	12726
0000000000000000001200120020000023	N	oracle_12727	12727
0000000000000000001200210020000023	N	oracle_12728	12728
0000000000000000001201000020000034	N	oracle_12729	12729
0000000000000000001201010020000033	N	oracle_12730	12730
0000000000000000001201100020000033	N	oracle_12731	12731
0000000000000000001210000020000223	N	oracle_12732	12732
0000000000000000001211000120000023	N	oracle_12733	12733
0000000000000000001211001020000023	N	oracle_12734	12734
0000000000000000001211100020000023	P	oracle_12735	12735
0000000000000000001221100020000022	P	oracle_12736	12736
0000000000000000001300000020000034	N	oracle_12737	12737
0000000000000000001300000030000024	N	oracle_12738	12738
0000000000000000001310100020000023	N	oracle_12739	12739
0000000000000000001400000020000024	N	oracle_12740	12740
0000000000000000001400000020000123	N	oracle_12741	12741
0000000000000000001400000040000022	N	oracle_12742	12742
0000000000000000001400000120000023	N	oracle_12743	12743
0000000000000000001400001020000023	N	oracle_12744	12744
0000000000000000001400010020000023	N	oracle_12745	12745
0000000000000000001400100020000023	N	oracle_12746	12746
0000000000000000001401000020000023	N	oracle_12747	12747
0000000000000000002000000020000144	N	oracle_12748	12748
0000000000000000002000000030000044	N	oracle_12749	12749
0000000000000000002000000120000044	N	oracle_12750	12750
0000000000000000002000000120000134	N	oracle_12751	12751
0000000000000000002000000120000233	N	oracle_12752	12752
0000000000000000002000000120001133	N	oracle_12753	12753
0000000000000000002000000130000034	N	oracle_12754	12754
0000000000000000002000000130000124	N	oracle_12755	12755
0000000000000000002000000130000133	N	oracle_12756	12756
0000000000000000002000000130000223	N	oracle_12757	12757
0000000000000000002000000130001123	N	oracle_12758	12758
0000000000000000002000000140000024	N	oracle_12759	12759
0000000000000000002000000140000123	N	oracle_12760	12760
0000000000000000002000000220000034	N	oracle_12761	12761
0000000000000000002000000220000133	N	oracle_12762	12762
0000000000000000002000000230000123	N	oracle_12763	12763
0000000000000000002000001020000044	N	oracle_12764	12764
0000000000000000002000001120000034	N	oracle_12765	12765
0000000000000000002000001120000124	N	oracle_12766	12766
0000000000000000002000001120000133	N	oracle_12767	12767
0000000000000000002000001120000223	P	oracle_12768	12768
0000000000000000002000001130000024	N	oracle_12769	12769
0000000000000000002000001130000123	N	oracle_12770	12770
0000000000000000002000001220000024	N	oracle_12771	12771
0000000000000000002000002020000034	N	oracle_12772	12772
0000000000000000002000002120000024	N	oracle_12773	12773
0000000000000000002000010020000044	N	oracle_12774	12774
0000000000000000002000010120000034	N	oracle_12775	12775
0000000000000000002000010120000124	N	oracle_12776	12776
0000000000000000002000010120000133	N	oracle_12777	12777
0000000000000000002000010120000223	N	oracle_12778	12778
0000000000000000002000010120001123	N	oracle_12779	12779
0000000000000000002000010130000024	N	oracle_12780	12780
0000000000000000002000010130000123	N	oracle_12781	12781
0000000000000000002000010140000023	N	oracle_12782	12782
0000000000000000002000010220000024	N	oracle_12783	12783
0000000000000000002000010220000123	N	oracle_12784	12784
0000000000000000002000011120000024	N	oracle_12785	12785
0000000000000000002000011120000123	N	oracle_12786	12786
0000000000000000002000020020000034	N	oracle_12787	12787
0000000000000000002000020120000024	N	oracle_12788	12788
0000000000000000002000020120000123	N	oracle_12789	12789
0000000000000000002000021130000022	P	oracle_12790	12790
0000000000000000002000031120000022	P	oracle_12791	12791
0000000000000000002000100020000044	N	oracle_12792	12792
0000000000000000002000100120000034	N	oracle_12793	12793
0000000000000000002000100120000133	N	oracle_12794	12794
0000000000000000002000100120000223	N	oracle_12795	12795
0000000000000000002000100130000033	P	oracle_12796	12796
0000000000000000002000100130000123	N	oracle_12797	12797
0000000000000000002000100140000023	N	oracle_12798	12798
0000000000000000002000101120000024	N	oracle_12799	12799
0000000000000000002000101130000023	N	oracle_12800	12800
0000000000000000002000110120000024	N	oracle_12801	12801
0000000000000000002000110120000033	N	oracle_12802	12802
0000000000000000002000110120000123	N	oracle_12803	12803
0000000000000000002000111120000023	P	oracle_12804	12804
0000000000000000002000112030000022	P	oracle_12805	12805
0000000000000000002000112120000022	P	oracle_12806	12806
0000000000000000002000200020000034	N	oracle_12807	12807
0000000000000000002000202020000023	N	oracle_12808	12808
0000000000000000002001000120000034	N	oracle_12809	12809
0000000000000000002001000120000124	N	oracle_12810	12810
0000000000000000002001000120000133	N	oracle_12811	12811
0000000000000000002001000130000024	N	oracle_12812	12812
0000000000000000002001000130000123	N	oracle_12813	12813
0000000000000000002001000140000023	N	oracle_12814	12814
0000000000000000002001000220000024	N	oracle_12815	12815
0000000000000000002001001120000024	N	oracle_12816	12816
0000000000000000002001001130000023	N	oracle_12817	12817
0000000000000000002001010120000024	N	oracle_12818	12818
0000000000000000002001010120000033	N	oracle_12819	12819
0000000000000000002001010120000123	N	oracle_12820	12820
0000000000000000002001100120000024	N	oracle_12821	12821
0000000000000000002001100120000033	N	oracle_12822	12822
0000000000000000002002000120000024	N	oracle_12823	12823
0000000000000000002010000120000034	N	oracle_12824	12824
0000000000000000002010000120000133	N	oracle_12825	12825
0000000000000000002010000130000123	N	oracle_12826	12826
0000000000000000002010000140000023	N	oracle_12827	12827
0000000000000000002010001120000024	N	oracle_12828	12828
0000000000000000002010001130000023	P	oracle_12829	12829
0000000000000000002010010120000024	N	oracle_12830	12830
0000000000000000002010010120000033	N	oracle_12831	12831
0000000000000000002010010120000123	N	oracle_12832	12832
0000000000000000002010010130000023	N	oracle_12833	12833
0000000000000000002010010220000023	N	oracle_12834	12834
0000000000000000002010011120000023	N	oracle_12835	12835
0000000000000000002010020120000023	N	oracle_12836	12836
0000000000000000002010110120000023	N	oracle_12837	12837
0000000000000000002011000120000024	N	oracle_12838	12838
0000000000000000002011000120000033	N	oracle_12839	12839
0000000000000000002011000130000023	N	oracle_12840	12840
0000000000000000002011010120000023	N	oracle_12841	12841
0000000000000000002011100120000023	P	oracle_12842	12842
0000000000000000002020010120000023	N	oracle_12843	12843
0000000000000000002021100030000022	P	oracle_12844	12844
0000000000000000002030001120000022	P	oracle_12845	12845
0000000000000000002100000030000034	N	oracle_12846	12846
0000000000000000002100000030000124	N	oracle_12847	12847
0000000000000000002100000030000133	N	oracle_12848	12848
0000000000000000002100000030000223	N	oracle_12849	12849
0000000000000000002100000030001123	N	oracle_12850	12850
0000000000000000002100000040000024	N	oracle_12851	12851
0000000000000000002100000040000123	N	oracle_12852	12852
0000000000000000002100000120000034	N	oracle_12853	12853
0000000000000000002100000120000133	N	oracle_12854	12854
0000000000000000002100000130000024	N	oracle_12855	12855
0000000000000000002100000130000123	N	oracle_12856	12856
0000000000000000002100000140000023	N	oracle_12857	12857
0000000000000000002100001030000024	N	oracle_12858	12858
0000000000000000002100001030000123	N	oracle_12859	12859
0000000000000000002100001040000023	N	oracle_12860	12860
0000000000000000002100001120000024	N	oracle_12861	12861
0000000000000000002100001120000033	P	oracle_12862	12862
0000000000000000002100010030000024	N	oracle_12863	12863
0000000000000000002100010030000123	N	oracle_12864	12864
0000000000000000002100010120000024	N	oracle_12865	12865
0000000000000000002100010120000033	N	oracle_12866	12866
0000000000000000002100010120000123	N	oracle_12867	12867
0000000000000000002100100030000024	N	oracle_12868	12868
0000000000000000002100100030000033	P	oracle_12869	12869
0000000000000000002100100030000123	N	oracle_12870	12870
0000000000000000002101000030000024	N	oracle_12871	12871
0000000000000000002101000030000123	N	oracle_12872	12872
0000000000000000002101000040000023	N	oracle_12873	12873
0000000000000000002101001030000023	N	oracle_12874	12874
0000000000000000002101001120000023	N	oracle_12875	12875
0000000000000000002110000030000024	N	oracle_12876	12876
0000000000000000002110000030000123	N	oracle_12877	12877
0000000000000000002110001030000023	P	oracle_12878	12878
0000000000000000002110002030000022	P	oracle_12879	12879
0000000000000000002112000030000022	P	oracle_12880	12880
0000000000000000002200000030000024	N	oracle_12881	12881
0000000000000000002200000030000123	N	oracle_12882	12882
0000000000000000003000000040000024	N	oracle_12883	12883
0000000000000000003000000130000024	N	oracle_12884	12884
0000000000000000003000000130000123	N	oracle_12885	12885
0000000000000000004000000140000022	N	oracle_12886	12886
0000000000000000010000000220000044	N	oracle_12887	12887
0000000000000000010000001220000223	N	oracle_12888	12888
0000000000000000010000001240000023	N	oracle_12889	12889
0000000000000000010000001420000023	N	oracle_12890	12890
0000000000000000010000002020000044	N	oracle_12891	12891
0000000000000000010000002120000223	N	oracle_12892	12892
0000000000000000010000002200000044	N	oracle_12893	12893
0000000000000000010000003130000023	N	oracle_12894	12894
0000000000000000010000003310000023	N	oracle_12895	12895
0000000000000000010000004120000023	N	oracle_12896	12896
0000000000000000010000004210000023	N	oracle_12897	12897
0000000000000000010000012230000022	N	oracle_12898	12898
0000000000000000010000013300000023	P	oracle_12899	12899
0000000000000000010000020020000044	N	oracle_12900	12900
0000000000000000010000020200000044	N	oracle_12901	12901
0000000000000000010000021400000023	P	oracle_12902	12902
0000000000000000010000022000000044	N	oracle_12903	12903
0000000000000000010000024100000023	P	oracle_12904	12904
0000000000000000010000031210000023	N	oracle_12905	12905
0000000000000000010000031220000022	N	oracle_12906	12906
0000000000000000010000032120000022	N	oracle_12907	12907
0000000000000000010000101220000033	N	oracle_12908	12908
0000000000000000010000101330000022	N	oracle_12909	12909
0000000000000000010000102120000024	N	oracle_12910	12910
0000000000000000010000102120000033	N	oracle_12911	12911
0000000000000000010000102120000123	N	oracle_12912	12912
0000000000000000010000102130000023	N	oracle_12913	12913
0000000000000000010000102140000022	N	oracle_12914	12914
0000000000000000010000102220000023	N	oracle_12915	12915
0000000000000000010000102410000022	N	oracle_12916	12916
0000000000000000010000103120000023	N	oracle_12917	12917
0000000000000000010000104020000023	N	oracle_12918	12918
0000000000000000010000112120000023	N	oracle_12919	12919
0000000000000000010000112300000023	P	oracle_12920	12920
0000000000000000010000122120000022	N	oracle_12921	12921
0000000000000000010000122200000023	P	oracle_12922	12922
0000000000000000010000122200000122	P	oracle_12923	12923
0000000000000000010000122210000022	P	oracle_12924	12924
0000000000000000010000123100000023	P	oracle_12925	12925
0000000000000000010000132100000023	P	oracle_12926	12926
0000000000000000010000132200000022	P	oracle_12927	12927
0000000000000000010000200020000044	N	oracle_12928	12928
0000000000000000010000200200000044	N	oracle_12929	12929
0000000000000000010000201020000223	N	oracle_12930	12930
0000000000000000010000201040000023	N	oracle_12931	12931
0000000000000000010000202000000044	N	oracle_12932	12932
0000000000000000010000202120000023	N	oracle_12933	12933
0000000000000000010000202210000023	N	oracle_12934	12934
0000000000000000010000204010000023	N	oracle_12935	12935
0000000000000000010000210020000223	N	oracle_12936	12936
0000000000000000010000220000000044	N	oracle_12937	12937
0000000000000000010000222010000023	N	oracle_12938	12938
0000000000000000010000222100000023	P	oracle_12939	12939
0000000000000000010000233000000022	P	oracle_12940	12940
0000000000000000010000301120000023	N	oracle_12941	12941
0000000000000000010000332000000022	P	oracle_12942	12942
0000000000000000010000401020000023	N	oracle_12943	12943
0000000000000000010001102020000033	N	oracle_12944	12944
0000000000000000010001102120000023	N	oracle_12945	12945
0000000000000000010001122200000022	P	oracle_12946	12946
0000000000000000010001200020000223	N	oracle_12947	12947
0000000000000000010001200200000223	N	oracle_12948	12948
0000000000000000010001200210000024	N	oracle_12949	12949
0000000000000000010001202000000223	N	oracle_12950	12950
0000000000000000010001202200000023	N	oracle_12951	12951
0000000000000000010001220200000023	N	oracle_12952	12952
0000000000000000010001221100000023	P	oracle_12953	12953
0000000000000000010002000020000044	N	oracle_12954	12954
0000000000000000010002000200000044	N	oracle_12955	12955
0000000000000000010002002000000044	N	oracle_12956	12956
0000000000000000010002020000000044	N	oracle_12957	12957
0000000000000000010002100200000223	N	oracle_12958	12958
0000000000000000010002100210000024	N	oracle_12959	12959
0000000000000000010002102000000223	N	oracle_12960	12960
0000000000000000010002102200000023	N	oracle_12961	12961
0000000000000000010002120000000034	N	oracle_12962	12962
0000000000000000010002120000000124	N	oracle_12963	12963
0000000000000000010002120000000223	N	oracle_12964	12964
0000000000000000010002120010000024	N	oracle_12965	12965
0000000000000000010002120100000024	N	oracle_12966	12966
0000000000000000010002120200000023	N	oracle_12967	12967
0000000000000000010002121000000024	N	oracle_12968	12968
0000000000000000010002130000000024	N	oracle_12969	12969
0000000000000000010002200200000024	N	oracle_12970	12970
0000000000000000010002200200000123	N	oracle_12971	12971
0000000000000000010002201200000023	N	oracle_12972	12972
0000000000000000010002202000000024	N	oracle_12973	12973
0000000000000000010002202000000033	N	oracle_12974	12974
0000000000000000010002202000000123	N	oracle_12975	12975
0000000000000000010002202010000023	N	oracle_12976	12976
0000000000000000010002202100000023	N	oracle_12977	12977
0000000000000000010002203000000023	N	oracle_12978	12978
0000000000000000010002210200000023	N	oracle_12979	12979
0000000000000000010002212000000023	N	oracle_12980	12980
0000000000000000010002220000000024	N	oracle_12981	12981
0000000000000000010002221100000022	P	oracle_12982	12982
0000000000000000010002302000000023	N	oracle_12983	12983
0000000000000000010003112000000023	P	oracle_12984	12984
0000000000000000010003121000000023	N	oracle_12985	12985
0000000000000000010003202000000023	N	oracle_12986	12986
0000000000000000010003300010000023	N	oracle_12987	12987
0000000000000000010010100220000033	P	oracle_12988	12988
0000000000000000010010102120000023	N	oracle_12989	12989
0000000000000000010010122100000023	P	oracle_12990	12990
0000000000000000010010122200000022	N	oracle_12991	12991
0000000000000000010010222100000022	N	oracle_12992	12992
0000000000000000010011200300000023	N	oracle_12993	12993
0000000000000000010011203000000023	N	oracle_12994	12994
0000000000000000010012202000000023	N	oracle_12995	12995
0000000000000000010020000020000044	N	oracle_12996	12996
0000000000000000010020000120000223	N	oracle_12997	12997
0000000000000000010020000200000044	N	oracle_12998	12998
0000000000000000010020000210000223	N	oracle_12999	12999
0000000000000000010020002000000044	N	oracle_13000	13000
0000000000000000010020010220000023	N	oracle_13001	13001
0000000000000000010020012020000023	N	oracle_13002	13002
0000000000000000010020012200000023	N	oracle_13003	13003
0000000000000000010020020210000023	N	oracle_13004	13004
0000000000000000010020022000000024	N	oracle_13005	13005
0000000000000000010020022000000033	N	oracle_13006	13006
0000000000000000010020022000000123	N	oracle_13007	13007
0000000000000000010020022010000023	N	oracle_13008	13008
0000000000000000010020022100000023	N	oracle_13009	13009
0000000000000000010020023000000023	N	oracle_13010	13010
0000000000000000010020032000000023	N	oracle_13011	13011
0000000000000000010020122000000023	N	oracle_13012	13012
0000000000000000010020122100000022	N	oracle_13013	13013
0000000000000000010020210020000023	N	oracle_13014	13014
0000000000000000010020210200000023	N	oracle_13015	13015
0000000000000000010020220010000023	N	oracle_13016	13016
0000000000000000010020220100000023	N	oracle_13017	13017
0000000000000000010021000020000223	N	oracle_13018	13018
0000000000000000010021000220000023	N	oracle_13019	13019
0000000000000000010021002020000023	N	oracle_13020	13020
0000000000000000010021013000000023	N	oracle_13021	13021
0000000000000000010021022000000023	N	oracle_13022	13022
0000000000000000010021103000000023	P	oracle_13023	13023
0000000000000000010022000210000023	N	oracle_13024	13024
0000000000000000010022002010000023	N	oracle_13025	13025
0000000000000000010022002100000023	N	oracle_13026	13026
0000000000000000010022003000000023	N	oracle_13027	13027
0000000000000000010022100200000023	N	oracle_13028	13028
0000000000000000010030000130000023	N	oracle_13029	13029
0000000000000000010030000220000023	N	oracle_13030	13030
0000000000000000010030001120000023	N	oracle_13031	13031
0000000000000000010030001210000023	N	oracle_13032	13032
0000000000000000010030021100000023	P	oracle_13033	13033
0000000000000000010100102120000023	N	oracle_13034	13034
0000000000000000010100122100000023	P	oracle_13035	13035
0000000000000000010100122200000022	N	oracle_13036	13036
0000000000000000010100202020000023	N	oracle_13037	13037
0000000000000000010100222100000022	N	oracle_13038	13038
0000000000000000010101202010000023	N	oracle_13039	13039
0000000000000000010102100210000023	N	oracle_13040	13040
0000000000000000010120000220000023	N	oracle_13041	13041
0000000000000000010122100020000022	N	oracle_13042	13042
0000000000000000010122100200000022	N	oracle_13043	13043
0000000000000000010122200010000022	N	oracle_13044	13044
0000000000000000010200000020000044	N	oracle_13045	13045
0000000000000000010200000200000044	N	oracle_13046	13046
0000000000000000010200102020000023	N	oracle_13047	13047
0000000000000000010200120020000023	N	oracle_13048	13048
0000000000000000010200202010000023	N	oracle_13049	13049
0000000000000000010200210020000023	N	oracle_13050	13050
0000000000000000010200210200000023	N	oracle_13051	13051
0000000000000000010200220010000023	N	oracle_13052	13052
0000000000000000010220000210000023	N	oracle_13053	13053
0000000000000000010222100010000022	P	oracle_13054	13054
0000000000000000011000002120000033	N	oracle_13055	13055
0000000000000000011000002210000033	N	oracle_13056	13056
0000000000000000011000102120000023	N	oracle_13057	13057
0000000000000000011000202020000023	N	oracle_13058	13058
0000000000000000011020200020000023	N	oracle_13059	13059
0000000000000000011400000020000023	N	oracle_13060	13060
0000000000000000012000000020000044	N	oracle_13061	13061
0000000000000000012000000120000034	N	oracle_13062	13062
0000000000000000012000000120000124	N	oracle_13063	13063
0000000000000000012000000120000133	N	oracle_13064	13064
0000000000000000012000000120000223	N	oracle_13065	13065
0000000000000000012000000120001123	N	oracle_13066	13066
0000000000000000012000000130000024	N	oracle_13067	13067
0000000000000000012000000130000123	N	oracle_13068	13068
0000000000000000012000000140000023	N	oracle_13069	13069
0000000000000000012000000220000024	N	oracle_13070	13070
0000000000000000012000000220000123	N	oracle_13071	13071
0000000000000000012000001120000024	N	oracle_13072	13072
0000000000000000012000001120000123	N	oracle_13073	13073
0000000000000000012000010120000024	N	oracle_13074	13074
0000000000000000012000010120000123	N	oracle_13075	13075
0000000000000000012000100120000024	N	oracle_13076	13076
0000000000000000012000100120000033	N	oracle_13077	13077
0000000000000000012000100120000123	N	oracle_13078	13078
0000000000000000012000100130000023	N	oracle_13079	13079
0000000000000000012000100220000023	N	oracle_13080	13080
0000000000000000012000101120000023	N	oracle_13081	13081
0000000000000000012000110120000023	N	oracle_13082	13082
0000000000000000012000200120000023	N	oracle_13083	13083
0000000000000000012001000120000024	N	oracle_13084	13084
0000000000000000012001000120000123	N	oracle_13085	13085
0000000000000000012001100120000023	N	oracle_13086	13086
0000000000000000012010000120000024	N	oracle_13087	13087
0000000000000000012010000120000123	N	oracle_13088	13088
0000000000000000012010010120000023	N	oracle_13089	13089
0000000000000000012010100120000023	N	oracle_13090	13090
0000000000000000012100000030000024	N	oracle_13091	13091
0000000000000000012100000030000123	N	oracle_13092	13092
0000000000000000012100000120000024	N	oracle_13093	13093
0000000000000000012100000120000123	N	oracle_13094	13094
0000000000000000012100100030000023	N	oracle_13095	13095
0000000000000000012100100120000023	N	oracle_13096	13096
0000000000000000020000000020000144	N	oracle_13097	13097
0000000000000000020000000030000044	N	oracle_13098	13098
0000000000000000020000000120000044	N	oracle_13099	13099
0000000000000000020000000200000144	N	oracle_13100	13100
0000000000000000020000000210000044	N	oracle_13101	13101
0000000000000000020000000220000034	N	oracle_13102	13102
0000000000000000020000000300000044	N	oracle_13103	13103
0000000000000000020000001020000044	N	oracle_13104	13104
0000000000000000020000001200000044	N	oracle_13105	13105
0000000000000000020000002000000144	N	oracle_13106	13106
0000000000000000020000002010000044	N	oracle_13107	13107
0000000000000000020000002020000034	N	oracle_13108	13108
0000000000000000020000002100000044	N	oracle_13109	13109
0000000000000000020000002200000034	N	oracle_13110	13110
0000000000000000020000003000000044	N	oracle_13111	13111
0000000000000000020000003120000023	N	oracle_13112	13112
0000000000000000020000003210000023	N	oracle_13113	13113
0000000000000000020000010020000044	N	oracle_13114	13114
0000000000000000020000010200000044	N	oracle_13115	13115
0000000000000000020000012000000044	N	oracle_13116	13116
0000000000000000020000013200000023	N	oracle_13117	13117
0000000000000000020000020000000144	N	oracle_13118	13118
0000000000000000020000020010000044	N	oracle_13119	13119
0000000000000000020000020020000034	N	oracle_13120	13120
0000000000000000020000020100000044	N	oracle_13121	13121
0000000000000000020000020200000034	N	oracle_13122	13122
0000000000000000020000021000000044	N	oracle_13123	13123
0000000000000000020000022000000034	N	oracle_13124	13124
0000000000000000020000022100000024	N	oracle_13125	13125
0000000000000000020000030000000044	N	oracle_13126	13126
0000000000000000020000100020000044	N	oracle_13127	13127
0000000000000000020000100200000044	N	oracle_13128	13128
0000000000000000020000102000000044	N	oracle_13129	13129
0000000000000000020000102120000023	N	oracle_13130	13130
0000000000000000020000103020000023	N	oracle_13131	13131
0000000000000000020000120000000044	N	oracle_13132	13132
0000000000000000020000122100000122	N	oracle_13133	13133
0000000000000000020000122110000022	N	oracle_13134	13134
0000000000000000020000123100000022	P	oracle_13135	13135
0000000000000000020000130020000023	N	oracle_13136	13136
0000000000000000020000132100000022	N	oracle_13137	13137
0000000000000000020000200000000144	N	oracle_13138	13138
0000000000000000020000200010000044	N	oracle_13139	13139
0000000000000000020000200020000034	N	oracle_13140	13140
0000000000000000020000200100000044	N	oracle_13141	13141
0000000000000000020000200200000034	N	oracle_13142	13142
0000000000000000020000201000000044	N	oracle_13143	13143
0000000000000000020000202000000034	N	oracle_13144	13144
0000000000000000020000210000000044	N	oracle_13145	13145
0000000000000000020000220000000034	N	oracle_13146	13146
0000000000000000020000300000000044	N	oracle_13147	13147
0000000000000000020001000020000044	N	oracle_13148	13148
0000000000000000020001000200000044	N	oracle_13149	13149
0000000000000000020001002000000044	N	oracle_13150	13150
0000000000000000020001020000000044	N	oracle_13151	13151
0000000000000000020001122100000022	N	oracle_13152	13152
0000000000000000020001200200000024	N	oracle_13153	13153
0000000000000000020001200200000033	N	oracle_13154	13154
0000000000000000020001200200000123	N	oracle_13155	13155
0000000000000000020001200210000023	N	oracle_13156	13156
0000000000000000020001200300000023	N	oracle_13157	13157
0000000000000000020001201200000023	N	oracle_13158	13158
0000000000000000020001202000000024	N	oracle_13159	13159
0000000000000000020001202000000033	N	oracle_13160	13160
0000000000000000020001202000000123	N	oracle_13161	13161
0000000000000000020001202010000023	N	oracle_13162	13162
0000000000000000020001202100000023	N	oracle_13163	13163
0000000000000000020001203000000023	N	oracle_13164	13164
0000000000000000020001210200000023	N	oracle_13165	13165
0000000000000000020001212000000023	N	oracle_13166	13166
0000000000000000020001300200000023	N	oracle_13167	13167
0000000000000000020001302000000023	N	oracle_13168	13168
0000000000000000020002000010000044	N	oracle_13169	13169
0000000000000000020002000020000034	N	oracle_13170	13170
0000000000000000020002000100000044	N	oracle_13171	13171
0000000000000000020002000200000034	N	oracle_13172	13172
0000000000000000020002001000000044	N	oracle_13173	13173
0000000000000000020002002000000034	N	oracle_13174	13174
0000000000000000020002020000000034	N	oracle_13175	13175
0000000000000000020002100200000024	N	oracle_13176	13176
0000000000000000020002100200000033	N	oracle_13177	13177
0000000000000000020002100200000123	N	oracle_13178	13178
0000000000000000020002100210000023	N	oracle_13179	13179
0000000000000000020002100300000023	N	oracle_13180	13180
0000000000000000020002101200000023	N	oracle_13181	13181
0000000000000000020002102000000024	N	oracle_13182	13182
0000000000000000020002102000000033	N	oracle_13183	13183
0000000000000000020002102000000123	N	oracle_13184	13184
0000000000000000020002102010000023	N	oracle_13185	13185
0000000000000000020002102100000023	N	oracle_13186	13186
0000000000000000020002103000000023	N	oracle_13187	13187
0000000000000000020002110200000023	N	oracle_13188	13188
0000000000000000020002112000000023	N	oracle_13189	13189
0000000000000000020002120000000024	N	oracle_13190	13190
0000000000000000020002200200000023	N	oracle_13191	13191
0000000000000000020002202000000023	N	oracle_13192	13192
0000000000000000020003100200000023	N	oracle_13193	13193
0000000000000000020003102000000023	N	oracle_13194	13194
0000000000000000020010000020000044	N	oracle_13195	13195
0000000000000000020010000200000044	N	oracle_13196	13196
0000000000000000020010002000000044	N	oracle_13197	13197
0000000000000000020010122100000022	N	oracle_13198	13198
0000000000000000020011200200000023	N	oracle_13199	13199
0000000000000000020011202000000023	N	oracle_13200	13200
0000000000000000020012100200000023	N	oracle_13201	13201
0000000000000000020012102000000023	N	oracle_13202	13202
0000000000000000020020000010000044	N	oracle_13203	13203
0000000000000000020020000020000034	N	oracle_13204	13204
0000000000000000020020000100000044	N	oracle_13205	13205
0000000000000000020020000200000034	N	oracle_13206	13206
0000000000000000020020000210000024	N	oracle_13207	13207
0000000000000000020020000210000033	N	oracle_13208	13208
0000000000000000020020000210000123	N	oracle_13209	13209
0000000000000000020020000220000023	N	oracle_13210	13210
0000000000000000020020000310000023	N	oracle_13211	13211
0000000000000000020020001210000023	N	oracle_13212	13212
0000000000000000020020002000000034	N	oracle_13213	13213
0000000000000000020020010210000023	N	oracle_13214	13214
0000000000000000020020013000000023	N	oracle_13215	13215
0000000000000000020020022000000023	N	oracle_13216	13216
0000000000000000020020100210000023	N	oracle_13217	13217
0000000000000000020020120010000023	N	oracle_13218	13218
0000000000000000020020120100000023	N	oracle_13219	13219
0000000000000000020020210010000023	N	oracle_13220	13220
0000000000000000020020210100000023	N	oracle_13221	13221
0000000000000000020021000210000023	N	oracle_13222	13222
0000000000000000020030000120000023	N	oracle_13223	13223
0000000000000000020030000210000023	N	oracle_13224	13224
0000000000000000020031000020000023	N	oracle_13225	13225
0000000000000000020100000020000044	N	oracle_13226	13226
0000000000000000020100000200000044	N	oracle_13227	13227
0000000000000000020100122100000022	N	oracle_13228	13228
0000000000000000020101200200000023	N	oracle_13229	13229
0000000000000000020102100200000023	N	oracle_13230	13230
0000000000000000020120000210000023	N	oracle_13231	13231
0000000000000000020122100010000022	N	oracle_13232	13232
0000000000000000020200000010000044	N	oracle_13233	13233
0000000000000000020200000020000034	N	oracle_13234	13234
0000000000000000020200000200000034	N	oracle_13235	13235
0000000000000000020200120010000023	N	oracle_13236	13236
0000000000000000020200210010000023	N	oracle_13237	13237
0000000000000000021000000020000044	N	oracle_13238	13238
0000000000000000021020000210000023	N	oracle_13239	13239
0000000000000000022000000020000034	N	oracle_13240	13240
0000000000000000022000000120000024	N	oracle_13241	13241
0000000000000000022000000120000123	N	oracle_13242	13242
0000000000000000022000100120000023	N	oracle_13243	13243
0000000000000000030000000040000024	N	oracle_13244	13244
0000000000000000030000000200000044	N	oracle_13245	13245
0000000000000000030000000400000024	N	oracle_13246	13246
0000000000000000030000002000000044	N	oracle_13247	13247
0000000000000000030000004000000024	N	oracle_13248	13248
0000000000000000030000020000000044	N	oracle_13249	13249
0000000000000000030000040000000024	N	oracle_13250	13250
0000000000000000030000200000000044	N	oracle_13251	13251
0000000000000000030000400000000024	N	oracle_13252	13252
0000000000000000030001200200000023	N	oracle_13253	13253
0000000000000000030001202000000023	N	oracle_13254	13254
0000000000000000030002100200000023	N	oracle_13255	13255
0000000000000000030002102000000023	N	oracle_13256	13256
0000000000000000030020000210000023	N	oracle_13257	13257
0000000000000000040000000300000024	N	oracle_13258	13258
0000000000000000040000003000000024	N	oracle_13259	13259
0000000000000000040000030000000024	N	oracle_13260	13260
0000000000000000040000300000000024	N	oracle_13261	13261
0000000000000000100000000220000044	N	oracle_13262	13262
0000000000000000100000001220000223	N	oracle_13263	13263
0000000000000000100000001240000023	N	oracle_13264	13264
0000000000000000100000001330000023	N	oracle_13265	13265
0000000000000000100000001420000023	N	oracle_13266	13266
0000000000000000100000002020000044	N	oracle_13267	13267
0000000000000000100000002120000223	N	oracle_13268	13268
0000000000000000100000002140000023	N	oracle_13269	13269
0000000000000000100000002200000044	N	oracle_13270	13270
0000000000000000100000002210000223	N	oracle_13271	13271
0000000000000000100000002410000023	N	oracle_13272	13272
0000000000000000100000003130000023	N	oracle_13273	13273
0000000000000000100000003310000023	N	oracle_13274	13274
0000000000000000100000004120000023	N	oracle_13275	13275
0000000000000000100000004210000023	N	oracle_13276	13276
0000000000000000100000011230000023	N	oracle_13277	13277
0000000000000000100000012130000023	N	oracle_13278	13278
0000000000000000100000012310000023	N	oracle_13279	13279
0000000000000000100000012400000023	N	oracle_13280	13280
0000000000000000100000013210000023	N	oracle_13281	13281
0000000000000000100000013300000023	N	oracle_13282	13282
0000000000000000100000014200000023	N	oracle_13283	13283
0000000000000000100000020020000044	N	oracle_13284	13284
0000000000000000100000020200000044	N	oracle_13285	13285
0000000000000000100000021400000023	N	oracle_13286	13286
0000000000000000100000022000000044	N	oracle_13287	13287
0000000000000000100000022200000024	N	oracle_13288	13288
0000000000000000100000024100000023	N	oracle_13289	13289
0000000000000000100000031200000033	P	oracle_13290	13290
0000000000000000100000031210000023	N	oracle_13291	13291
0000000000000000100000031300000023	N	oracle_13292	13292
0000000000000000100000032100000033	P	oracle_13293	13293
0000000000000000100000032110000023	N	oracle_13294	13294
0000000000000000100000032200000023	N	oracle_13295	13295
0000000000000000100000033100000023	N	oracle_13296	13296
0000000000000000100000041200000023	N	oracle_13297	13297
0000000000000000100000042100000023	N	oracle_13298	13298
0000000000000000100000101220000033	N	oracle_13299	13299
0000000000000000100000102020000034	N	oracle_13300	13300
0000000000000000100000102020000223	P	oracle_13301	13301
0000000000000000100000102220000023	N	oracle_13302	13302
0000000000000000100000104020000023	N	oracle_13303	13303
0000000000000000100000112300000023	N	oracle_13304	13304
0000000000000000100000122200000023	N	oracle_13305	13305
0000000000000000100000123100000023	N	oracle_13306	13306
0000000000000000100000132100000023	N	oracle_13307	13307
0000000000000000100000200020000044	N	oracle_13308	13308
0000000000000000100000200200000044	N	oracle_13309	13309
0000000000000000100000201020000034	N	oracle_13310	13310
0000000000000000100000201020000223	P	oracle_13311	13311
0000000000000000100000201040000023	N	oracle_13312	13312
0000000000000000100000202000000044	N	oracle_13313	13313
0000000000000000100000202120000023	N	oracle_13314	13314
0000000000000000100000202210000023	N	oracle_13315	13315
0000000000000000100000204010000023	N	oracle_13316	13316
0000000000000000100000210020000223	P	oracle_13317	13317
0000000000000000100000220000000044	N	oracle_13318	13318
0000000000000000100000222000000024	N	oracle_13319	13319
0000000000000000100000222000000123	N	oracle_13320	13320
0000000000000000100000222010000023	N	oracle_13321	13321
0000000000000000100000222100000023	N	oracle_13322	13322
0000000000000000100000223000000023	N	oracle_13323	13323
0000000000000000100000230000000034	P	oracle_13324	13324
0000000000000000100000230100000033	P	oracle_13325	13325
0000000000000000100000232000000023	N	oracle_13326	13326
0000000000000000100000301030000023	N	oracle_13327	13327
0000000000000000100000301120000023	N	oracle_13328	13328
0000000000000000100000302110000023	N	oracle_13329	13329
0000000000000000100000320000000034	P	oracle_13330	13330
0000000000000000100000321100000023	N	oracle_13331	13331
0000000000000000100000322000000023	N	oracle_13332	13332
0000000000000000100000330000000024	N	oracle_13333	13333
0000000000000000100000331000000023	N	oracle_13334	13334
0000000000000000100000332000000022	P	oracle_13335	13335
0000000000000000100000401020000023	N	oracle_13336	13336
0000000000000000100001102020000033	N	oracle_13337	13337
0000000000000000100001200020000223	P	oracle_13338	13338
0000000000000000100001200200000223	N	oracle_13339	13339
0000000000000000100001200210000024	N	oracle_13340	13340
0000000000000000100001200220000023	P	oracle_13341	13341
0000000000000000100001201020000033	N	oracle_13342	13342
0000000000000000100001201300000023	P	oracle_13343	13343
0000000000000000100001202000000223	N	oracle_13344	13344
0000000000000000100001202200000023	N	oracle_13345	13345
0000000000000000100001220200000023	N	oracle_13346	13346
0000000000000000100001221100000023	N	oracle_13347	13347
0000000000000000100001222000000023	N	oracle_13348	13348
0000000000000000100002000020000044	N	oracle_13349	13349
0000000000000000100002000200000044	N	oracle_13350	13350
0000000000000000100002002000000044	N	oracle_13351	13351
0000000000000000100002020000000044	N	oracle_13352	13352
0000000000000000100002100200000223	N	oracle_13353	13353
0000000000000000100002100210000024	N	oracle_13354	13354
0000000000000000100002102000000223	N	oracle_13355	13355
0000000000000000100002102200000023	N	oracle_13356	13356
0000000000000000100002120000000223	N	oracle_13357	13357
0000000000000000100002120010000024	N	oracle_13358	13358
0000000000000000100002120200000023	N	oracle_13359	13359
0000000000000000100002200200000123	N	oracle_13360	13360
0000000000000000100002201200000023	N	oracle_13361	13361
0000000000000000100002202000000123	N	oracle_13362	13362
0000000000000000100002202100000023	N	oracle_13363	13363
0000000000000000100002210200000023	N	oracle_13364	13364
0000000000000000100002212000000023	N	oracle_13365	13365
0000000000000000100002220000000024	N	oracle_13366	13366
0000000000000000100002220000000123	N	oracle_13367	13367
0000000000000000100002220010000023	N	oracle_13368	13368
0000000000000000100002220100000023	N	oracle_13369	13369
0000000000000000100002221000000023	N	oracle_13370	13370
0000000000000000100002230000000023	N	oracle_13371	13371
0000000000000000100002320000000023	N	oracle_13372	13372
0000000000000000100002330000000022	P	oracle_13373	13373
0000000000000000100003112000000023	N	oracle_13374	13374
0000000000000000100003121000000023	N	oracle_13375	13375
0000000000000000100003200100000033	P	oracle_13376	13376
0000000000000000100003201000000033	P	oracle_13377	13377
0000000000000000100003300010000023	N	oracle_13378	13378
0000000000000000100003301000000023	N	oracle_13379	13379
0000000000000000100010000230000033	P	oracle_13380	13380
0000000000000000100010000330000023	N	oracle_13381	13381
0000000000000000100010001220000033	N	oracle_13382	13382
0000000000000000100010002120000033	N	oracle_13383	13383
0000000000000000100010002210000033	N	oracle_13384	13384
0000000000000000100010032000000033	P	oracle_13385	13385
0000000000000000100010033000000023	N	oracle_13386	13386
0000000000000000100010100220000033	N	oracle_13387	13387
0000000000000000100010102020000033	N	oracle_13388	13388
0000000000000000100010222000000023	N	oracle_13389	13389
0000000000000000100011200300000023	N	oracle_13390	13390
0000000000000000100011203000000023	N	oracle_13391	13391
0000000000000000100012000030000033	P	oracle_13392	13392
0000000000000000100012000120000033	N	oracle_13393	13393
0000000000000000100012001020000033	N	oracle_13394	13394
0000000000000000100012003000000033	P	oracle_13395	13395
0000000000000000100013000030000023	N	oracle_13396	13396
0000000000000000100013002000000033	P	oracle_13397	13397
0000000000000000100013003000000023	N	oracle_13398	13398
0000000000000000100020000020000044	N	oracle_13399	13399
0000000000000000100020000120000223	N	oracle_13400	13400
0000000000000000100020000200000044	N	oracle_13401	13401
0000000000000000100020000210000223	N	oracle_13402	13402
0000000000000000100020000230000023	N	oracle_13403	13403
0000000000000000100020002000000044	N	oracle_13404	13404
0000000000000000100020010220000023	N	oracle_13405	13405
0000000000000000100020012020000023	N	oracle_13406	13406
0000000000000000100020012100000033	P	oracle_13407	13407
0000000000000000100020012200000023	N	oracle_13408	13408
0000000000000000100020020210000023	N	oracle_13409	13409
0000000000000000100020022000000123	N	oracle_13410	13410
0000000000000000100020022010000023	N	oracle_13411	13411
0000000000000000100020022100000023	N	oracle_13412	13412
0000000000000000100020023000000023	N	oracle_13413	13413
0000000000000000100020210020000023	N	oracle_13414	13414
0000000000000000100020210200000023	N	oracle_13415	13415
0000000000000000100020220010000023	N	oracle_13416	13416
0000000000000000100021000120000033	N	oracle_13417	13417
0000000000000000100021000220000023	N	oracle_13418	13418
0000000000000000100021001020000033	N	oracle_13419	13419
0000000000000000100021002020000023	N	oracle_13420	13420
0000000000000000100021003000000024	N	oracle_13421	13421
0000000000000000100021003000000033	N	oracle_13422	13422
0000000000000000100021003000000123	N	oracle_13423	13423
0000000000000000100021003010000023	N	oracle_13424	13424
0000000000000000100021003100000023	N	oracle_13425	13425
0000000000000000100021004000000023	N	oracle_13426	13426
0000000000000000100021013000000023	N	oracle_13427	13427
0000000000000000100021103000000023	N	oracle_13428	13428
0000000000000000100022000210000023	N	oracle_13429	13429
0000000000000000100022002100000023	N	oracle_13430	13430
0000000000000000100022003000000023	N	oracle_13431	13431
0000000000000000100022100200000023	N	oracle_13432	13432
0000000000000000100022200010000023	N	oracle_13433	13433
0000000000000000100022200100000023	N	oracle_13434	13434
0000000000000000100030000130000023	N	oracle_13435	13435
0000000000000000100030000220000023	N	oracle_13436	13436
0000000000000000100030001120000023	N	oracle_13437	13437
0000000000000000100030001210000023	N	oracle_13438	13438
0000000000000000100030012010000023	N	oracle_13439	13439
0000000000000000100030012100000023	N	oracle_13440	13440
0000000000000000100030013000000023	N	oracle_13441	13441
0000000000000000100030021100000023	N	oracle_13442	13442
0000000000000000100100001220000033	N	oracle_13443	13443
0000000000000000100100201020000033	N	oracle_13444	13444
0000000000000000100100202020000023	N	oracle_13445	13445
0000000000000000100101202010000023	N	oracle_13446	13446
0000000000000000100102100210000023	N	oracle_13447	13447
0000000000000000100120000220000023	N	oracle_13448	13448
0000000000000000100121000030000023	N	oracle_13449	13449
0000000000000000100200000020000044	N	oracle_13450	13450
0000000000000000100200000200000044	N	oracle_13451	13451
0000000000000000100200102020000023	N	oracle_13452	13452
0000000000000000100200120020000023	N	oracle_13453	13453
0000000000000000100200202010000023	N	oracle_13454	13454
0000000000000000100200210020000023	N	oracle_13455	13455
0000000000000000100200210200000023	N	oracle_13456	13456
0000000000000000100200220010000023	N	oracle_13457	13457
0000000000000000100220000210000023	N	oracle_13458	13458
0000000000000000101000010220000033	N	oracle_13459	13459
0000000000000000101000120020000033	N	oracle_13460	13460
0000000000000000101000202020000023	N	oracle_13461	13461
0000000000000000101000210020000033	N	oracle_13462	13462
0000000000000000101020000120000033	N	oracle_13463	13463
0000000000000000101020000210000033	N	oracle_13464	13464
0000000000000000101020200020000023	N	oracle_13465	13465
0000000000000000101200001020000033	N	oracle_13466	13466
0000000000000000101200010020000033	N	oracle_13467	13467
0000000000000000101400000020000023	N	oracle_13468	13468
0000000000000000102000000020000044	N	oracle_13469	13469
0000000000000000102000000120000133	N	oracle_13470	13470
0000000000000000102000000130000123	N	oracle_13471	13471
0000000000000000102000000140000023	N	oracle_13472	13472
0000000000000000102000000220000123	P	oracle_13473	13473
0000000000000000102000001120000024	N	oracle_13474	13474
0000000000000000102000010120000024	N	oracle_13475	13475
0000000000000000102000010120000033	N	oracle_13476	13476
0000000000000000102000010120000123	N	oracle_13477	13477
0000000000000000102000200120000023	P	oracle_13478	13478
0000000000000000102001000120000024	N	oracle_13479	13479
0000000000000000102001000120000033	N	oracle_13480	13480
0000000000000000102010000120000024	P	oracle_13481	13481
0000000000000000102010000120000033	N	oracle_13482	13482
0000000000000000102010000120000123	P	oracle_13483	13483
0000000000000000102010010120000023	N	oracle_13484	13484
0000000000000000102010100120000023	P	oracle_13485	13485
0000000000000000102011000120000023	P	oracle_13486	13486
0000000000000000102020000120000023	P	oracle_13487	13487
0000000000000000102100000030000024	N	oracle_13488	13488
0000000000000000102100000030000123	N	oracle_13489	13489
0000000000000000110000102120000023	N	oracle_13490	13490
0000000000000000110000122200000022	P	oracle_13491	13491
0000000000000000110002120000000024	N	oracle_13492	13492
0000000000000000110002202000000023	N	oracle_13493	13493
0000000000000000110020022000000023	N	oracle_13494	13494
0000000000000000110021003000000023	N	oracle_13495	13495
0000000000000000112000000120000024	N	oracle_13496	13496
0000000000000000112000000120000123	N	oracle_13497	13497
0000000000000000112000100120000023	N	oracle_13498	13498
0000000000000000120000000200000044	N	oracle_13499	13499
0000000000000000120000002000000044	N	oracle_13500	13500
0000000000000000120000020000000044	N	oracle_13501	13501
0000000000000000120000122100000022	N	oracle_13502	13502
0000000000000000120000200000000044	N	oracle_13503	13503
0000000000000000120001200200000023	N	oracle_13504	13504
0000000000000000120001202000000023	N	oracle_13505	13505
0000000000000000120002100200000023	N	oracle_13506	13506
0000000000000000120002102000000023	N	oracle_13507	13507
0000000000000000120020000210000023	N	oracle_13508	13508
0000000000000000200000000200000144	N	oracle_13509	13509
0000000000000000200000000210000044	N	oracle_13510	13510
0000000000000000200000000220000034	N	oracle_13511	13511
0000000000000000200000000300000044	N	oracle_13512	13512
0000000000000000200000001020000044	N	oracle_13513	13513
0000000000000000200000001200000044	N	oracle_13514	13514
0000000000000000200000002000000144	N	oracle_13515	13515
0000000000000000200000002010000044	N	oracle_13516	13516
0000000000000000200000002020000034	N	oracle_13517	13517
0000000000000000200000002100000044	N	oracle_13518	13518
0000000000000000200000002200000034	N	oracle_13519	13519
0000000000000000200000003000000044	N	oracle_13520	13520
0000000000000000200000010020000044	N	oracle_13521	13521
0000000000000000200000010200000044	N	oracle_13522	13522
0000000000000000200000012000000044	N	oracle_13523	13523
0000000000000000200000020000000144	N	oracle_13524	13524
0000000000000000200000020010000044	N	oracle_13525	13525
0000000000000000200000020020000034	N	oracle_13526	13526
0000000000000000200000020100000044	N	oracle_13527	13527
0000000000000000200000020200000034	N	oracle_13528	13528
0000000000000000200000021000000044	N	oracle_13529	13529
0000000000000000200000022000000034	N	oracle_13530	13530
0000000000000000200000023100000023	N	oracle_13531	13531
0000000000000000200000030000000044	N	oracle_13532	13532
0000000000000000200000032100000023	N	oracle_13533	13533
0000000000000000200000100020000044	N	oracle_13534	13534
0000000000000000200000100200000044	N	oracle_13535	13535
0000000000000000200000102000000044	N	oracle_13536	13536
0000000000000000200000102020000024	N	oracle_13537	13537
0000000000000000200000102020000033	N	oracle_13538	13538
0000000000000000200000102020000123	N	oracle_13539	13539
0000000000000000200000102030000023	N	oracle_13540	13540
0000000000000000200000102120000023	N	oracle_13541	13541
0000000000000000200000103020000023	N	oracle_13542	13542
0000000000000000200000112020000023	N	oracle_13543	13543
0000000000000000200000120000000044	N	oracle_13544	13544
0000000000000000200000123000000023	N	oracle_13545	13545
0000000000000000200000130000000034	P	oracle_13546	13546
0000000000000000200000130020000023	N	oracle_13547	13547
0000000000000000200000200000000144	N	oracle_13548	13548
0000000000000000200000200010000044	N	oracle_13549	13549
0000000000000000200000200020000034	N	oracle_13550	13550
0000000000000000200000200100000044	N	oracle_13551	13551
0000000000000000200000200200000034	N	oracle_13552	13552
0000000000000000200000201000000044	N	oracle_13553	13553
0000000000000000200000202000000034	N	oracle_13554	13554
0000000000000000200000202010000024	N	oracle_13555	13555
0000000000000000200000202010000033	N	oracle_13556	13556
0000000000000000200000202010000123	N	oracle_13557	13557
0000000000000000200000202020000023	N	oracle_13558	13558
0000000000000000200000202110000023	N	oracle_13559	13559
0000000000000000200000203010000023	N	oracle_13560	13560
0000000000000000200000210000000044	N	oracle_13561	13561
0000000000000000200000210000000224	N	oracle_13562	13562
0000000000000000200000210000000233	N	oracle_13563	13563
0000000000000000200000210000001223	N	oracle_13564	13564
0000000000000000200000210010000223	N	oracle_13565	13565
0000000000000000200000210100000223	N	oracle_13566	13566
0000000000000000200000211000000223	N	oracle_13567	13567
0000000000000000200000212000000024	N	oracle_13568	13568
0000000000000000200000212000000123	N	oracle_13569	13569
0000000000000000200000212010000023	N	oracle_13570	13570
0000000000000000200000212100000023	N	oracle_13571	13571
0000000000000000200000213000000023	N	oracle_13572	13572
0000000000000000200000220000000034	N	oracle_13573	13573
0000000000000000200000220000000223	N	oracle_13574	13574
0000000000000000200000300000000044	N	oracle_13575	13575
0000000000000000200000302010000023	N	oracle_13576	13576
0000000000000000200000310000000034	P	oracle_13577	13577
0000000000000000200000310000000223	N	oracle_13578	13578
0000000000000000200000312000000023	N	oracle_13579	13579
0000000000000000200001000020000044	N	oracle_13580	13580
0000000000000000200001000200000044	N	oracle_13581	13581
0000000000000000200001002000000044	N	oracle_13582	13582
0000000000000000200001020000000044	N	oracle_13583	13583
0000000000000000200001102020000023	N	oracle_13584	13584
0000000000000000200001200010000223	N	oracle_13585	13585
0000000000000000200001200100000223	N	oracle_13586	13586
0000000000000000200001201000000223	N	oracle_13587	13587
0000000000000000200001202010000023	N	oracle_13588	13588
0000000000000000200001203000000023	N	oracle_13589	13589
0000000000000000200001210000000223	N	oracle_13590	13590
0000000000000000200001212000000023	N	oracle_13591	13591
0000000000000000200002000010000044	N	oracle_13592	13592
0000000000000000200002000020000034	N	oracle_13593	13593
0000000000000000200002000100000044	N	oracle_13594	13594
0000000000000000200002000200000034	N	oracle_13595	13595
0000000000000000200002001000000044	N	oracle_13596	13596
0000000000000000200002002000000034	N	oracle_13597	13597
0000000000000000200002020000000034	N	oracle_13598	13598
0000000000000000200002103000000023	N	oracle_13599	13599
0000000000000000200002200010000024	N	oracle_13600	13600
0000000000000000200002200010000033	N	oracle_13601	13601
0000000000000000200002200010000123	N	oracle_13602	13602
0000000000000000200002200020000023	N	oracle_13603	13603
0000000000000000200002200110000023	N	oracle_13604	13604
0000000000000000200002201010000023	N	oracle_13605	13605
0000000000000000200002210010000023	N	oracle_13606	13606
0000000000000000200002300010000023	N	oracle_13607	13607
0000000000000000200003200010000023	N	oracle_13608	13608
0000000000000000200010000020000044	N	oracle_13609	13609
0000000000000000200010000200000044	N	oracle_13610	13610
0000000000000000200010000230000023	N	oracle_13611	13611
0000000000000000200010002000000044	N	oracle_13612	13612
0000000000000000200010023000000023	N	oracle_13613	13613
0000000000000000200010102020000023	N	oracle_13614	13614
0000000000000000200010202010000023	N	oracle_13615	13615
0000000000000000200010212000000023	N	oracle_13616	13616
0000000000000000200012003000000023	N	oracle_13617	13617
0000000000000000200012200010000023	N	oracle_13618	13618
0000000000000000200020000010000044	N	oracle_13619	13619
0000000000000000200020000020000034	N	oracle_13620	13620
0000000000000000200020000100000044	N	oracle_13621	13621
0000000000000000200020000200000034	N	oracle_13622	13622
0000000000000000200020002000000034	N	oracle_13623	13623
0000000000000000200020012000000024	N	oracle_13624	13624
0000000000000000200020012000000033	N	oracle_13625	13625
0000000000000000200020012000000123	N	oracle_13626	13626
0000000000000000200020012010000023	N	oracle_13627	13627
0000000000000000200020012100000023	N	oracle_13628	13628
0000000000000000200020013000000023	N	oracle_13629	13629
0000000000000000200020022000000023	N	oracle_13630	13630
0000000000000000200020112000000023	N	oracle_13631	13631
0000000000000000200021002010000023	N	oracle_13632	13632
0000000000000000200021002100000023	N	oracle_13633	13633
0000000000000000200021003000000023	N	oracle_13634	13634
0000000000000000200021012000000023	N	oracle_13635	13635
0000000000000000200021200010000023	N	oracle_13636	13636
0000000000000000200021200100000023	N	oracle_13637	13637
0000000000000000200030000120000023	N	oracle_13638	13638
0000000000000000200030000210000023	N	oracle_13639	13639
0000000000000000200031000020000023	N	oracle_13640	13640
0000000000000000200032000010000023	N	oracle_13641	13641
0000000000000000200100000020000044	N	oracle_13642	13642
0000000000000000200100000200000044	N	oracle_13643	13643
0000000000000000200100102020000023	N	oracle_13644	13644
0000000000000000200100202010000023	N	oracle_13645	13645
0000000000000000200102200010000023	N	oracle_13646	13646
0000000000000000200200000010000044	N	oracle_13647	13647
0000000000000000200200000020000034	N	oracle_13648	13648
0000000000000000200200000200000034	N	oracle_13649	13649
0000000000000000201000000020000044	N	oracle_13650	13650
0000000000000000201000102020000023	N	oracle_13651	13651
0000000000000000201000202010000023	N	oracle_13652	13652
0000000000000000201000220010000023	N	oracle_13653	13653
0000000000000000201200000020000024	N	oracle_13654	13654
0000000000000000201200000020000033	N	oracle_13655	13655
0000000000000000201200000020000123	N	oracle_13656	13656
0000000000000000201200000030000023	N	oracle_13657	13657
0000000000000000201200000120000023	N	oracle_13658	13658
0000000000000000201200001020000023	N	oracle_13659	13659
0000000000000000201200010020000023	N	oracle_13660	13660
0000000000000000201200100020000023	N	oracle_13661	13661
0000000000000000201201000020000023	N	oracle_13662	13662
0000000000000000201210000020000023	N	oracle_13663	13663
0000000000000000201300000020000023	N	oracle_13664	13664
0000000000000000202000000020000034	N	oracle_13665	13665
0000000000000000202000000120000024	N	oracle_13666	13666
0000000000000000202000000120000033	N	oracle_13667	13667
0000000000000000202000000120000123	N	oracle_13668	13668
0000000000000000202000000130000023	N	oracle_13669	13669
0000000000000000202000000220000023	N	oracle_13670	13670
0000000000000000202000001120000023	N	oracle_13671	13671
0000000000000000202000010120000023	N	oracle_13672	13672
0000000000000000202000100120000023	N	oracle_13673	13673
0000000000000000202001000120000023	N	oracle_13674	13674
0000000000000000202010000120000023	N	oracle_13675	13675
0000000000000000202100000030000023	N	oracle_13676	13676
0000000000000000202100000120000023	N	oracle_13677	13677
0000000000000000210000002000000044	N	oracle_13678	13678
0000000000000000210000020000000044	N	oracle_13679	13679
0000000000000000210000102020000023	N	oracle_13680	13680
0000000000000000210000122100000022	N	oracle_13681	13681
0000000000000000210000200000000044	N	oracle_13682	13682
0000000000000000210000202010000023	N	oracle_13683	13683
0000000000000000210000210000000223	N	oracle_13684	13684
0000000000000000210000212000000023	N	oracle_13685	13685
0000000000000000210002200010000023	N	oracle_13686	13686
0000000000000000210020012000000023	N	oracle_13687	13687
0000000000000000211200000020000023	N	oracle_13688	13688
0000000000000000212000000120000023	N	oracle_13689	13689
0000000000000000220000001000000044	N	oracle_13690	13690
0000000000000000220000002000000034	N	oracle_13691	13691
0000000000000000220000010000000044	N	oracle_13692	13692
0000000000000000220000020000000034	N	oracle_13693	13693
0000000000000000220000100000000044	N	oracle_13694	13694
0000000000000000220000200000000034	N	oracle_13695	13695
0000000000000000300000000400000024	N	oracle_13696	13696
0000000000000000300000002000000044	N	oracle_13697	13697
0000000000000000300000004000000024	N	oracle_13698	13698
0000000000000000300000020000000044	N	oracle_13699	13699
0000000000000000300000040000000024	N	oracle_13700	13700
0000000000000000300000102020000023	N	oracle_13701	13701
0000000000000000300000120000000034	P	oracle_13702	13702
0000000000000000300000121000000024	N	oracle_13703	13703
0000000000000000300000121000000123	N	oracle_13704	13704
0000000000000000300000121010000023	N	oracle_13705	13705
0000000000000000300000130000000024	N	oracle_13706	13706
0000000000000000300000200000000044	N	oracle_13707	13707
0000000000000000300000202010000023	N	oracle_13708	13708
0000000000000000300000210000000034	P	oracle_13709	13709
0000000000000000300000210000000223	N	oracle_13710	13710
0000000000000000300000310000000024	N	oracle_13711	13711
0000000000000000300000400000000024	N	oracle_13712	13712
0000000000000000300002200010000023	N	oracle_13713	13713
0000000000000000300010121000000023	N	oracle_13714	13714
0000000000000000300012100010000023	N	oracle_13715	13715
0000000000000000300012100100000023	N	oracle_13716	13716
0000000000000000300020012000000023	N	oracle_13717	13717
0000000000000000301200000020000023	N	oracle_13718	13718
0000000000000000302000000120000023	N	oracle_13719	13719
0000000000000000310000121000000023	N	oracle_13720	13720
0000000000000000400000003000000024	N	oracle_13721	13721
0000000000000000400000030000000024	N	oracle_13722	13722
0000000000000000400000121000000023	N	oracle_13723	13723
0000000000000000400000300000000024	N	oracle_13724	13724
0000000000000001000000001240000023	N	oracle_13725	13725
0000000000000001000000001330000023	N	oracle_13726	13726
0000000000000001000000001420000023	N	oracle_13727	13727
0000000000000001000000002020000044	N	oracle_13728	13728
0000000000000001000000002120000223	N	oracle_13729	13729
0000000000000001000000002140000023	N	oracle_13730	13730
0000000000000001000000002200000044	N	oracle_13731	13731
0000000000000001000000002410000023	N	oracle_13732	13732
0000000000000001000000003130000023	N	oracle_13733	13733
0000000000000001000000003310000023	N	oracle_13734	13734
0000000000000001000000004120000023	N	oracle_13735	13735
0000000000000001000000004210000023	N	oracle_13736	13736
0000000000000001000000011230000023	N	oracle_13737	13737
0000000000000001000000012130000023	N	oracle_13738	13738
0000000000000001000000012310000023	N	oracle_13739	13739
0000000000000001000000012400000023	N	oracle_13740	13740
0000000000000001000000013210000023	N	oracle_13741	13741
0000000000000001000000013300000023	N	oracle_13742	13742
0000000000000001000000014200000023	N	oracle_13743	13743
0000000000000001000000020020000044	N	oracle_13744	13744
0000000000000001000000020200000044	N	oracle_13745	13745
0000000000000001000000021400000023	N	oracle_13746	13746
0000000000000001000000022000000044	N	oracle_13747	13747
0000000000000001000000022200000024	N	oracle_13748	13748
0000000000000001000000024100000023	N	oracle_13749	13749
0000000000000001000000031200000033	P	oracle_13750	13750
0000000000000001000000031210000023	N	oracle_13751	13751
0000000000000001000000031300000023	N	oracle_13752	13752
0000000000000001000000032100000033	P	oracle_13753	13753
0000000000000001000000032110000023	N	oracle_13754	13754
0000000000000001000000032200000023	N	oracle_13755	13755
0000000000000001000000033100000023	N	oracle_13756	13756
0000000000000001000000041200000023	N	oracle_13757	13757
0000000000000001000000042100000023	N	oracle_13758	13758
0000000000000001000000101220000033	N	oracle_13759	13759
0000000000000001000000102220000023	N	oracle_13760	13760
0000000000000001000000104020000023	N	oracle_13761	13761
0000000000000001000000111220000023	N	oracle_13762	13762
0000000000000001000000112300000023	N	oracle_13763	13763
0000000000000001000000113020000023	N	oracle_13764	13764
0000000000000001000000123100000023	N	oracle_13765	13765
0000000000000001000000132100000023	N	oracle_13766	13766
0000000000000001000000200020000044	N	oracle_13767	13767
0000000000000001000000200200000044	N	oracle_13768	13768
0000000000000001000000201040000023	N	oracle_13769	13769
0000000000000001000000202000000044	N	oracle_13770	13770
0000000000000001000000202120000023	N	oracle_13771	13771
0000000000000001000000202210000023	N	oracle_13772	13772
0000000000000001000000204010000023	N	oracle_13773	13773
0000000000000001000000220000000044	N	oracle_13774	13774
0000000000000001000000221110000023	N	oracle_13775	13775
0000000000000001000000222000000024	N	oracle_13776	13776
0000000000000001000000222000000123	N	oracle_13777	13777
0000000000000001000000222010000023	N	oracle_13778	13778
0000000000000001000000222100000023	N	oracle_13779	13779
0000000000000001000000223000000023	N	oracle_13780	13780
0000000000000001000000230000000034	P	oracle_13781	13781
0000000000000001000000230100000033	P	oracle_13782	13782
0000000000000001000000232000000023	N	oracle_13783	13783
0000000000000001000000301030000023	N	oracle_13784	13784
0000000000000001000000301120000023	N	oracle_13785	13785
0000000000000001000000302110000023	N	oracle_13786	13786
0000000000000001000000320000000034	P	oracle_13787	13787
0000000000000001000000321100000023	N	oracle_13788	13788
0000000000000001000000322000000023	N	oracle_13789	13789
0000000000000001000000330000000024	N	oracle_13790	13790
0000000000000001000000331000000023	N	oracle_13791	13791
0000000000000001000000332000000022	P	oracle_13792	13792
0000000000000001000000401020000023	N	oracle_13793	13793
0000000000000001000001102020000033	N	oracle_13794	13794
0000000000000001000001200020000223	N	oracle_13795	13795
0000000000000001000001200200000223	N	oracle_13796	13796
0000000000000001000001200210000024	N	oracle_13797	13797
0000000000000001000001202000000223	N	oracle_13798	13798
0000000000000001000001202200000023	N	oracle_13799	13799
0000000000000001000001220200000023	N	oracle_13800	13800
0000000000000001000001221100000023	N	oracle_13801	13801
0000000000000001000001222000000023	N	oracle_13802	13802
0000000000000001000002000020000044	N	oracle_13803	13803
0000000000000001000002000200000044	N	oracle_13804	13804
0000000000000001000002002000000044	N	oracle_13805	13805
0000000000000001000002020000000044	N	oracle_13806	13806
0000000000000001000002100200000223	N	oracle_13807	13807
0000000000000001000002100210000024	N	oracle_13808	13808
0000000000000001000002102000000223	N	oracle_13809	13809
0000000000000001000002102200000023	N	oracle_13810	13810
0000000000000001000002120000000223	N	oracle_13811	13811
0000000000000001000002120010000024	N	oracle_13812	13812
0000000000000001000002120200000023	N	oracle_13813	13813
0000000000000001000002200010000223	P	oracle_13814	13814
0000000000000001000002200200000123	N	oracle_13815	13815
0000000000000001000002201200000023	N	oracle_13816	13816
0000000000000001000002202000000123	N	oracle_13817	13817
0000000000000001000002202100000023	N	oracle_13818	13818
0000000000000001000002210200000023	N	oracle_13819	13819
0000000000000001000002212000000023	N	oracle_13820	13820
0000000000000001000002220000000024	N	oracle_13821	13821
0000000000000001000002220000000123	N	oracle_13822	13822
0000000000000001000002220010000023	N	oracle_13823	13823
0000000000000001000002220100000023	N	oracle_13824	13824
0000000000000001000002221000000023	N	oracle_13825	13825
0000000000000001000002230000000023	N	oracle_13826	13826
0000000000000001000002320000000023	N	oracle_13827	13827
0000000000000001000002330000000022	P	oracle_13828	13828
0000000000000001000003112000000023	N	oracle_13829	13829
0000000000000001000003121000000023	N	oracle_13830	13830
0000000000000001000003200100000033	P	oracle_13831	13831
0000000000000001000003201000000033	P	oracle_13832	13832
0000000000000001000003300010000023	N	oracle_13833	13833
0000000000000001000003301000000023	N	oracle_13834	13834
0000000000000001000010000220000034	N	oracle_13835	13835
0000000000000001000010001220000033	N	oracle_13836	13836
0000000000000001000010002120000033	N	oracle_13837	13837
0000000000000001000010002210000033	N	oracle_13838	13838
0000000000000001000010032000000033	P	oracle_13839	13839
0000000000000001000010033000000023	N	oracle_13840	13840
0000000000000001000010222000000023	N	oracle_13841	13841
0000000000000001000011200300000023	N	oracle_13842	13842
0000000000000001000011203000000023	N	oracle_13843	13843
0000000000000001000012000120000033	N	oracle_13844	13844
0000000000000001000012001020000033	N	oracle_13845	13845
0000000000000001000012003000000033	P	oracle_13846	13846
0000000000000001000013002000000033	P	oracle_13847	13847
0000000000000001000013003000000023	N	oracle_13848	13848
0000000000000001000020000020000044	N	oracle_13849	13849
0000000000000001000020000120000034	P	oracle_13850	13850
0000000000000001000020000200000044	N	oracle_13851	13851
0000000000000001000020000210000223	N	oracle_13852	13852
0000000000000001000020002000000044	N	oracle_13853	13853
0000000000000001000020010120000033	N	oracle_13854	13854
0000000000000001000020010220000023	N	oracle_13855	13855
0000000000000001000020012020000023	N	oracle_13856	13856
0000000000000001000020012100000033	P	oracle_13857	13857
0000000000000001000020012200000023	N	oracle_13858	13858
0000000000000001000020020210000023	N	oracle_13859	13859
0000000000000001000020022000000123	N	oracle_13860	13860
0000000000000001000020022010000023	N	oracle_13861	13861
0000000000000001000020022100000023	N	oracle_13862	13862
0000000000000001000020023000000023	N	oracle_13863	13863
0000000000000001000020210020000023	N	oracle_13864	13864
0000000000000001000020210200000023	N	oracle_13865	13865
0000000000000001000020220010000023	N	oracle_13866	13866
0000000000000001000021000120000033	N	oracle_13867	13867
0000000000000001000021000220000023	N	oracle_13868	13868
0000000000000001000021001020000033	N	oracle_13869	13869
0000000000000001000021002020000023	N	oracle_13870	13870
0000000000000001000021003000000024	N	oracle_13871	13871
0000000000000001000021003000000033	N	oracle_13872	13872
0000000000000001000021003000000123	N	oracle_13873	13873
0000000000000001000021003010000023	N	oracle_13874	13874
0000000000000001000021003100000023	N	oracle_13875	13875
0000000000000001000021004000000023	N	oracle_13876	13876
0000000000000001000021013000000023	N	oracle_13877	13877
0000000000000001000021103000000023	N	oracle_13878	13878
0000000000000001000022000210000023	N	oracle_13879	13879
0000000000000001000022002100000023	N	oracle_13880	13880
0000000000000001000022003000000023	N	oracle_13881	13881
0000000000000001000022100200000023	N	oracle_13882	13882
0000000000000001000022200010000023	N	oracle_13883	13883
0000000000000001000022200100000023	N	oracle_13884	13884
0000000000000001000030000130000023	N	oracle_13885	13885
0000000000000001000030000220000023	N	oracle_13886	13886
0000000000000001000030001120000023	N	oracle_13887	13887
0000000000000001000030001210000023	N	oracle_13888	13888
0000000000000001000030012010000023	N	oracle_13889	13889
0000000000000001000030012100000023	N	oracle_13890	13890
0000000000000001000030013000000023	N	oracle_13891	13891
0000000000000001000030021100000023	N	oracle_13892	13892
0000000000000001000100202020000023	N	oracle_13893	13893
0000000000000001000101202010000023	N	oracle_13894	13894
0000000000000001000102100210000023	N	oracle_13895	13895
0000000000000001000120000220000023	N	oracle_13896	13896
0000000000000001000200000020000044	N	oracle_13897	13897
0000000000000001000200000200000044	N	oracle_13898	13898
0000000000000001000200102020000023	N	oracle_13899	13899
0000000000000001000200120020000023	N	oracle_13900	13900
0000000000000001000200202010000023	N	oracle_13901	13901
0000000000000001000200210020000023	N	oracle_13902	13902
0000000000000001000200210200000023	N	oracle_13903	13903
0000000000000001000200220010000023	N	oracle_13904	13904
0000000000000001000220000210000023	N	oracle_13905	13905
0000000000000001001000010220000033	N	oracle_13906	13906
0000000000000001001000120020000033	N	oracle_13907	13907
0000000000000001001000202020000023	N	oracle_13908	13908
0000000000000001001000210020000033	N	oracle_13909	13909
0000000000000001001020000120000033	N	oracle_13910	13910
0000000000000001001020200020000023	N	oracle_13911	13911
0000000000000001001200001020000033	N	oracle_13912	13912
0000000000000001001200010020000033	N	oracle_13913	13913
0000000000000001001400000020000023	N	oracle_13914	13914
0000000000000001002000000020000044	N	oracle_13915	13915
0000000000000001002000000120000133	N	oracle_13916	13916
0000000000000001002000000130000123	N	oracle_13917	13917
0000000000000001002000000140000023	N	oracle_13918	13918
0000000000000001002000000220000123	P	oracle_13919	13919
0000000000000001002000001120000024	N	oracle_13920	13920
0000000000000001002000010120000024	N	oracle_13921	13921
0000000000000001002000010120000033	N	oracle_13922	13922
0000000000000001002000010120000123	N	oracle_13923	13923
0000000000000001002000200120000023	P	oracle_13924	13924
0000000000000001002001000120000024	N	oracle_13925	13925
0000000000000001002001000120000033	N	oracle_13926	13926
0000000000000001002010000120000024	P	oracle_13927	13927
0000000000000001002010000120000033	N	oracle_13928	13928
0000000000000001002010010120000023	N	oracle_13929	13929
0000000000000001002100000030000024	N	oracle_13930	13930
0000000000000001002100000030000123	N	oracle_13931	13931
0000000000000001010000102120000023	N	oracle_13932	13932
0000000000000001010000122200000022	P	oracle_13933	13933
0000000000000001010002120000000024	N	oracle_13934	13934
0000000000000001010002202000000023	N	oracle_13935	13935
0000000000000001010020000120000033	N	oracle_13936	13936
0000000000000001010020022000000023	N	oracle_13937	13937
0000000000000001010021003000000023	N	oracle_13938	13938
0000000000000001012000000120000024	N	oracle_13939	13939
0000000000000001012000000120000123	N	oracle_13940	13940
0000000000000001012000100120000023	N	oracle_13941	13941
0000000000000001020000002000000044	N	oracle_13942	13942
0000000000000001020000020000000044	N	oracle_13943	13943
0000000000000001020000122100000022	N	oracle_13944	13944
0000000000000001020000200000000044	N	oracle_13945	13945
0000000000000001020001200200000023	N	oracle_13946	13946
0000000000000001020001202000000023	N	oracle_13947	13947
0000000000000001020002100200000023	N	oracle_13948	13948
0000000000000001020002102000000023	N	oracle_13949	13949
0000000000000001020020000210000023	N	oracle_13950	13950
0000000000000001100001200300000023	P	oracle_13951	13951
0000000000000001100001300200000023	P	oracle_13952	13952
0000000000000001100020000120000033	N	oracle_13953	13953
0000000000000001100021003000000023	N	oracle_13954	13954
0000000000000001200000002000000044	N	oracle_13955	13955
0000000000000001200000020000000044	N	oracle_13956	13956
0000000000000001200000102020000023	N	oracle_13957	13957
0000000000000001200000122100000022	P	oracle_13958	13958
0000000000000001200000200000000044	N	oracle_13959	13959
0000000000000001200000202010000023	N	oracle_13960	13960
0000000000000001200000210000000223	N	oracle_13961	13961
0000000000000001200000212000000023	N	oracle_13962	13962
0000000000000001200002200010000023	N	oracle_13963	13963
0000000000000001200020012000000023	N	oracle_13964	13964
0000000000000001201200000020000023	N	oracle_13965	13965
0000000000000001202000000120000023	N	oracle_13966	13966
0000000000000001220000010000000223	N	oracle_13967	13967
0000000000000001220000100000000223	N	oracle_13968	13968
0000000000000001300000121000000023	N	oracle_13969	13969
0000000000000002000000002000000144	N	oracle_13970	13970
0000000000000002000000002010000044	N	oracle_13971	13971
0000000000000002000000002020000034	N	oracle_13972	13972
0000000000000002000000002100000044	N	oracle_13973	13973
0000000000000002000000002200000034	N	oracle_13974	13974
0000000000000002000000003000000044	N	oracle_13975	13975
0000000000000002000000010020000044	N	oracle_13976	13976
0000000000000002000000010200000044	N	oracle_13977	13977
0000000000000002000000012000000044	N	oracle_13978	13978
0000000000000002000000020000000144	N	oracle_13979	13979
0000000000000002000000020010000044	N	oracle_13980	13980
0000000000000002000000020020000034	N	oracle_13981	13981
0000000000000002000000020100000044	N	oracle_13982	13982
0000000000000002000000020200000034	N	oracle_13983	13983
0000000000000002000000021000000044	N	oracle_13984	13984
0000000000000002000000022000000034	N	oracle_13985	13985
0000000000000002000000023100000023	N	oracle_13986	13986
0000000000000002000000030000000044	N	oracle_13987	13987
0000000000000002000000032100000023	N	oracle_13988	13988
0000000000000002000000100020000044	N	oracle_13989	13989
0000000000000002000000100200000044	N	oracle_13990	13990
0000000000000002000000102000000044	N	oracle_13991	13991
0000000000000002000000120000000044	N	oracle_13992	13992
0000000000000002000000120000000224	N	oracle_13993	13993
0000000000000002000000120000000233	N	oracle_13994	13994
0000000000000002000000120000001223	N	oracle_13995	13995
0000000000000002000000120010000223	N	oracle_13996	13996
0000000000000002000000120100000223	N	oracle_13997	13997
0000000000000002000000120200000024	N	oracle_13998	13998
0000000000000002000000120200000033	N	oracle_13999	13999
0000000000000002000000120200000123	N	oracle_14000	14000
0000000000000002000000120210000023	N	oracle_14001	14001
0000000000000002000000120300000023	N	oracle_14002	14002
0000000000000002000000121000000223	N	oracle_14003	14003
0000000000000002000000121200000023	N	oracle_14004	14004
0000000000000002000000123000000023	N	oracle_14005	14005
0000000000000002000000130000000034	P	oracle_14006	14006
0000000000000002000000130000000223	N	oracle_14007	14007
0000000000000002000000130020000023	N	oracle_14008	14008
0000000000000002000000130200000023	N	oracle_14009	14009
0000000000000002000000200000000144	N	oracle_14010	14010
0000000000000002000000200010000044	N	oracle_14011	14011
0000000000000002000000200020000034	N	oracle_14012	14012
0000000000000002000000200100000044	N	oracle_14013	14013
0000000000000002000000200200000034	N	oracle_14014	14014
0000000000000002000000201000000044	N	oracle_14015	14015
0000000000000002000000202000000034	N	oracle_14016	14016
0000000000000002000000203010000023	N	oracle_14017	14017
0000000000000002000000210000000044	N	oracle_14018	14018
0000000000000002000000210000000224	N	oracle_14019	14019
0000000000000002000000210000000233	N	oracle_14020	14020
0000000000000002000000210000001223	N	oracle_14021	14021
0000000000000002000000210010000223	N	oracle_14022	14022
0000000000000002000000210100000223	N	oracle_14023	14023
0000000000000002000000210200000024	N	oracle_14024	14024
0000000000000002000000210200000033	N	oracle_14025	14025
0000000000000002000000210200000123	N	oracle_14026	14026
0000000000000002000000210210000023	N	oracle_14027	14027
0000000000000002000000210300000023	N	oracle_14028	14028
0000000000000002000000211000000223	N	oracle_14029	14029
0000000000000002000000211200000023	N	oracle_14030	14030
0000000000000002000000213000000023	N	oracle_14031	14031
0000000000000002000000220000000034	N	oracle_14032	14032
0000000000000002000000220000000124	N	oracle_14033	14033
0000000000000002000000220000000133	N	oracle_14034	14034
0000000000000002000000220000000223	N	oracle_14035	14035
0000000000000002000000220000001123	N	oracle_14036	14036
0000000000000002000000220010000024	N	oracle_14037	14037
0000000000000002000000220010000033	N	oracle_14038	14038
0000000000000002000000220010000123	N	oracle_14039	14039
0000000000000002000000220020000023	N	oracle_14040	14040
0000000000000002000000220100000024	N	oracle_14041	14041
0000000000000002000000220100000033	N	oracle_14042	14042
0000000000000002000000220100000123	N	oracle_14043	14043
0000000000000002000000220110000023	N	oracle_14044	14044
0000000000000002000000220200000023	N	oracle_14045	14045
0000000000000002000000221000000123	N	oracle_14046	14046
0000000000000002000000221010000023	N	oracle_14047	14047
0000000000000002000000221100000023	N	oracle_14048	14048
0000000000000002000000230000000123	N	oracle_14049	14049
0000000000000002000000230010000023	N	oracle_14050	14050
0000000000000002000000230100000023	N	oracle_14051	14051
0000000000000002000000300000000044	N	oracle_14052	14052
0000000000000002000000310000000034	P	oracle_14053	14053
0000000000000002000000310000000223	N	oracle_14054	14054
0000000000000002000000310200000023	N	oracle_14055	14055
0000000000000002000000320000000123	N	oracle_14056	14056
0000000000000002000000320010000023	N	oracle_14057	14057
0000000000000002000000320100000023	N	oracle_14058	14058
0000000000000002000001000020000044	N	oracle_14059	14059
0000000000000002000001000200000044	N	oracle_14060	14060
0000000000000002000001002000000044	N	oracle_14061	14061
0000000000000002000001020000000044	N	oracle_14062	14062
0000000000000002000001120000000223	N	oracle_14063	14063
0000000000000002000001120200000023	N	oracle_14064	14064
0000000000000002000001200010000223	N	oracle_14065	14065
0000000000000002000001200020000024	N	oracle_14066	14066
0000000000000002000001200020000033	N	oracle_14067	14067
0000000000000002000001200020000123	N	oracle_14068	14068
0000000000000002000001200030000023	N	oracle_14069	14069
0000000000000002000001200100000223	N	oracle_14070	14070
0000000000000002000001200120000023	N	oracle_14071	14071
0000000000000002000001200200000024	N	oracle_14072	14072
0000000000000002000001200200000033	N	oracle_14073	14073
0000000000000002000001200200000123	N	oracle_14074	14074
0000000000000002000001200210000023	N	oracle_14075	14075
0000000000000002000001200300000023	N	oracle_14076	14076
0000000000000002000001201000000223	N	oracle_14077	14077
0000000000000002000001201020000023	N	oracle_14078	14078
0000000000000002000001201200000023	N	oracle_14079	14079
0000000000000002000001203000000023	N	oracle_14080	14080
0000000000000002000001210000000223	N	oracle_14081	14081
0000000000000002000001210020000023	N	oracle_14082	14082
0000000000000002000001210200000023	N	oracle_14083	14083
0000000000000002000001220000000123	N	oracle_14084	14084
0000000000000002000001220010000023	N	oracle_14085	14085
0000000000000002000001220100000023	N	oracle_14086	14086
0000000000000002000001300020000023	N	oracle_14087	14087
0000000000000002000001300200000023	N	oracle_14088	14088
0000000000000002000002000010000044	N	oracle_14089	14089
0000000000000002000002000020000034	N	oracle_14090	14090
0000000000000002000002000100000044	N	oracle_14091	14091
0000000000000002000002000200000034	N	oracle_14092	14092
0000000000000002000002001000000044	N	oracle_14093	14093
0000000000000002000002002000000034	N	oracle_14094	14094
0000000000000002000002020000000034	N	oracle_14095	14095
0000000000000002000002100010000223	N	oracle_14096	14096
0000000000000002000002100100000223	N	oracle_14097	14097
0000000000000002000002100200000024	N	oracle_14098	14098
0000000000000002000002100200000033	N	oracle_14099	14099
0000000000000002000002100200000123	N	oracle_14100	14100
0000000000000002000002100210000023	N	oracle_14101	14101
0000000000000002000002100300000023	N	oracle_14102	14102
0000000000000002000002101000000223	N	oracle_14103	14103
0000000000000002000002101200000023	N	oracle_14104	14104
0000000000000002000002103000000023	N	oracle_14105	14105
0000000000000002000002110200000023	N	oracle_14106	14106
0000000000000002000002200010000024	N	oracle_14107	14107
0000000000000002000002200010000033	N	oracle_14108	14108
0000000000000002000002200010000123	N	oracle_14109	14109
0000000000000002000002200020000023	N	oracle_14110	14110
0000000000000002000002200100000123	N	oracle_14111	14111
0000000000000002000002200110000023	N	oracle_14112	14112
0000000000000002000002200200000023	N	oracle_14113	14113
0000000000000002000002201000000123	N	oracle_14114	14114
0000000000000002000002201010000023	N	oracle_14115	14115
0000000000000002000002210010000023	N	oracle_14116	14116
0000000000000002000002300010000023	N	oracle_14117	14117
0000000000000002000003100200000023	N	oracle_14118	14118
0000000000000002000003200010000023	N	oracle_14119	14119
0000000000000002000010000020000044	N	oracle_14120	14120
0000000000000002000010000200000044	N	oracle_14121	14121
0000000000000002000010002000000044	N	oracle_14122	14122
0000000000000002000010023000000023	N	oracle_14123	14123
0000000000000002000010120200000023	N	oracle_14124	14124
0000000000000002000010210200000023	N	oracle_14125	14125
0000000000000002000010220010000023	N	oracle_14126	14126
0000000000000002000010220100000023	N	oracle_14127	14127
0000000000000002000011200020000023	N	oracle_14128	14128
0000000000000002000011200200000023	N	oracle_14129	14129
0000000000000002000012003000000023	N	oracle_14130	14130
0000000000000002000012100200000023	N	oracle_14131	14131
0000000000000002000012200010000023	N	oracle_14132	14132
0000000000000002000020000010000044	N	oracle_14133	14133
0000000000000002000020000020000034	N	oracle_14134	14134
0000000000000002000020000100000044	N	oracle_14135	14135
0000000000000002000020000200000034	N	oracle_14136	14136
0000000000000002000020002000000034	N	oracle_14137	14137
0000000000000002000020012000000024	N	oracle_14138	14138
0000000000000002000020012000000033	N	oracle_14139	14139
0000000000000002000020012000000123	N	oracle_14140	14140
0000000000000002000020012010000023	N	oracle_14141	14141
0000000000000002000020012100000023	N	oracle_14142	14142
0000000000000002000020013000000023	N	oracle_14143	14143
0000000000000002000020022000000023	N	oracle_14144	14144
0000000000000002000020112000000023	N	oracle_14145	14145
0000000000000002000021002010000023	N	oracle_14146	14146
0000000000000002000021002100000023	N	oracle_14147	14147
0000000000000002000021003000000023	N	oracle_14148	14148
0000000000000002000021012000000023	N	oracle_14149	14149
0000000000000002000030000120000023	N	oracle_14150	14150
0000000000000002000030000210000023	N	oracle_14151	14151
0000000000000002000031000020000023	N	oracle_14152	14152
0000000000000002000032000010000023	N	oracle_14153	14153
0000000000000002000100000020000044	N	oracle_14154	14154
0000000000000002000100000200000044	N	oracle_14155	14155
0000000000000002000100120200000023	N	oracle_14156	14156
0000000000000002000100210200000023	N	oracle_14157	14157
0000000000000002000100220010000023	N	oracle_14158	14158
0000000000000002000100220100000023	N	oracle_14159	14159
0000000000000002000101200020000023	N	oracle_14160	14160
0000000000000002000101200200000023	N	oracle_14161	14161
0000000000000002000102100200000023	N	oracle_14162	14162
0000000000000002000102200010000023	N	oracle_14163	14163
0000000000000002000200000010000044	N	oracle_14164	14164
0000000000000002000200000020000034	N	oracle_14165	14165
0000000000000002000200000200000034	N	oracle_14166	14166
0000000000000002000200120010000023	N	oracle_14167	14167
0000000000000002000200210010000023	N	oracle_14168	14168
0000000000000002000201200010000023	N	oracle_14169	14169
0000000000000002000202100010000023	N	oracle_14170	14170
0000000000000002001000000020000044	N	oracle_14171	14171
0000000000000002001000220010000023	N	oracle_14172	14172
0000000000000002001001200020000023	N	oracle_14173	14173
0000000000000002001200000020000024	N	oracle_14174	14174
0000000000000002001200000020000033	N	oracle_14175	14175
0000000000000002001200000020000123	N	oracle_14176	14176
0000000000000002001200000030000023	N	oracle_14177	14177
0000000000000002001200000120000023	N	oracle_14178	14178
0000000000000002001200001020000023	N	oracle_14179	14179
0000000000000002001200010020000023	N	oracle_14180	14180
0000000000000002001200100020000023	N	oracle_14181	14181
0000000000000002001201000020000023	N	oracle_14182	14182
0000000000000002001210000020000023	N	oracle_14183	14183
0000000000000002001300000020000023	N	oracle_14184	14184
0000000000000002002000000020000034	N	oracle_14185	14185
0000000000000002002000000120000024	N	oracle_14186	14186
0000000000000002002000000120000033	N	oracle_14187	14187
0000000000000002002000000120000123	N	oracle_14188	14188
0000000000000002002000000130000023	N	oracle_14189	14189
0000000000000002002000000220000023	N	oracle_14190	14190
0000000000000002002000001120000023	N	oracle_14191	14191
0000000000000002002000010120000023	N	oracle_14192	14192
0000000000000002002000100120000023	N	oracle_14193	14193
0000000000000002002001000120000023	N	oracle_14194	14194
0000000000000002002010000120000023	N	oracle_14195	14195
0000000000000002002100000030000023	N	oracle_14196	14196
0000000000000002002100000120000023	N	oracle_14197	14197
0000000000000002010000020000000044	N	oracle_14198	14198
0000000000000002010000120000000223	N	oracle_14199	14199
0000000000000002010000120200000023	N	oracle_14200	14200
0000000000000002010000122100000022	N	oracle_14201	14201
0000000000000002010000200000000044	N	oracle_14202	14202
0000000000000002010000210000000223	N	oracle_14203	14203
0000000000000002010000210200000023	N	oracle_14204	14204
0000000000000002010000220000000123	N	oracle_14205	14205
0000000000000002010000220010000023	N	oracle_14206	14206
0000000000000002010000220100000023	N	oracle_14207	14207
0000000000000002010001200020000023	N	oracle_14208	14208
0000000000000002010001200200000023	N	oracle_14209	14209
0000000000000002010002100200000023	N	oracle_14210	14210
0000000000000002010002200010000023	N	oracle_14211	14211
0000000000000002010020012000000023	N	oracle_14212	14212
0000000000000002011200000020000023	N	oracle_14213	14213
0000000000000002012000000120000023	N	oracle_14214	14214
0000000000000002020000010000000044	N	oracle_14215	14215
0000000000000002020000020000000034	N	oracle_14216	14216
0000000000000002020000100000000044	N	oracle_14217	14217
0000000000000002020000200000000034	N	oracle_14218	14218
0000000000000002020000210000000024	N	oracle_14219	14219
0000000000000002020000210000000033	N	oracle_14220	14220
0000000000000002020000210000000123	N	oracle_14221	14221
0000000000000002020000210010000023	N	oracle_14222	14222
0000000000000002020000210100000023	N	oracle_14223	14223
0000000000000002020000211000000023	N	oracle_14224	14224
0000000000000002020000220000000023	N	oracle_14225	14225
0000000000000002020000310000000023	N	oracle_14226	14226
0000000000000002020001200010000023	N	oracle_14227	14227
0000000000000002020001200100000023	N	oracle_14228	14228
0000000000000002020001201000000023	N	oracle_14229	14229
0000000000000002020001210000000023	N	oracle_14230	14230
0000000000000002030000210000000023	N	oracle_14231	14231
0000000000000002100000020000000044	N	oracle_14232	14232
0000000000000002100000120000000223	N	oracle_14233	14233
0000000000000002100000120200000023	N	oracle_14234	14234
0000000000000002100000200000000044	N	oracle_14235	14235
0000000000000002100000210000000223	N	oracle_14236	14236
0000000000000002100000210200000023	N	oracle_14237	14237
0000000000000002100000220000000123	N	oracle_14238	14238
0000000000000002100000220010000023	N	oracle_14239	14239
0000000000000002100000220100000023	N	oracle_14240	14240
0000000000000002100001200020000023	N	oracle_14241	14241
0000000000000002100001200200000023	N	oracle_14242	14242
0000000000000002100002100200000023	N	oracle_14243	14243
0000000000000002100002200010000023	N	oracle_14244	14244
0000000000000002100020012000000023	N	oracle_14245	14245
0000000000000002101200000020000023	N	oracle_14246	14246
0000000000000002102000000120000023	N	oracle_14247	14247
0000000000000002120000010000000223	N	oracle_14248	14248
0000000000000002120000100000000223	N	oracle_14249	14249
0000000000000002120000210000000023	N	oracle_14250	14250
0000000000000002200000010000000044	N	oracle_14251	14251
0000000000000002200000020000000034	N	oracle_14252	14252
0000000000000002200000100000000044	N	oracle_14253	14253
0000000000000002200000200000000034	N	oracle_14254	14254
0000000000000003000000004000000024	N	oracle_14255	14255
0000000000000003000000020000000044	N	oracle_14256	14256
0000000000000003000000040000000024	N	oracle_14257	14257
0000000000000003000000102020000023	N	oracle_14258	14258
0000000000000003000000120000000034	P	oracle_14259	14259
0000000000000003000000120000000223	N	oracle_14260	14260
0000000000000003000000120200000023	N	oracle_14261	14261
0000000000000003000000130000000024	N	oracle_14262	14262
0000000000000003000000200000000044	N	oracle_14263	14263
0000000000000003000000210000000034	P	oracle_14264	14264
0000000000000003000000210000000223	N	oracle_14265	14265
0000000000000003000000210200000023	N	oracle_14266	14266
0000000000000003000000220000000123	N	oracle_14267	14267
0000000000000003000000220010000023	N	oracle_14268	14268
0000000000000003000000220100000023	N	oracle_14269	14269
0000000000000003000000310000000024	N	oracle_14270	14270
0000000000000003000000400000000024	N	oracle_14271	14271
0000000000000003000001200020000023	N	oracle_14272	14272
0000000000000003000001200200000023	N	oracle_14273	14273
0000000000000003000002100200000023	N	oracle_14274	14274
0000000000000003000002200010000023	N	oracle_14275	14275
0000000000000003000010000220000023	N	oracle_14276	14276
0000000000000003000020012000000023	N	oracle_14277	14277
0000000000000003001000000220000023	N	oracle_14278	14278
0000000000000003001200000020000023	N	oracle_14279	14279
0000000000000003002000000120000023	N	oracle_14280	14280
0000000000000003020000210000000023	N	oracle_14281	14281
0000000000000004000000030000000024	N	oracle_14282	14282
0000000000000004000000300000000024	N	oracle_14283	14283
0000000000000010000000020020000044	N	oracle_14284	14284
0000000000000010000000020200000044	N	oracle_14285	14285
0000000000000010000000022000000044	N	oracle_14286	14286
0000000000000010000000032200000023	P	oracle_14287	14287
0000000000000010000000101220000033	N	oracle_14288	14288
0000000000000010000000102220000023	N	oracle_14289	14289
0000000000000010000000104020000023	N	oracle_14290	14290
0000000000000010000000200020000044	N	oracle_14291	14291
0000000000000010000000200200000044	N	oracle_14292	14292
0000000000000010000000201040000023	N	oracle_14293	14293
0000000000000010000000202000000044	N	oracle_14294	14294
0000000000000010000000202120000023	N	oracle_14295	14295
0000000000000010000000202210000023	N	oracle_14296	14296
0000000000000010000000204010000023	N	oracle_14297	14297
0000000000000010000000220000000044	N	oracle_14298	14298
0000000000000010000000222010000023	N	oracle_14299	14299
0000000000000010000000233000000022	P	oracle_14300	14300
0000000000000010000000332000000022	P	oracle_14301	14301
0000000000000010000000401020000023	N	oracle_14302	14302
0000000000000010000001102020000033	N	oracle_14303	14303
0000000000000010000001200200000223	N	oracle_14304	14304
0000000000000010000001200210000024	N	oracle_14305	14305
0000000000000010000001202000000223	N	oracle_14306	14306
0000000000000010000001202200000023	N	oracle_14307	14307
0000000000000010000001220200000023	N	oracle_14308	14308
0000000000000010000002000020000044	N	oracle_14309	14309
0000000000000010000002000200000044	N	oracle_14310	14310
0000000000000010000002002000000044	N	oracle_14311	14311
0000000000000010000002020000000044	N	oracle_14312	14312
0000000000000010000002100200000223	N	oracle_14313	14313
0000000000000010000002100210000024	N	oracle_14314	14314
0000000000000010000002102000000223	N	oracle_14315	14315
0000000000000010000002102200000023	N	oracle_14316	14316
0000000000000010000002120000000034	N	oracle_14317	14317
0000000000000010000002120000000124	N	oracle_14318	14318
0000000000000010000002120000000223	N	oracle_14319	14319
0000000000000010000002120010000024	N	oracle_14320	14320
0000000000000010000002120100000024	N	oracle_14321	14321
0000000000000010000002120200000023	N	oracle_14322	14322
0000000000000010000002121000000024	N	oracle_14323	14323
0000000000000010000002130000000024	N	oracle_14324	14324
0000000000000010000002200200000024	N	oracle_14325	14325
0000000000000010000002200200000033	N	oracle_14326	14326
0000000000000010000002200200000123	N	oracle_14327	14327
0000000000000010000002200210000023	N	oracle_14328	14328
0000000000000010000002200300000023	N	oracle_14329	14329
0000000000000010000002201200000023	N	oracle_14330	14330
0000000000000010000002202000000024	N	oracle_14331	14331
0000000000000010000002202000000033	N	oracle_14332	14332
0000000000000010000002202000000123	N	oracle_14333	14333
0000000000000010000002202010000023	N	oracle_14334	14334
0000000000000010000002202100000023	N	oracle_14335	14335
0000000000000010000002203000000023	N	oracle_14336	14336
0000000000000010000002210200000023	N	oracle_14337	14337
0000000000000010000002212000000023	N	oracle_14338	14338
0000000000000010000002220000000024	N	oracle_14339	14339
0000000000000010000002300200000023	N	oracle_14340	14340
0000000000000010000002302000000023	N	oracle_14341	14341
0000000000000010000003121000000023	N	oracle_14342	14342
0000000000000010000003200200000023	N	oracle_14343	14343
0000000000000010000003202000000023	N	oracle_14344	14344
0000000000000010000011200300000023	N	oracle_14345	14345
0000000000000010000011203000000023	N	oracle_14346	14346
0000000000000010000012200200000023	N	oracle_14347	14347
0000000000000010000012202000000023	N	oracle_14348	14348
0000000000000010000020000020000044	N	oracle_14349	14349
0000000000000010000020000200000044	N	oracle_14350	14350
0000000000000010000020000210000223	N	oracle_14351	14351
0000000000000010000020002000000044	N	oracle_14352	14352
0000000000000010000020010220000023	N	oracle_14353	14353
0000000000000010000020012020000023	N	oracle_14354	14354
0000000000000010000020012200000023	N	oracle_14355	14355
0000000000000010000020020210000023	N	oracle_14356	14356
0000000000000010000020022000000024	N	oracle_14357	14357
0000000000000010000020022000000033	N	oracle_14358	14358
0000000000000010000020022000000123	N	oracle_14359	14359
0000000000000010000020022010000023	N	oracle_14360	14360
0000000000000010000020022100000023	N	oracle_14361	14361
0000000000000010000020023000000023	N	oracle_14362	14362
0000000000000010000020032000000023	N	oracle_14363	14363
0000000000000010000020122000000023	N	oracle_14364	14364
0000000000000010000020210020000023	N	oracle_14365	14365
0000000000000010000020210200000023	N	oracle_14366	14366
0000000000000010000020220010000023	N	oracle_14367	14367
0000000000000010000020220100000023	N	oracle_14368	14368
0000000000000010000021000220000023	N	oracle_14369	14369
0000000000000010000021002020000023	N	oracle_14370	14370
0000000000000010000021013000000023	N	oracle_14371	14371
0000000000000010000021022000000023	N	oracle_14372	14372
0000000000000010000022000210000023	N	oracle_14373	14373
0000000000000010000022002010000023	N	oracle_14374	14374
0000000000000010000022002100000023	N	oracle_14375	14375
0000000000000010000022003000000023	N	oracle_14376	14376
0000000000000010000022100200000023	N	oracle_14377	14377
0000000000000010000030000220000023	N	oracle_14378	14378
0000000000000010000100202020000023	N	oracle_14379	14379
0000000000000010000101202010000023	N	oracle_14380	14380
0000000000000010000102100210000023	N	oracle_14381	14381
0000000000000010000102200200000023	N	oracle_14382	14382
0000000000000010000120000220000023	N	oracle_14383	14383
0000000000000010000200000020000044	N	oracle_14384	14384
0000000000000010000200000200000044	N	oracle_14385	14385
0000000000000010000200102020000023	N	oracle_14386	14386
0000000000000010000200120020000023	N	oracle_14387	14387
0000000000000010000200202010000023	N	oracle_14388	14388
0000000000000010000200210020000023	N	oracle_14389	14389
0000000000000010000200210200000023	N	oracle_14390	14390
0000000000000010000200220010000023	N	oracle_14391	14391
0000000000000010000220000210000023	N	oracle_14392	14392
0000000000000010001000002120000033	N	oracle_14393	14393
0000000000000010001000002210000033	N	oracle_14394	14394
0000000000000010001000202020000023	N	oracle_14395	14395
0000000000000010001020200020000023	N	oracle_14396	14396
0000000000000010001400000020000023	N	oracle_14397	14397
0000000000000010002000000020000044	N	oracle_14398	14398
0000000000000010002000000120000124	N	oracle_14399	14399
0000000000000010002000000120000133	N	oracle_14400	14400
0000000000000010002000000120000223	N	oracle_14401	14401
0000000000000010002000000120001123	N	oracle_14402	14402
0000000000000010002000000130000123	N	oracle_14403	14403
0000000000000010002000000140000023	N	oracle_14404	14404
0000000000000010002000000220000123	N	oracle_14405	14405
0000000000000010002000001120000024	N	oracle_14406	14406
0000000000000010002000001120000123	N	oracle_14407	14407
0000000000000010002000010120000024	N	oracle_14408	14408
0000000000000010002000010120000123	N	oracle_14409	14409
0000000000000010002000100120000024	N	oracle_14410	14410
0000000000000010002000100120000033	N	oracle_14411	14411
0000000000000010002000100120000123	N	oracle_14412	14412
0000000000000010002000100130000023	N	oracle_14413	14413
0000000000000010002000100220000023	N	oracle_14414	14414
0000000000000010002000101120000023	N	oracle_14415	14415
0000000000000010002000110120000023	N	oracle_14416	14416
0000000000000010002000200120000023	N	oracle_14417	14417
0000000000000010002001000120000024	N	oracle_14418	14418
0000000000000010002001000120000123	N	oracle_14419	14419
0000000000000010002001100120000023	N	oracle_14420	14420
0000000000000010002010000120000123	N	oracle_14421	14421
0000000000000010002010010120000023	N	oracle_14422	14422
0000000000000010002010100120000023	N	oracle_14423	14423
0000000000000010002100000030000024	N	oracle_14424	14424
0000000000000010002100000030000123	N	oracle_14425	14425
0000000000000010002100000120000024	N	oracle_14426	14426
0000000000000010002100000120000033	N	oracle_14427	14427
0000000000000010002100000120000123	N	oracle_14428	14428
0000000000000010002100000130000023	N	oracle_14429	14429
0000000000000010002100000220000023	N	oracle_14430	14430
0000000000000010002100001120000023	N	oracle_14431	14431
0000000000000010002100010120000023	N	oracle_14432	14432
0000000000000010002100100030000023	N	oracle_14433	14433
0000000000000010002100100120000023	N	oracle_14434	14434
0000000000000010010000102120000023	N	oracle_14435	14435
0000000000000010010000122200000022	P	oracle_14436	14436
0000000000000010010002120000000024	N	oracle_14437	14437
0000000000000010010002200200000023	N	oracle_14438	14438
0000000000000010010002202000000023	N	oracle_14439	14439
0000000000000010010020022000000023	N	oracle_14440	14440
0000000000000010012000000120000024	N	oracle_14441	14441
0000000000000010012000000120000123	N	oracle_14442	14442
0000000000000010012000100120000023	N	oracle_14443	14443
0000000000000010012100000120000023	N	oracle_14444	14444
0000000000000010020000020000000044	N	oracle_14445	14445
0000000000000010020000122100000022	N	oracle_14446	14446
0000000000000010020000200000000044	N	oracle_14447	14447
0000000000000010020001200200000023	N	oracle_14448	14448
0000000000000010020001202000000023	N	oracle_14449	14449
0000000000000010020002100200000023	N	oracle_14450	14450
0000000000000010020002102000000023	N	oracle_14451	14451
0000000000000010020020000210000023	N	oracle_14452	14452
0000000000000010100000122200000022	P	oracle_14453	14453
0000000000000010100002120000000024	N	oracle_14454	14454
0000000000000010100002200200000023	N	oracle_14455	14455
0000000000000010100002202000000023	N	oracle_14456	14456
0000000000000010100020022000000023	N	oracle_14457	14457
0000000000000010100021003000000023	N	oracle_14458	14458
0000000000000010102000000120000123	N	oracle_14459	14459
0000000000000010102000100120000023	N	oracle_14460	14460
0000000000000010102100000120000023	N	oracle_14461	14461
0000000000000010200000020000000044	N	oracle_14462	14462
0000000000000010200000102020000023	N	oracle_14463	14463
0000000000000010200000122100000022	N	oracle_14464	14464
0000000000000010200000200000000044	N	oracle_14465	14465
0000000000000010200000202010000023	N	oracle_14466	14466
0000000000000010200000210000000223	N	oracle_14467	14467
0000000000000010200000212000000023	N	oracle_14468	14468
0000000000000010200002200010000023	N	oracle_14469	14469
0000000000000010200020012000000023	N	oracle_14470	14470
0000000000000010201200000020000023	N	oracle_14471	14471
0000000000000010202000000120000023	N	oracle_14472	14472
0000000000000010300000121000000023	N	oracle_14473	14473
0000000000000011000002120000000024	N	oracle_14474	14474
0000000000000011000002200200000023	N	oracle_14475	14475
0000000000000011000002202000000023	N	oracle_14476	14476
0000000000000011000020000120000033	N	oracle_14477	14477
0000000000000011000020022000000023	N	oracle_14478	14478
0000000000000011000021003000000023	N	oracle_14479	14479
0000000000000011002000000120000123	N	oracle_14480	14480
0000000000000011002000100120000023	N	oracle_14481	14481
0000000000000011002100000120000023	N	oracle_14482	14482
0000000000000012000000020000000044	N	oracle_14483	14483
0000000000000012000000120000000223	N	oracle_14484	14484
0000000000000012000000120200000023	N	oracle_14485	14485
0000000000000012000000200000000044	N	oracle_14486	14486
0000000000000012000000210000000223	N	oracle_14487	14487
0000000000000012000000210200000023	N	oracle_14488	14488
0000000000000012000000220000000123	N	oracle_14489	14489
0000000000000012000000220010000023	N	oracle_14490	14490
0000000000000012000000220100000023	N	oracle_14491	14491
0000000000000012000001200020000023	N	oracle_14492	14492
0000000000000012000001200200000023	N	oracle_14493	14493
0000000000000012000002100200000023	N	oracle_14494	14494
0000000000000012000002200010000023	N	oracle_14495	14495
0000000000000012000020012000000023	N	oracle_14496	14496
0000000000000012001200000020000023	N	oracle_14497	14497
0000000000000012002000000120000023	N	oracle_14498	14498
0000000000000012020000210000000023	N	oracle_14499	14499
0000000000000020000000020000000144	N	oracle_14500	14500
0000000000000020000000020010000044	N	oracle_14501	14501
0000000000000020000000020020000034	N	oracle_14502	14502
0000000000000020000000020100000044	N	oracle_14503	14503
0000000000000020000000020200000034	N	oracle_14504	14504
0000000000000020000000021000000044	N	oracle_14505	14505
0000000000000020000000022000000034	N	oracle_14506	14506
0000000000000020000000022100000024	N	oracle_14507	14507
0000000000000020000000030000000044	N	oracle_14508	14508
0000000000000020000000100020000044	N	oracle_14509	14509
0000000000000020000000100200000044	N	oracle_14510	14510
0000000000000020000000102000000044	N	oracle_14511	14511
0000000000000020000000120000000044	N	oracle_14512	14512
0000000000000020000000130020000023	N	oracle_14513	14513
0000000000000020000000200000000144	N	oracle_14514	14514
0000000000000020000000200010000044	N	oracle_14515	14515
0000000000000020000000200020000034	N	oracle_14516	14516
0000000000000020000000200100000044	N	oracle_14517	14517
0000000000000020000000200200000034	N	oracle_14518	14518
0000000000000020000000201000000044	N	oracle_14519	14519
0000000000000020000000202000000034	N	oracle_14520	14520
0000000000000020000000210000000044	N	oracle_14521	14521
0000000000000020000000220000000034	N	oracle_14522	14522
0000000000000020000000300000000044	N	oracle_14523	14523
0000000000000020000001000020000044	N	oracle_14524	14524
0000000000000020000001000200000044	N	oracle_14525	14525
0000000000000020000001002000000044	N	oracle_14526	14526
0000000000000020000001020000000044	N	oracle_14527	14527
0000000000000020000001200200000024	N	oracle_14528	14528
0000000000000020000001200200000033	N	oracle_14529	14529
0000000000000020000001200200000123	N	oracle_14530	14530
0000000000000020000001200210000023	N	oracle_14531	14531
0000000000000020000001200300000023	N	oracle_14532	14532
0000000000000020000001201200000023	N	oracle_14533	14533
0000000000000020000001202000000024	N	oracle_14534	14534
0000000000000020000001202000000033	N	oracle_14535	14535
0000000000000020000001202000000123	N	oracle_14536	14536
0000000000000020000001202010000023	N	oracle_14537	14537
0000000000000020000001202100000023	N	oracle_14538	14538
0000000000000020000001203000000023	N	oracle_14539	14539
0000000000000020000001210200000023	N	oracle_14540	14540
0000000000000020000001212000000023	N	oracle_14541	14541
0000000000000020000001300200000023	N	oracle_14542	14542
0000000000000020000001302000000023	N	oracle_14543	14543
0000000000000020000002000010000044	N	oracle_14544	14544
0000000000000020000002000020000034	N	oracle_14545	14545
0000000000000020000002000100000044	N	oracle_14546	14546
0000000000000020000002000200000034	N	oracle_14547	14547
0000000000000020000002001000000044	N	oracle_14548	14548
0000000000000020000002002000000034	N	oracle_14549	14549
0000000000000020000002020000000034	N	oracle_14550	14550
0000000000000020000002100200000024	N	oracle_14551	14551
0000000000000020000002100200000033	N	oracle_14552	14552
0000000000000020000002100200000123	N	oracle_14553	14553
0000000000000020000002100210000023	N	oracle_14554	14554
0000000000000020000002100300000023	N	oracle_14555	14555
0000000000000020000002101200000023	N	oracle_14556	14556
0000000000000020000002102000000024	N	oracle_14557	14557
0000000000000020000002102000000033	N	oracle_14558	14558
0000000000000020000002102000000123	N	oracle_14559	14559
0000000000000020000002102010000023	N	oracle_14560	14560
0000000000000020000002102100000023	N	oracle_14561	14561
0000000000000020000002103000000023	N	oracle_14562	14562
0000000000000020000002110200000023	N	oracle_14563	14563
0000000000000020000002112000000023	N	oracle_14564	14564
0000000000000020000002120000000024	N	oracle_14565	14565
0000000000000020000002200200000023	N	oracle_14566	14566
0000000000000020000002202000000023	N	oracle_14567	14567
0000000000000020000003100200000023	N	oracle_14568	14568
0000000000000020000003102000000023	N	oracle_14569	14569
0000000000000020000010000020000044	N	oracle_14570	14570
0000000000000020000010000200000044	N	oracle_14571	14571
0000000000000020000010002000000044	N	oracle_14572	14572
0000000000000020000011200200000023	N	oracle_14573	14573
0000000000000020000011202000000023	N	oracle_14574	14574
0000000000000020000012100200000023	N	oracle_14575	14575
0000000000000020000012102000000023	N	oracle_14576	14576
0000000000000020000020000010000044	N	oracle_14577	14577
0000000000000020000020000020000034	N	oracle_14578	14578
0000000000000020000020000100000044	N	oracle_14579	14579
0000000000000020000020000200000034	N	oracle_14580	14580
0000000000000020000020000210000024	N	oracle_14581	14581
0000000000000020000020000210000033	N	oracle_14582	14582
0000000000000020000020000210000123	N	oracle_14583	14583
0000000000000020000020000220000023	N	oracle_14584	14584
0000000000000020000020000310000023	N	oracle_14585	14585
0000000000000020000020001210000023	N	oracle_14586	14586
0000000000000020000020002000000034	N	oracle_14587	14587
0000000000000020000020010210000023	N	oracle_14588	14588
0000000000000020000020022000000023	N	oracle_14589	14589
0000000000000020000020100210000023	N	oracle_14590	14590
0000000000000020000020120010000023	N	oracle_14591	14591
0000000000000020000020120100000023	N	oracle_14592	14592
0000000000000020000020210010000023	N	oracle_14593	14593
0000000000000020000020210100000023	N	oracle_14594	14594
0000000000000020000021000210000023	N	oracle_14595	14595
0000000000000020000030000120000023	N	oracle_14596	14596
0000000000000020000030000210000023	N	oracle_14597	14597
0000000000000020000031000020000023	N	oracle_14598	14598
0000000000000020000100000020000044	N	oracle_14599	14599
0000000000000020000100000200000044	N	oracle_14600	14600
0000000000000020000101200200000023	N	oracle_14601	14601
0000000000000020000102100200000023	N	oracle_14602	14602
0000000000000020000120000210000023	N	oracle_14603	14603
0000000000000020000200000010000044	N	oracle_14604	14604
0000000000000020000200000020000034	N	oracle_14605	14605
0000000000000020000200000200000034	N	oracle_14606	14606
0000000000000020000200120010000023	N	oracle_14607	14607
0000000000000020000200210010000023	N	oracle_14608	14608
0000000000000020001000000020000044	N	oracle_14609	14609
0000000000000020001020000210000023	N	oracle_14610	14610
0000000000000020002000000020000034	N	oracle_14611	14611
0000000000000020002000000120000123	N	oracle_14612	14612
0000000000000020002000100120000023	N	oracle_14613	14613
0000000000000020002100000120000023	N	oracle_14614	14614
0000000000000020010000122100000022	N	oracle_14615	14615
0000000000000020010000200000000044	N	oracle_14616	14616
0000000000000020010001200200000023	N	oracle_14617	14617
0000000000000020010001202000000023	N	oracle_14618	14618
0000000000000020010002100200000023	N	oracle_14619	14619
0000000000000020010002102000000023	N	oracle_14620	14620
0000000000000020010020000210000023	N	oracle_14621	14621
0000000000000020020000100000000044	N	oracle_14622	14622
0000000000000020020000200000000034	N	oracle_14623	14623
0000000000000020100000122100000022	N	oracle_14624	14624
0000000000000020100000200000000044	N	oracle_14625	14625
0000000000000020100001200200000023	N	oracle_14626	14626
0000000000000020100001202000000023	N	oracle_14627	14627
0000000000000020100002100200000023	N	oracle_14628	14628
0000000000000020100002102000000023	N	oracle_14629	14629
0000000000000020100020000210000023	N	oracle_14630	14630
0000000000000020200000100000000044	N	oracle_14631	14631
0000000000000020200000200000000034	N	oracle_14632	14632
0000000000000020200000210000000024	N	oracle_14633	14633
0000000000000020200000210000000033	N	oracle_14634	14634
0000000000000020200000210000000123	N	oracle_14635	14635
0000000000000020200000210010000023	N	oracle_14636	14636
0000000000000020200000210100000023	N	oracle_14637	14637
0000000000000020200000211000000023	N	oracle_14638	14638
0000000000000020200000220000000023	N	oracle_14639	14639
0000000000000020200000310000000023	N	oracle_14640	14640
0000000000000020200001200010000023	N	oracle_14641	14641
0000000000000020200001200100000023	N	oracle_14642	14642
0000000000000020200001201000000023	N	oracle_14643	14643
0000000000000020200001210000000023	N	oracle_14644	14644
0000000000000020210000210000000023	N	oracle_14645	14645
0000000000000020300000210000000023	N	oracle_14646	14646
0000000000000021000000200000000044	N	oracle_14647	14647
0000000000000021000001200200000023	N	oracle_14648	14648
0000000000000021000001202000000023	N	oracle_14649	14649
0000000000000021000002100200000023	N	oracle_14650	14650
0000000000000021000002102000000023	N	oracle_14651	14651
0000000000000021000020000210000023	N	oracle_14652	14652
0000000000000021200000210000000023	N	oracle_14653	14653
0000000000000022000000100000000044	N	oracle_14654	14654
0000000000000022000000200000000034	N	oracle_14655	14655
0000000000000022000000210000000024	N	oracle_14656	14656
0000000000000022000000210000000033	N	oracle_14657	14657
0000000000000022000000210000000123	N	oracle_14658	14658
0000000000000022000000210010000023	N	oracle_14659	14659
0000000000000022000000210100000023	N	oracle_14660	14660
0000000000000022000000211000000023	N	oracle_14661	14661
0000000000000022000000220000000023	N	oracle_14662	14662
0000000000000022000000310000000023	N	oracle_14663	14663
0000000000000022000001200010000023	N	oracle_14664	14664
0000000000000022000001200100000023	N	oracle_14665	14665
0000000000000022000001201000000023	N	oracle_14666	14666
0000000000000022000001210000000023	N	oracle_14667	14667
0000000000000022010000210000000023	N	oracle_14668	14668
0000000000000022100000200000000024	N	oracle_14669	14669
0000000000000022100000210000000023	N	oracle_14670	14670
0000000000000023000000210000000023	N	oracle_14671	14671
0000000000000030000000040000000024	N	oracle_14672	14672
0000000000000030000000200000000044	N	oracle_14673	14673
0000000000000030000000400000000024	N	oracle_14674	14674
0000000000000030000001200200000023	N	oracle_14675	14675
0000000000000030000001202000000023	N	oracle_14676	14676
0000000000000030000002100200000023	N	oracle_14677	14677
0000000000000030000002102000000023	N	oracle_14678	14678
0000000000000030000020000210000023	N	oracle_14679	14679
0000000000000030200000210000000023	N	oracle_14680	14680
0000000000000032000000210000000023	N	oracle_14681	14681
0000000000000032200000100000000023	P	oracle_14682	14682
0000000000000040000000300000000024	N	oracle_14683	14683
0000000000000100000000101220000033	N	oracle_14684	14684
0000000000000100000000102220000023	N	oracle_14685	14685
0000000000000100000000104020000023	N	oracle_14686	14686
0000000000000100000000200020000044	N	oracle_14687	14687
0000000000000100000000200200000044	N	oracle_14688	14688
0000000000000100000000201040000023	N	oracle_14689	14689
0000000000000100000000202000000044	N	oracle_14690	14690
0000000000000100000000202120000023	N	oracle_14691	14691
0000000000000100000000202210000023	N	oracle_14692	14692
0000000000000100000000204010000023	N	oracle_14693	14693
0000000000000100000000220000000044	N	oracle_14694	14694
0000000000000100000000222010000023	N	oracle_14695	14695
0000000000000100000000233000000022	P	oracle_14696	14696
0000000000000100000000332000000022	P	oracle_14697	14697
0000000000000100000000401020000023	N	oracle_14698	14698
0000000000000100000001102020000033	N	oracle_14699	14699
0000000000000100000001200200000223	N	oracle_14700	14700
0000000000000100000001200210000024	N	oracle_14701	14701
0000000000000100000001202000000223	N	oracle_14702	14702
0000000000000100000001202200000023	N	oracle_14703	14703
0000000000000100000001220200000023	N	oracle_14704	14704
0000000000000100000002000020000044	N	oracle_14705	14705
0000000000000100000002000200000044	N	oracle_14706	14706
0000000000000100000002002000000044	N	oracle_14707	14707
0000000000000100000002020000000044	N	oracle_14708	14708
0000000000000100000002100200000223	N	oracle_14709	14709
0000000000000100000002100210000024	N	oracle_14710	14710
0000000000000100000002102000000223	N	oracle_14711	14711
0000000000000100000002102200000023	N	oracle_14712	14712
0000000000000100000002120000000034	N	oracle_14713	14713
0000000000000100000002120000000124	N	oracle_14714	14714
0000000000000100000002120000000223	N	oracle_14715	14715
0000000000000100000002120010000024	N	oracle_14716	14716
0000000000000100000002120100000024	N	oracle_14717	14717
0000000000000100000002120200000023	N	oracle_14718	14718
0000000000000100000002121000000024	N	oracle_14719	14719
0000000000000100000002130000000024	N	oracle_14720	14720
0000000000000100000002200200000024	N	oracle_14721	14721
0000000000000100000002200200000033	N	oracle_14722	14722
0000000000000100000002200200000123	N	oracle_14723	14723
0000000000000100000002200210000023	N	oracle_14724	14724
0000000000000100000002200300000023	N	oracle_14725	14725
0000000000000100000002201200000023	N	oracle_14726	14726
0000000000000100000002202000000024	N	oracle_14727	14727
0000000000000100000002202000000033	N	oracle_14728	14728
0000000000000100000002202000000123	N	oracle_14729	14729
0000000000000100000002202010000023	N	oracle_14730	14730
0000000000000100000002202100000023	N	oracle_14731	14731
0000000000000100000002203000000023	N	oracle_14732	14732
0000000000000100000002210200000023	N	oracle_14733	14733
0000000000000100000002212000000023	N	oracle_14734	14734
0000000000000100000002220000000024	N	oracle_14735	14735
0000000000000100000002300200000023	N	oracle_14736	14736
0000000000000100000002302000000023	N	oracle_14737	14737
0000000000000100000003121000000023	N	oracle_14738	14738
0000000000000100000003200200000023	N	oracle_14739	14739
0000000000000100000003202000000023	N	oracle_14740	14740
0000000000000100000011200300000023	N	oracle_14741	14741
0000000000000100000011203000000023	N	oracle_14742	14742
0000000000000100000012000120000033	N	oracle_14743	14743
0000000000000100000012001020000033	N	oracle_14744	14744
0000000000000100000012002010000033	N	oracle_14745	14745
0000000000000100000012200200000023	N	oracle_14746	14746
0000000000000100000012202000000023	N	oracle_14747	14747
0000000000000100000020000020000044	N	oracle_14748	14748
0000000000000100000020000200000044	N	oracle_14749	14749
0000000000000100000020000210000223	N	oracle_14750	14750
0000000000000100000020002000000044	N	oracle_14751	14751
0000000000000100000020010220000023	N	oracle_14752	14752
0000000000000100000020012000000034	N	oracle_14753	14753
0000000000000100000020012000000124	N	oracle_14754	14754
0000000000000100000020012010000024	N	oracle_14755	14755
0000000000000100000020012020000023	N	oracle_14756	14756
0000000000000100000020012100000024	N	oracle_14757	14757
0000000000000100000020012200000023	N	oracle_14758	14758
0000000000000100000020013000000024	N	oracle_14759	14759
0000000000000100000020020210000023	N	oracle_14760	14760
0000000000000100000020022000000024	N	oracle_14761	14761
0000000000000100000020022000000123	N	oracle_14762	14762
0000000000000100000020022010000023	N	oracle_14763	14763
0000000000000100000020022100000023	N	oracle_14764	14764
0000000000000100000020023000000023	N	oracle_14765	14765
0000000000000100000020112000000024	N	oracle_14766	14766
0000000000000100000020210020000023	N	oracle_14767	14767
0000000000000100000020210200000023	N	oracle_14768	14768
0000000000000100000020220010000023	N	oracle_14769	14769
0000000000000100000020220100000023	N	oracle_14770	14770
0000000000000100000021000120000033	N	oracle_14771	14771
0000000000000100000021000210000033	N	oracle_14772	14772
0000000000000100000021000220000023	N	oracle_14773	14773
0000000000000100000021001020000033	N	oracle_14774	14774
0000000000000100000021002010000024	N	oracle_14775	14775
0000000000000100000021002010000033	N	oracle_14776	14776
0000000000000100000021002020000023	N	oracle_14777	14777
0000000000000100000021002100000024	N	oracle_14778	14778
0000000000000100000021003000000024	N	oracle_14779	14779
0000000000000100000021012000000024	N	oracle_14780	14780
0000000000000100000021013000000023	N	oracle_14781	14781
0000000000000100000022000110000033	N	oracle_14782	14782
0000000000000100000022000210000023	N	oracle_14783	14783
0000000000000100000022001010000033	N	oracle_14784	14784
0000000000000100000022002100000023	N	oracle_14785	14785
0000000000000100000022100200000023	N	oracle_14786	14786
0000000000000100000030000220000023	N	oracle_14787	14787
0000000000000100000100202020000023	N	oracle_14788	14788
0000000000000100000101202010000023	N	oracle_14789	14789
0000000000000100000102100210000023	N	oracle_14790	14790
0000000000000100000102200200000023	N	oracle_14791	14791
0000000000000100000120000220000023	N	oracle_14792	14792
0000000000000100000200000020000044	N	oracle_14793	14793
0000000000000100000200000200000044	N	oracle_14794	14794
0000000000000100000200102020000023	N	oracle_14795	14795
0000000000000100000200120020000023	N	oracle_14796	14796
0000000000000100000200202010000023	N	oracle_14797	14797
0000000000000100000200210020000023	N	oracle_14798	14798
0000000000000100000200210200000023	N	oracle_14799	14799
0000000000000100000200220010000023	N	oracle_14800	14800
0000000000000100000220000210000023	N	oracle_14801	14801
0000000000000100001000202020000023	N	oracle_14802	14802
0000000000000100001020200020000023	N	oracle_14803	14803
0000000000000100001400000020000023	N	oracle_14804	14804
0000000000000100002000000020000044	N	oracle_14805	14805
0000000000000100002000000120000133	N	oracle_14806	14806
0000000000000100002000000130000123	N	oracle_14807	14807
0000000000000100002000000140000023	N	oracle_14808	14808
0000000000000100002000001120000024	N	oracle_14809	14809
0000000000000100002000010120000024	N	oracle_14810	14810
0000000000000100002000010120000123	N	oracle_14811	14811
0000000000000100002000100120000024	P	oracle_14812	14812
0000000000000100002001000120000024	N	oracle_14813	14813
0000000000000100002010000120000024	P	oracle_14814	14814
0000000000000100002010010120000023	N	oracle_14815	14815
0000000000000100002100000030000024	N	oracle_14816	14816
0000000000000100002100000030000033	N	oracle_14817	14817
0000000000000100002100000030000123	N	oracle_14818	14818
0000000000000100002100000040000023	N	oracle_14819	14819
0000000000000100002100000120000123	P	oracle_14820	14820
0000000000000100002100000130000023	N	oracle_14821	14821
0000000000000100002100001030000023	N	oracle_14822	14822
0000000000000100002100010030000023	N	oracle_14823	14823
0000000000000100002100100030000023	N	oracle_14824	14824
0000000000000100002100100120000023	P	oracle_14825	14825
0000000000000100002101000030000023	N	oracle_14826	14826
0000000000000100002110000030000023	N	oracle_14827	14827
0000000000000100002200000030000023	N	oracle_14828	14828
0000000000000100003000000130000023	N	oracle_14829	14829
0000000000000100010000102120000023	N	oracle_14830	14830
0000000000000100010000122100000023	P	oracle_14831	14831
0000000000000100010000122200000022	N	oracle_14832	14832
0000000000000100010000222100000022	N	oracle_14833	14833
0000000000000100010002120000000024	N	oracle_14834	14834
0000000000000100010002200200000023	N	oracle_14835	14835
0000000000000100010002202000000023	N	oracle_14836	14836
0000000000000100010020012000000024	N	oracle_14837	14837
0000000000000100010020022000000023	N	oracle_14838	14838
0000000000000100012000000120000024	N	oracle_14839	14839
0000000000000100012000000120000123	N	oracle_14840	14840
0000000000000100012000100120000023	N	oracle_14841	14841
0000000000000100012100000030000023	N	oracle_14842	14842
0000000000000100020000122100000022	N	oracle_14843	14843
0000000000000100020000200000000044	N	oracle_14844	14844
0000000000000100020001200200000023	N	oracle_14845	14845
0000000000000100020001202000000023	N	oracle_14846	14846
0000000000000100020002100200000023	N	oracle_14847	14847
0000000000000100020002102000000023	N	oracle_14848	14848
0000000000000100020020000210000023	N	oracle_14849	14849
0000000000000100100000122200000022	P	oracle_14850	14850
0000000000000100100000222000000023	N	oracle_14851	14851
0000000000000100100002120000000024	N	oracle_14852	14852
0000000000000100100002200200000023	N	oracle_14853	14853
0000000000000100100002202000000023	N	oracle_14854	14854
0000000000000100100002220000000023	N	oracle_14855	14855
0000000000000100100020012000000024	N	oracle_14856	14856
0000000000000100100021003000000023	N	oracle_14857	14857
0000000000000100102100000030000023	N	oracle_14858	14858
0000000000000100200000102020000023	N	oracle_14859	14859
0000000000000100200000122100000022	N	oracle_14860	14860
0000000000000100200000200000000044	N	oracle_14861	14861
0000000000000100200000202010000023	N	oracle_14862	14862
0000000000000100200000210000000223	N	oracle_14863	14863
0000000000000100200000212000000023	N	oracle_14864	14864
0000000000000100200002200010000023	N	oracle_14865	14865
0000000000000100200020012000000023	N	oracle_14866	14866
0000000000000100201200000020000023	N	oracle_14867	14867
0000000000000100202000000120000023	N	oracle_14868	14868
0000000000000100300000121000000023	N	oracle_14869	14869
0000000000000101000002120000000024	N	oracle_14870	14870
0000000000000101000002200200000023	N	oracle_14871	14871
0000000000000101000002202000000023	N	oracle_14872	14872
0000000000000101000020000120000033	N	oracle_14873	14873
0000000000000101000020012000000024	N	oracle_14874	14874
0000000000000101000021003000000023	N	oracle_14875	14875
0000000000000101002100000030000023	N	oracle_14876	14876
0000000000000102000000120000000223	N	oracle_14877	14877
0000000000000102000000120200000023	N	oracle_14878	14878
0000000000000102000000200000000044	N	oracle_14879	14879
0000000000000102000000210000000223	N	oracle_14880	14880
0000000000000102000000210200000023	N	oracle_14881	14881
0000000000000102000000220000000123	N	oracle_14882	14882
0000000000000102000000220010000023	N	oracle_14883	14883
0000000000000102000000220100000023	N	oracle_14884	14884
0000000000000102000001200020000023	N	oracle_14885	14885
0000000000000102000001200200000023	N	oracle_14886	14886
0000000000000102000002100200000023	N	oracle_14887	14887
0000000000000102000002200010000023	N	oracle_14888	14888
0000000000000102000020012000000023	N	oracle_14889	14889
0000000000000102001200000020000023	N	oracle_14890	14890
0000000000000102002000000120000023	N	oracle_14891	14891
0000000000000102020000210000000023	N	oracle_14892	14892
0000000000000102020001000200000023	N	oracle_14893	14893
0000000000000102020010000200000023	N	oracle_14894	14894
0000000000000102020100000200000023	N	oracle_14895	14895
0000000000000102020200000010000023	N	oracle_14896	14896
0000000000000102120001000010000023	N	oracle_14897	14897
0000000000000102120010000010000023	N	oracle_14898	14898
0000000000000102120100000010000023	N	oracle_14899	14899
0000000000000102121000000010000023	N	oracle_14900	14900
0000000000000110000002120000000024	N	oracle_14901	14901
0000000000000110000002200200000023	N	oracle_14902	14902
0000000000000110000002202000000023	N	oracle_14903	14903
0000000000000110000020012000000024	N	oracle_14904	14904
0000000000000110000020022000000023	N	oracle_14905	14905
0000000000000110002000000120000123	N	oracle_14906	14906
0000000000000110002000100120000023	N	oracle_14907	14907
0000000000000110002100000030000023	N	oracle_14908	14908
0000000000000110002100000120000023	N	oracle_14909	14909
0000000000000120000000200000000044	N	oracle_14910	14910
0000000000000120000000202000000024	N	oracle_14911	14911
0000000000000120000000202000000033	N	oracle_14912	14912
0000000000000120000000202000000123	N	oracle_14913	14913
0000000000000120000000202010000023	N	oracle_14914	14914
0000000000000120000000202100000023	N	oracle_14915	14915
0000000000000120000000203000000023	N	oracle_14916	14916
0000000000000120000000212000000023	N	oracle_14917	14917
0000000000000120000000302000000023	N	oracle_14918	14918
0000000000000120000001002000000223	N	oracle_14919	14919
0000000000000120000001200200000023	N	oracle_14920	14920
0000000000000120000001202000000023	N	oracle_14921	14921
0000000000000120000002100200000023	N	oracle_14922	14922
0000000000000120000002102000000023	N	oracle_14923	14923
0000000000000120000010002000000223	N	oracle_14924	14924
0000000000000120000010202000000023	N	oracle_14925	14925
0000000000000120000020000010000223	N	oracle_14926	14926
0000000000000120000020000100000223	N	oracle_14927	14927
0000000000000120000020000210000023	N	oracle_14928	14928
0000000000000120000020002000000024	N	oracle_14929	14929
0000000000000120000020002000000033	N	oracle_14930	14930
0000000000000120000020002000000123	N	oracle_14931	14931
0000000000000120000020002010000023	N	oracle_14932	14932
0000000000000120000020002100000023	N	oracle_14933	14933
0000000000000120000020003000000023	N	oracle_14934	14934
0000000000000120000020012000000023	N	oracle_14935	14935
0000000000000120000020102000000023	N	oracle_14936	14936
0000000000000120000020200010000023	N	oracle_14937	14937
0000000000000120000020200100000023	N	oracle_14938	14938
0000000000000120000030000020000023	N	oracle_14939	14939
0000000000000120010000202000000023	N	oracle_14940	14940
0000000000000120010020002000000023	N	oracle_14941	14941
0000000000000120100000202000000023	N	oracle_14942	14942
0000000000000120100020002000000023	N	oracle_14943	14943
0000000000000120200000210000000023	N	oracle_14944	14944
0000000000000120200001002000000023	N	oracle_14945	14945
0000000000000120200010002000000023	N	oracle_14946	14946
0000000000000120200020000010000023	N	oracle_14947	14947
0000000000000120200020000100000023	N	oracle_14948	14948
0000000000000121000000202000000023	N	oracle_14949	14949
0000000000000121000001000300000023	N	oracle_14950	14950
0000000000000121000010000300000023	N	oracle_14951	14951
0000000000000121000020002000000023	N	oracle_14952	14952
0000000000000121000100000300000023	N	oracle_14953	14953
0000000000000121000300000010000023	N	oracle_14954	14954
0000000000000122000000210000000023	N	oracle_14955	14955
0000000000000122100000200010000022	N	oracle_14956	14956
0000000000000122100000200100000022	N	oracle_14957	14957
0000000000000122100010000010000023	P	oracle_14958	14958
0000000000000122100010000020000022	N	oracle_14959	14959
0000000000000122100010000100000023	N	oracle_14960	14960
0000000000000122100010000110000022	N	oracle_14961	14961
0000000000000122100010000200000022	N	oracle_14962	14962
0000000000000122100020000010000022	N	oracle_14963	14963
0000000000000122100020000100000022	N	oracle_14964	14964
0000000000000122110010000100000022	N	oracle_14965	14965
0000000000000122200001000010000022	P	oracle_14966	14966
0000000000000122200001000100000022	P	oracle_14967	14967
0000000000000122200010000010000022	N	oracle_14968	14968
0000000000000122200010000100000022	N	oracle_14969	14969
0000000000000122200100000010000022	P	oracle_14970	14970
0000000000000122201000000010000022	P	oracle_14971	14971
0000000000000123100010000100000022	N	oracle_14972	14972
0000000000000130000000202000000023	N	oracle_14973	14973
0000000000000130000020002000000023	N	oracle_14974	14974
0000000000000132100010000100000022	N	oracle_14975	14975
0000000000000200000000200000000144	N	oracle_14976	14976
0000000000000200000000200010000044	N	oracle_14977	14977
0000000000000200000000200020000034	N	oracle_14978	14978
0000000000000200000000200100000044	N	oracle_14979	14979
0000000000000200000000200200000034	N	oracle_14980	14980
0000000000000200000000201000000044	N	oracle_14981	14981
0000000000000200000000202000000034	N	oracle_14982	14982
0000000000000200000000210000000044	N	oracle_14983	14983
0000000000000200000000220000000034	N	oracle_14984	14984
0000000000000200000000300000000044	N	oracle_14985	14985
0000000000000200000001000020000044	N	oracle_14986	14986
0000000000000200000001000200000044	N	oracle_14987	14987
0000000000000200000001002000000044	N	oracle_14988	14988
0000000000000200000001020000000044	N	oracle_14989	14989
0000000000000200000001200200000024	N	oracle_14990	14990
0000000000000200000001200200000033	N	oracle_14991	14991
0000000000000200000001200200000123	N	oracle_14992	14992
0000000000000200000001200210000023	N	oracle_14993	14993
0000000000000200000001200300000023	N	oracle_14994	14994
0000000000000200000001201200000023	N	oracle_14995	14995
0000000000000200000001202000000024	N	oracle_14996	14996
0000000000000200000001202000000033	N	oracle_14997	14997
0000000000000200000001202000000123	N	oracle_14998	14998
0000000000000200000001202010000023	N	oracle_14999	14999
0000000000000200000001202100000023	N	oracle_15000	15000
0000000000000200000001203000000023	N	oracle_15001	15001
0000000000000200000001210200000023	N	oracle_15002	15002
0000000000000200000001212000000023	N	oracle_15003	15003
0000000000000200000001300200000023	N	oracle_15004	15004
0000000000000200000001302000000023	N	oracle_15005	15005
0000000000000200000002000010000044	N	oracle_15006	15006
0000000000000200000002000020000034	N	oracle_15007	15007
0000000000000200000002000100000044	N	oracle_15008	15008
0000000000000200000002000200000034	N	oracle_15009	15009
0000000000000200000002001000000044	N	oracle_15010	15010
0000000000000200000002002000000034	N	oracle_15011	15011
0000000000000200000002020000000034	N	oracle_15012	15012
0000000000000200000002100200000024	N	oracle_15013	15013
0000000000000200000002100200000033	N	oracle_15014	15014
0000000000000200000002100200000123	N	oracle_15015	15015
0000000000000200000002100210000023	N	oracle_15016	15016
0000000000000200000002100300000023	N	oracle_15017	15017
0000000000000200000002101200000023	N	oracle_15018	15018
0000000000000200000002102000000024	N	oracle_15019	15019
0000000000000200000002102000000033	N	oracle_15020	15020
0000000000000200000002102000000123	N	oracle_15021	15021
0000000000000200000002102010000023	N	oracle_15022	15022
0000000000000200000002102100000023	N	oracle_15023	15023
0000000000000200000002103000000023	N	oracle_15024	15024
0000000000000200000002110200000023	N	oracle_15025	15025
0000000000000200000002112000000023	N	oracle_15026	15026
0000000000000200000002120000000024	N	oracle_15027	15027
0000000000000200000002200200000023	N	oracle_15028	15028
0000000000000200000002202000000023	N	oracle_15029	15029
0000000000000200000003100200000023	N	oracle_15030	15030
0000000000000200000003102000000023	N	oracle_15031	15031
0000000000000200000010000020000044	N	oracle_15032	15032
0000000000000200000010000200000044	N	oracle_15033	15033
0000000000000200000010002000000044	N	oracle_15034	15034
0000000000000200000011200200000023	N	oracle_15035	15035
0000000000000200000011202000000023	N	oracle_15036	15036
0000000000000200000012100200000023	N	oracle_15037	15037
0000000000000200000012102000000023	N	oracle_15038	15038
0000000000000200000020000010000044	N	oracle_15039	15039
0000000000000200000020000020000034	N	oracle_15040	15040
0000000000000200000020000100000044	N	oracle_15041	15041
0000000000000200000020000200000034	N	oracle_15042	15042
0000000000000200000020002000000034	N	oracle_15043	15043
0000000000000200000020012000000024	N	oracle_15044	15044
0000000000000200000020120010000023	N	oracle_15045	15045
0000000000000200000020120100000023	N	oracle_15046	15046
0000000000000200000020210010000023	N	oracle_15047	15047
0000000000000200000020210100000023	N	oracle_15048	15048
0000000000000200000100000020000044	N	oracle_15049	15049
0000000000000200000100000200000044	N	oracle_15050	15050
0000000000000200000101200200000023	N	oracle_15051	15051
0000000000000200000102100200000023	N	oracle_15052	15052
0000000000000200000200000010000044	N	oracle_15053	15053
0000000000000200000200000020000034	N	oracle_15054	15054
0000000000000200000200000200000034	N	oracle_15055	15055
0000000000000200000200120010000023	N	oracle_15056	15056
0000000000000200000200210010000023	N	oracle_15057	15057
0000000000000200001000000020000044	N	oracle_15058	15058
0000000000000200002000000020000034	N	oracle_15059	15059
0000000000000200002100000030000023	N	oracle_15060	15060
0000000000000200010001200200000023	N	oracle_15061	15061
0000000000000200010001202000000023	N	oracle_15062	15062
0000000000000200010002100200000023	N	oracle_15063	15063
0000000000000200010002102000000023	N	oracle_15064	15064
0000000000000200100001200200000023	N	oracle_15065	15065
0000000000000200100001202000000023	N	oracle_15066	15066
0000000000000200100002100200000023	N	oracle_15067	15067
0000000000000200100002102000000023	N	oracle_15068	15068
0000000000000201000001200200000023	N	oracle_15069	15069
0000000000000201000001202000000023	N	oracle_15070	15070
0000000000000201000002100200000023	N	oracle_15071	15071
0000000000000201000002102000000023	N	oracle_15072	15072
0000000000000202000000220000000023	N	oracle_15073	15073
0000000000000202000001120000000023	N	oracle_15074	15074
0000000000000202000002100010000023	N	oracle_15075	15075
0000000000000202000002100100000023	N	oracle_15076	15076
0000000000000202000002101000000023	N	oracle_15077	15077
0000000000000202010001000200000023	N	oracle_15078	15078
0000000000000202010010000200000023	N	oracle_15079	15079
0000000000000202010100000200000023	N	oracle_15080	15080
0000000000000202010200000010000023	N	oracle_15081	15081
0000000000000210000001000200000223	N	oracle_15082	15082
0000000000000210000001002000000223	N	oracle_15083	15083
0000000000000210000001002020000023	N	oracle_15084	15084
0000000000000210000001020200000023	N	oracle_15085	15085
0000000000000210000001022000000023	N	oracle_15086	15086
0000000000000210000001200200000023	N	oracle_15087	15087
0000000000000210000001202000000023	N	oracle_15088	15088
0000000000000210000002100200000023	N	oracle_15089	15089
0000000000000210000002102000000023	N	oracle_15090	15090
0000000000000210000010000200000223	N	oracle_15091	15091
0000000000000210000010002000000223	N	oracle_15092	15092
0000000000000210000010002020000023	N	oracle_15093	15093
0000000000000210000010020200000023	N	oracle_15094	15094
0000000000000210000010022000000023	N	oracle_15095	15095
0000000000000210000020000010000223	N	oracle_15096	15096
0000000000000210000020000020000024	N	oracle_15097	15097
0000000000000210000020000020000033	N	oracle_15098	15098
0000000000000210000020000020000123	N	oracle_15099	15099
0000000000000210000020000030000023	N	oracle_15100	15100
0000000000000210000020000100000223	N	oracle_15101	15101
0000000000000210000020000120000023	N	oracle_15102	15102
0000000000000210000020000200000024	N	oracle_15103	15103
0000000000000210000020000200000033	N	oracle_15104	15104
0000000000000210000020000200000123	N	oracle_15105	15105
0000000000000210000020000210000023	N	oracle_15106	15106
0000000000000210000020000300000023	N	oracle_15107	15107
0000000000000210000020001020000023	N	oracle_15108	15108
0000000000000210000020001200000023	N	oracle_15109	15109
0000000000000210000020002000000024	N	oracle_15110	15110
0000000000000210000020002000000033	N	oracle_15111	15111
0000000000000210000020002000000123	N	oracle_15112	15112
0000000000000210000020002010000023	N	oracle_15113	15113
0000000000000210000020002100000023	N	oracle_15114	15114
0000000000000210000020003000000023	N	oracle_15115	15115
0000000000000210000020010020000023	N	oracle_15116	15116
0000000000000210000020010200000023	N	oracle_15117	15117
0000000000000210000020012000000023	N	oracle_15118	15118
0000000000000210000020100020000023	N	oracle_15119	15119
0000000000000210000020100200000023	N	oracle_15120	15120
0000000000000210000020102000000023	N	oracle_15121	15121
0000000000000210000021000020000023	N	oracle_15122	15122
0000000000000210000021000200000023	N	oracle_15123	15123
0000000000000210000022000010000023	N	oracle_15124	15124
0000000000000210000022000100000023	N	oracle_15125	15125
0000000000000210000030000020000023	N	oracle_15126	15126
0000000000000210000030000200000023	N	oracle_15127	15127
0000000000000210000100000200000223	N	oracle_15128	15128
0000000000000210000100002020000023	N	oracle_15129	15129
0000000000000210000100020200000023	N	oracle_15130	15130
0000000000000210000120000020000023	N	oracle_15131	15131
0000000000000210000120000200000023	N	oracle_15132	15132
0000000000000210000200000010000223	N	oracle_15133	15133
0000000000000210000200000020000024	N	oracle_15134	15134
0000000000000210000200000020000033	N	oracle_15135	15135
0000000000000210000200000020000123	N	oracle_15136	15136
0000000000000210000200000030000023	N	oracle_15137	15137
0000000000000210000200000120000023	N	oracle_15138	15138
0000000000000210000200001020000023	N	oracle_15139	15139
0000000000000210000200002010000023	N	oracle_15140	15140
0000000000000210000200010020000023	N	oracle_15141	15141
0000000000000210000200100020000023	N	oracle_15142	15142
0000000000000210000201000020000023	N	oracle_15143	15143
0000000000000210000202000010000023	N	oracle_15144	15144
0000000000000210000210000020000023	N	oracle_15145	15145
0000000000000210000300000020000023	N	oracle_15146	15146
0000000000000210001000002020000023	N	oracle_15147	15147
0000000000000210001020000020000023	N	oracle_15148	15148
0000000000000210001200000020000023	N	oracle_15149	15149
0000000000000210010020000020000023	N	oracle_15150	15150
0000000000000210010020000200000023	N	oracle_15151	15151
0000000000000210010020002000000023	N	oracle_15152	15152
0000000000000210010200000020000023	N	oracle_15153	15153
0000000000000210100020000020000023	N	oracle_15154	15154
0000000000000210100020000200000023	N	oracle_15155	15155
0000000000000210100020002000000023	N	oracle_15156	15156
0000000000000210100200000020000023	N	oracle_15157	15157
0000000000000210200001002000000023	N	oracle_15158	15158
0000000000000210200010002000000023	N	oracle_15159	15159
0000000000000210200020000010000023	N	oracle_15160	15160
0000000000000210200020000100000023	N	oracle_15161	15161
0000000000000211000020000020000023	N	oracle_15162	15162
0000000000000211000020000200000023	N	oracle_15163	15163
0000000000000211000020002000000023	N	oracle_15164	15164
0000000000000211000200000020000023	N	oracle_15165	15165
0000000000000212000001000200000023	N	oracle_15166	15166
0000000000000212000010000200000023	N	oracle_15167	15167
0000000000000212000100000200000023	N	oracle_15168	15168
0000000000000212000200000010000023	N	oracle_15169	15169
0000000000000220000001002000000123	N	oracle_15170	15170
0000000000000220000010002000000024	N	oracle_15171	15171
0000000000000220000010002000000033	N	oracle_15172	15172
0000000000000220000010002000000123	N	oracle_15173	15173
0000000000000220000010002010000023	N	oracle_15174	15174
0000000000000220000010002100000023	N	oracle_15175	15175
0000000000000220000010003000000023	N	oracle_15176	15176
0000000000000220000010012000000023	N	oracle_15177	15177
0000000000000220000010102000000023	N	oracle_15178	15178
0000000000000220000011002000000023	N	oracle_15179	15179
0000000000000220000020000010000123	N	oracle_15180	15180
0000000000000220000020000020000023	N	oracle_15181	15181
0000000000000220000020000100000123	N	oracle_15182	15182
0000000000000220000020000200000023	N	oracle_15183	15183
0000000000000220000020001010000023	N	oracle_15184	15184
0000000000000220000020001100000023	N	oracle_15185	15185
0000000000000220000020002000000023	N	oracle_15186	15186
0000000000000220000200000020000023	N	oracle_15187	15187
0000000000000220010001002000000023	N	oracle_15188	15188
0000000000000220010010002000000023	N	oracle_15189	15189
0000000000000220010020000010000023	N	oracle_15190	15190
0000000000000220010020000100000023	N	oracle_15191	15191
0000000000000220100001002000000023	N	oracle_15192	15192
0000000000000220100010002000000023	N	oracle_15193	15193
0000000000000220100020000010000023	N	oracle_15194	15194
0000000000000220100020000100000023	N	oracle_15195	15195
0000000000000221000010002000000023	N	oracle_15196	15196
0000000000000222000001000100000023	N	oracle_15197	15197
0000000000000222000001001000000023	N	oracle_15198	15198
0000000000000222000010000010000023	N	oracle_15199	15199
0000000000000222000010000100000023	N	oracle_15200	15200
0000000000000222000010001000000023	N	oracle_15201	15201
0000000000000222000100000010000023	N	oracle_15202	15202
0000000000000222000100000100000023	N	oracle_15203	15203
0000000000000222100010000010000022	N	oracle_15204	15204
0000000000000222100010000100000022	N	oracle_15205	15205
0000000000000230000010002000000023	N	oracle_15206	15206
0000000000000300000000400000000024	N	oracle_15207	15207
0000000000000300000001200200000023	N	oracle_15208	15208
0000000000000300000001202000000023	N	oracle_15209	15209
0000000000000300000002100200000023	N	oracle_15210	15210
0000000000000300000002102000000023	N	oracle_15211	15211
0000000000000310000020000020000023	N	oracle_15212	15212
0000000000000310000020000200000023	N	oracle_15213	15213
0000000000000310000020002000000023	N	oracle_15214	15214
0000000000000310000200000020000023	N	oracle_15215	15215
0000000000000320000010002000000023	N	oracle_15216	15216
0000000000001000010002120000000024	N	oracle_15217	15217
0000000000001000010002200200000023	N	oracle_15218	15218
0000000000001000010002202000000023	N	oracle_15219	15219
0000000000001000010020022000000023	N	oracle_15220	15220
0000000000001000012000000120000024	N	oracle_15221	15221
0000000000001000012000000120000123	N	oracle_15222	15222
0000000000001000012000100120000023	N	oracle_15223	15223
0000000000001000012100000120000023	N	oracle_15224	15224
0000000000001000020001200200000023	N	oracle_15225	15225
0000000000001000020001202000000023	N	oracle_15226	15226
0000000000001000020002100200000023	N	oracle_15227	15227
0000000000001000020002102000000023	N	oracle_15228	15228
0000000000001000020020000210000023	N	oracle_15229	15229
0000000000001000100002120000000024	N	oracle_15230	15230
0000000000001000100002200200000023	N	oracle_15231	15231
0000000000001000100002202000000023	N	oracle_15232	15232
0000000000001000100002220000000023	N	oracle_15233	15233
0000000000001000100020022000000023	N	oracle_15234	15234
0000000000001000100021003000000023	N	oracle_15235	15235
0000000000001000102000000120000123	N	oracle_15236	15236
0000000000001000102000100120000023	N	oracle_15237	15237
0000000000001000102100000120000023	N	oracle_15238	15238
0000000000001000200002200010000023	N	oracle_15239	15239
0000000000001000200020012000000023	N	oracle_15240	15240
0000000000001000201200000020000023	N	oracle_15241	15241
0000000000001000202000000120000023	N	oracle_15242	15242
0000000000001001000002120000000024	N	oracle_15243	15243
0000000000001001000002200200000023	N	oracle_15244	15244
0000000000001001000002202000000023	N	oracle_15245	15245
0000000000001001000002220000000023	N	oracle_15246	15246
0000000000001001000020000120000033	N	oracle_15247	15247
0000000000001001000020022000000023	N	oracle_15248	15248
0000000000001001000021003000000023	N	oracle_15249	15249
0000000000001001002000000120000123	N	oracle_15250	15250
0000000000001001002000100120000023	N	oracle_15251	15251
0000000000001001002100000120000023	N	oracle_15252	15252
0000000000001002000001200020000023	N	oracle_15253	15253
0000000000001002000001200200000023	N	oracle_15254	15254
0000000000001002000002100200000023	N	oracle_15255	15255
0000000000001002000002200010000023	N	oracle_15256	15256
0000000000001002000020012000000023	N	oracle_15257	15257
0000000000001002001200000020000023	N	oracle_15258	15258
0000000000001002002000000120000023	N	oracle_15259	15259
0000000000001010000002120000000024	N	oracle_15260	15260
0000000000001010000002200200000023	N	oracle_15261	15261
0000000000001010000002202000000023	N	oracle_15262	15262
0000000000001010000020022000000023	N	oracle_15263	15263
0000000000001010002000000120000123	N	oracle_15264	15264
0000000000001010002000100120000023	N	oracle_15265	15265
0000000000001010002100000120000023	N	oracle_15266	15266
0000000000001020000001200200000023	N	oracle_15267	15267
0000000000001020000001202000000023	N	oracle_15268	15268
0000000000001020000002100200000023	N	oracle_15269	15269
0000000000001020000002102000000023	N	oracle_15270	15270
0000000000001020000020000210000023	N	oracle_15271	15271
0000000000001120000020002000000023	N	oracle_15272	15272
0000000000001122100010000100000022	N	oracle_15273	15273
0000000000001200010020000020000023	N	oracle_15274	15274
0000000000001200010020000200000023	N	oracle_15275	15275
0000000000001200010020002000000023	N	oracle_15276	15276
0000000000001200010200000020000023	N	oracle_15277	15277
0000000000001200020010002000000023	N	oracle_15278	15278
0000000000001200020020000010000023	N	oracle_15279	15279
0000000000001200020020000100000023	N	oracle_15280	15280
0000000000001200100020000020000023	N	oracle_15281	15281
0000000000001200100020000200000023	N	oracle_15282	15282
0000000000001200100020002000000023	N	oracle_15283	15283
0000000000001200100200000020000023	N	oracle_15284	15284
0000000000001200200002000010000023	N	oracle_15285	15285
0000000000001200200002000100000023	N	oracle_15286	15286
0000000000001200200002001000000023	N	oracle_15287	15287
0000000000001200200010000020000023	N	oracle_15288	15288
0000000000001200200010002000000023	N	oracle_15289	15289
0000000000001200200020000010000023	N	oracle_15290	15290
0000000000001200200020000100000023	N	oracle_15291	15291
0000000000001200200100000010000024	N	oracle_15292	15292
0000000000001200200100000010000033	N	oracle_15293	15293
0000000000001200200100000010000123	N	oracle_15294	15294
0000000000001200200100000020000023	N	oracle_15295	15295
0000000000001200200100000100000024	P	oracle_15296	15296
0000000000001200200100000110000023	N	oracle_15297	15297
0000000000001200200100001010000023	N	oracle_15298	15298
0000000000001200200100010010000023	N	oracle_15299	15299
0000000000001200200100100010000023	N	oracle_15300	15300
0000000000001200200101000010000023	N	oracle_15301	15301
0000000000001200200110000010000023	N	oracle_15302	15302
0000000000001200200200000010000023	N	oracle_15303	15303
0000000000001200201000000020000023	N	oracle_15304	15304
0000000000001200201000000110000023	N	oracle_15305	15305
0000000000001200210100000010000023	N	oracle_15306	15306
0000000000001200300100000010000023	N	oracle_15307	15307
0000000000001201000020000020000023	N	oracle_15308	15308
0000000000001201000020000200000023	N	oracle_15309	15309
0000000000001201000020002000000023	N	oracle_15310	15310
0000000000001201000200000020000023	N	oracle_15311	15311
0000000000001201200100000010000023	N	oracle_15312	15312
0000000000001202000002000010000023	N	oracle_15313	15313
0000000000001202000002000100000023	N	oracle_15314	15314
0000000000001202000002001000000023	N	oracle_15315	15315
0000000000001202000010000020000023	N	oracle_15316	15316
0000000000001202000100000010000024	N	oracle_15317	15317
0000000000001202000100000010000033	N	oracle_15318	15318
0000000000001202000100000010000123	N	oracle_15319	15319
0000000000001202000100000020000023	N	oracle_15320	15320
0000000000001202000100000110000023	N	oracle_15321	15321
0000000000001202000100001010000023	N	oracle_15322	15322
0000000000001202000100010010000023	N	oracle_15323	15323
0000000000001202000100100010000023	N	oracle_15324	15324
0000000000001202000101000010000023	N	oracle_15325	15325
0000000000001202000110000010000023	N	oracle_15326	15326
0000000000001202000200000010000023	N	oracle_15327	15327
0000000000001202001000000020000023	N	oracle_15328	15328
0000000000001202001000000110000023	N	oracle_15329	15329
0000000000001202010100000010000023	N	oracle_15330	15330
0000000000001202100100000010000023	N	oracle_15331	15331
0000000000001203000100000010000023	N	oracle_15332	15332
0000000000001210000020000020000023	N	oracle_15333	15333
0000000000001210000020000200000023	N	oracle_15334	15334
0000000000001210000020002000000023	N	oracle_15335	15335
0000000000001210000200000020000023	N	oracle_15336	15336
0000000000001210200100000010000023	N	oracle_15337	15337
0000000000001212000100000010000023	N	oracle_15338	15338
0000000000001220000010002000000023	N	oracle_15339	15339
0000000000001300200100000010000023	N	oracle_15340	15340
0000000000001302000100000010000023	N	oracle_15341	15341
0000000000002000010002100200000023	N	oracle_15342	15342
0000000000002000010002102000000023	N	oracle_15343	15343
0000000000002000010020000210000023	N	oracle_15344	15344
0000000000002000100002100200000023	N	oracle_15345	15345
0000000000002000100002102000000023	N	oracle_15346	15346
0000000000002000100020000210000023	N	oracle_15347	15347
0000000000002001000002100200000023	N	oracle_15348	15348
0000000000002001000002102000000023	N	oracle_15349	15349
0000000000002001000020000210000023	N	oracle_15350	15350
0000000000002100010020002000000023	N	oracle_15351	15351
0000000000002100100020002000000023	N	oracle_15352	15352
0000000000002100200010000020000023	N	oracle_15353	15353
0000000000002100200010002000000023	N	oracle_15354	15354
0000000000002100200020000010000023	N	oracle_15355	15355
0000000000002100200020000100000023	N	oracle_15356	15356
0000000000002100200100000010000024	N	oracle_15357	15357
0000000000002100200100000010000033	N	oracle_15358	15358
0000000000002100200100000010000123	N	oracle_15359	15359
0000000000002100200100000020000023	N	oracle_15360	15360
0000000000002100200100000110000023	N	oracle_15361	15361
0000000000002100200100001010000023	N	oracle_15362	15362
0000000000002100200100010010000023	N	oracle_15363	15363
0000000000002100200100100010000023	N	oracle_15364	15364
0000000000002100200101000010000023	N	oracle_15365	15365
0000000000002100200110000010000023	N	oracle_15366	15366
0000000000002100200200000010000023	N	oracle_15367	15367
0000000000002100201000000020000023	N	oracle_15368	15368
0000000000002100201000000110000023	N	oracle_15369	15369
0000000000002100210100000010000023	N	oracle_15370	15370
0000000000002100300100000010000023	N	oracle_15371	15371
0000000000002101000020002000000023	N	oracle_15372	15372
0000000000002101200100000010000023	N	oracle_15373	15373
0000000000002102000010000020000023	N	oracle_15374	15374
0000000000002102000100000020000023	N	oracle_15375	15375
0000000000002102001000000020000023	N	oracle_15376	15376
0000000000002110200100000010000023	N	oracle_15377	15377
0000000000002120000010000010000024	N	oracle_15378	15378
0000000000002120000100000010000024	N	oracle_15379	15379
0000000000002120001000000010000024	N	oracle_15380	15380
0000000000002200010010000200000023	N	oracle_15381	15381
0000000000002200010010002000000023	N	oracle_15382	15382
0000000000002200010020000010000023	N	oracle_15383	15383
0000000000002200010020000100000023	N	oracle_15384	15384
0000000000002200010100000200000023	N	oracle_15385	15385
0000000000002200010200000010000023	N	oracle_15386	15386
0000000000002200100010002000000023	N	oracle_15387	15387
0000000000002200200100000010000023	N	oracle_15388	15388
0000000000002201000010002000000023	N	oracle_15389	15389
0000000000002202000010000010000023	N	oracle_15390	15390
0000000000002202000100000010000023	N	oracle_15391	15391
0000000000002202001000000010000023	N	oracle_15392	15392
0000000000002220000010000010000023	N	oracle_15393	15393
0000000000002220000010000100000023	N	oracle_15394	15394
0000000000002220000010001000000023	N	oracle_15395	15395
0000000000002220000100000010000023	N	oracle_15396	15396
0000000000002220000100000100000023	N	oracle_15397	15397
0000000000003100200100000010000023	N	oracle_15398	15398
0000000000010000010020000120000033	N	oracle_15399	15399
0000000000010000010020022000000023	N	oracle_15400	15400
0000000000010000010021003000000023	N	oracle_15401	15401
0000000000010000012000000120000024	N	oracle_15402	15402
0000000000010000012000000120000123	N	oracle_15403	15403
0000000000010000012000100120000023	N	oracle_15404	15404
0000000000010000020020000210000023	N	oracle_15405	15405
0000000000010000100010122100000022	N	oracle_15406	15406
0000000000010000100020000120000033	N	oracle_15407	15407
0000000000010000100021003000000023	N	oracle_15408	15408
0000000000010000100100122100000022	N	oracle_15409	15409
0000000000010000100122100010000022	N	oracle_15410	15410
0000000000010000200020012000000023	N	oracle_15411	15411
0000000000010000201200000020000023	N	oracle_15412	15412
0000000000010000202000000120000023	N	oracle_15413	15413
0000000000010001000020000120000033	N	oracle_15414	15414
0000000000010001000021003000000023	N	oracle_15415	15415
0000000000010002000020012000000023	N	oracle_15416	15416
0000000000010002001200000020000023	N	oracle_15417	15417
0000000000010002002000000120000023	N	oracle_15418	15418
0000000000011200200100000010000023	N	oracle_15419	15419
0000000000011202000100000010000023	N	oracle_15420	15420
0000000000012100200100000010000023	N	oracle_15421	15421
0000000000020000010020012000000023	N	oracle_15422	15422
0000000000020000011200000020000023	N	oracle_15423	15423
0000000000020000012000000120000023	N	oracle_15424	15424
0000000000020000100020012000000023	N	oracle_15425	15425
0000000000020000101200000020000023	N	oracle_15426	15426
0000000000020000102000000120000023	N	oracle_15427	15427
0000000000020000210100000020000023	N	oracle_15428	15428
0000000000020000211000000020000023	N	oracle_15429	15429
0000000000020012000100000200000023	N	oracle_15430	15430
0000000000020012000200000010000023	N	oracle_15431	15431
0000000000020022000100000010000023	N	oracle_15432	15432
0000000000020022001000000010000023	N	oracle_15433	15433
0000000000020210010100000010000023	N	oracle_15434	15434
0000000000020210100100000010000023	N	oracle_15435	15435
0000000000021003000100000010000023	N	oracle_15436	15436
0000000000021003000100000100000023	N	oracle_15437	15437
0000000000100000010101200200000023	N	oracle_15438	15438
0000000000100000010102100200000023	N	oracle_15439	15439
0000000000100000010200120010000023	N	oracle_15440	15440
0000000000100000010200210010000023	N	oracle_15441	15441
0000000000100000012000000120000024	N	oracle_15442	15442
0000000000100000012000000120000123	N	oracle_15443	15443
0000000000100000012000100120000023	N	oracle_15444	15444
0000000000100000201200000020000023	N	oracle_15445	15445
0000000000100000202000000120000023	N	oracle_15446	15446
0000000000200000011200000020000023	N	oracle_15447	15447
0000000000200000012000000120000023	N	oracle_15448	15448
0000000001000000012000000120000024	N	oracle_15449	15449
0000000001000000012000000120000123	N	oracle_15450	15450
0000000001000000012000100120000023	N	oracle_15451	15451
0000000010000000010000102120000023	N	oracle_15452	15452
0000000010000000010000122200000022	P	oracle_15453	15453
0000000010000000010002120000000024	N	oracle_15454	15454
0000000010000000010002202000000023	N	oracle_15455	15455
0000000010000000010020022000000023	N	oracle_15456	15456
0000000010000000012000000120000024	N	oracle_15457	15457
0000000010000000012000000120000123	N	oracle_15458	15458
0000000010000000012000100120000023	N	oracle_15459	15459
0000000010000000020000000020000044	N	oracle_15460	15460
0000000010000000020000000200000044	N	oracle_15461	15461
0000000010000000020000002000000044	N	oracle_15462	15462
0000000010000000020000020000000044	N	oracle_15463	15463
0000000010000000020000122100000022	N	oracle_15464	15464
0000000010000000020000200000000044	N	oracle_15465	15465
0000000010000000020001200200000023	N	oracle_15466	15466
0000000010000000020001202000000023	N	oracle_15467	15467
0000000010000000020002100200000023	N	oracle_15468	15468
0000000010000000020002102000000023	N	oracle_15469	15469
0000000010000000020020000210000023	N	oracle_15470	15470
0000000010000000100000102120000023	N	oracle_15471	15471
0000000010000000100000122100000023	N	oracle_15472	15472
0000000010000000100000122200000022	P	oracle_15473	15473
0000000010000000100000222000000023	N	oracle_15474	15474
0000000010000000100002120000000024	N	oracle_15475	15475
0000000010000000100002202000000023	N	oracle_15476	15476
0000000010000000100002220000000023	N	oracle_15477	15477
0000000010000000100010000230000023	N	oracle_15478	15478
0000000010000000100010000330000022	N	oracle_15479	15479
0000000010000000100020000230000022	N	oracle_15480	15480
0000000010000000100020022000000023	N	oracle_15481	15481
0000000010000000100021003000000023	N	oracle_15482	15482
0000000010000000102000000120000024	N	oracle_15483	15483
0000000010000000102000000120000123	N	oracle_15484	15484
0000000010000000102000100120000023	N	oracle_15485	15485
0000000010000000102010000120000023	P	oracle_15486	15486
0000000010000000200000000200000044	N	oracle_15487	15487
0000000010000000200000002000000044	N	oracle_15488	15488
0000000010000000200000020000000044	N	oracle_15489	15489
0000000010000000200000102020000023	N	oracle_15490	15490
0000000010000000200000122100000022	N	oracle_15491	15491
0000000010000000200000200000000044	N	oracle_15492	15492
0000000010000000200000202010000023	N	oracle_15493	15493
0000000010000000200000210000000223	N	oracle_15494	15494
0000000010000000200000212000000023	N	oracle_15495	15495
0000000010000000200002200010000023	N	oracle_15496	15496
0000000010000000200010000230000022	N	oracle_15497	15497
0000000010000000200020012000000023	N	oracle_15498	15498
0000000010000000201200000020000023	N	oracle_15499	15499
0000000010000000202000000120000023	N	oracle_15500	15500
0000000010000000300000121000000023	N	oracle_15501	15501
0000000010000001000000102120000023	N	oracle_15502	15502
0000000010000001000000122200000022	P	oracle_15503	15503
0000000010000001000000222000000023	N	oracle_15504	15504
0000000010000001000002120000000024	N	oracle_15505	15505
0000000010000001000002202000000023	N	oracle_15506	15506
0000000010000001000002220000000023	N	oracle_15507	15507
0000000010000001000020022000000023	N	oracle_15508	15508
0000000010000001000021003000000023	N	oracle_15509	15509
0000000010000001002000000120000024	N	oracle_15510	15510
0000000010000001002000000120000123	N	oracle_15511	15511
0000000010000001002000100120000023	N	oracle_15512	15512
0000000010000002000000002000000044	N	oracle_15513	15513
0000000010000002000000020000000044	N	oracle_15514	15514
0000000010000002000000120000000223	N	oracle_15515	15515
0000000010000002000000120200000023	N	oracle_15516	15516
0000000010000002000000122100000022	N	oracle_15517	15517
0000000010000002000000200000000044	N	oracle_15518	15518
0000000010000002000000210000000223	N	oracle_15519	15519
0000000010000002000000210200000023	N	oracle_15520	15520
0000000010000002000000220000000123	N	oracle_15521	15521
0000000010000002000000220010000023	N	oracle_15522	15522
0000000010000002000000220100000023	N	oracle_15523	15523
0000000010000002000001200020000023	N	oracle_15524	15524
0000000010000002000001200200000023	N	oracle_15525	15525
0000000010000002000002100200000023	N	oracle_15526	15526
0000000010000002000002200010000023	N	oracle_15527	15527
0000000010000002000020012000000023	N	oracle_15528	15528
0000000010000002001200000020000023	N	oracle_15529	15529
0000000010000002002000000120000023	N	oracle_15530	15530
0000000010000002020000210000000023	N	oracle_15531	15531
0000000010000010000000102120000023	N	oracle_15532	15532
0000000010000010000000122200000022	P	oracle_15533	15533
0000000010000010000002120000000024	N	oracle_15534	15534
0000000010000010000002200200000023	N	oracle_15535	15535
0000000010000010000002202000000023	N	oracle_15536	15536
0000000010000010000020022000000023	N	oracle_15537	15537
0000000010000010002000000120000024	N	oracle_15538	15538
0000000010000010002000000120000123	N	oracle_15539	15539
0000000010000010002000100120000023	N	oracle_15540	15540
0000000010000010002100000120000023	N	oracle_15541	15541
0000000010000020000000020000000044	N	oracle_15542	15542
0000000010000020000000122100000022	N	oracle_15543	15543
0000000010000020000000200000000044	N	oracle_15544	15544
0000000010000020000001200200000023	N	oracle_15545	15545
0000000010000020000001202000000023	N	oracle_15546	15546
0000000010000020000002100200000023	N	oracle_15547	15547
0000000010000020000002102000000023	N	oracle_15548	15548
0000000010000020000020000210000023	N	oracle_15549	15549
0000000010000020200000210000000023	N	oracle_15550	15550
0000000010000022000000210000000023	N	oracle_15551	15551
0000000010000100000000102120000023	N	oracle_15552	15552
0000000010000100000000122200000022	P	oracle_15553	15553
0000000010000100000002120000000024	N	oracle_15554	15554
0000000010000100000002200200000023	N	oracle_15555	15555
0000000010000100000002202000000023	N	oracle_15556	15556
0000000010000100000020012000000024	N	oracle_15557	15557
0000000010000100000020022000000023	N	oracle_15558	15558
0000000010000100002000000120000024	N	oracle_15559	15559
0000000010000100002000000120000123	N	oracle_15560	15560
0000000010000100002000100120000023	N	oracle_15561	15561
0000000010000100002100000030000023	N	oracle_15562	15562
0000000010000120000000202000000023	N	oracle_15563	15563
0000000010000120000020002000000023	N	oracle_15564	15564
0000000010000122100000200000000022	N	oracle_15565	15565
0000000010000122100010000100000022	N	oracle_15566	15566
0000000010000200000000200000000044	N	oracle_15567	15567
0000000010000200000001200200000023	N	oracle_15568	15568
0000000010000200000001202000000023	N	oracle_15569	15569
0000000010000200000002100200000023	N	oracle_15570	15570
0000000010000200000002102000000023	N	oracle_15571	15571
0000000010000210000020000020000023	N	oracle_15572	15572
0000000010000210000020000200000023	N	oracle_15573	15573
0000000010000210000020002000000023	N	oracle_15574	15574
0000000010000210000200000020000023	N	oracle_15575	15575
0000000010000220000010002000000023	N	oracle_15576	15576
0000000010001200200100000010000023	N	oracle_15577	15577
0000000010001202000100000010000023	N	oracle_15578	15578
0000000010002100200100000010000023	N	oracle_15579	15579
0000000020000000020000000020000034	N	oracle_15580	15580
0000000020000000020000000100000044	N	oracle_15581	15581
0000000020000000020000000200000034	N	oracle_15582	15582
0000000020000000020000001000000044	N	oracle_15583	15583
0000000020000000020000002000000034	N	oracle_15584	15584
0000000020000000020000010000000044	N	oracle_15585	15585
0000000020000000020000020000000034	N	oracle_15586	15586
0000000020000000020000100000000044	N	oracle_15587	15587
0000000020000000020000200000000034	N	oracle_15588	15588
0000000020000000100000000200000044	N	oracle_15589	15589
0000000020000000100000002000000044	N	oracle_15590	15590
0000000020000000100000020000000044	N	oracle_15591	15591
0000000020000000100000122100000022	N	oracle_15592	15592
0000000020000000100000200000000044	N	oracle_15593	15593
0000000020000000100001200200000023	N	oracle_15594	15594
0000000020000000100001202000000023	N	oracle_15595	15595
0000000020000000100002100200000023	N	oracle_15596	15596
0000000020000000100002102000000023	N	oracle_15597	15597
0000000020000000100010000230000022	N	oracle_15598	15598
0000000020000000100020000210000023	N	oracle_15599	15599
0000000020000000200000000200000034	N	oracle_15600	15600
0000000020000000200000001000000044	N	oracle_15601	15601
0000000020000000200000002000000034	N	oracle_15602	15602
0000000020000000200000010000000044	N	oracle_15603	15603
0000000020000000200000020000000034	N	oracle_15604	15604
0000000020000000200000100000000044	N	oracle_15605	15605
0000000020000000200000200000000034	N	oracle_15606	15606
0000000020000000200000210000000024	N	oracle_15607	15607
0000000020000000200000210000000033	N	oracle_15608	15608
0000000020000000200000210000000123	N	oracle_15609	15609
0000000020000000200000210010000023	N	oracle_15610	15610
0000000020000000200000210100000023	N	oracle_15611	15611
0000000020000000200000211000000023	N	oracle_15612	15612
0000000020000000200000220000000023	N	oracle_15613	15613
0000000020000000200000310000000023	N	oracle_15614	15614
0000000020000000200001200010000023	N	oracle_15615	15615
0000000020000000200001200100000023	N	oracle_15616	15616
0000000020000000200001201000000023	N	oracle_15617	15617
0000000020000000200001210000000023	N	oracle_15618	15618
0000000020000000210000210000000023	N	oracle_15619	15619
0000000020000000300000121000000022	P	oracle_15620	15620
0000000020000000300000210000000023	N	oracle_15621	15621
0000000020000001000000002000000044	N	oracle_15622	15622
0000000020000001000000020000000044	N	oracle_15623	15623
0000000020000001000000122100000022	N	oracle_15624	15624
0000000020000001000000200000000044	N	oracle_15625	15625
0000000020000001000001200200000023	N	oracle_15626	15626
0000000020000001000001202000000023	N	oracle_15627	15627
0000000020000001000002100200000023	N	oracle_15628	15628
0000000020000001000002102000000023	N	oracle_15629	15629
0000000020000001000020000210000023	N	oracle_15630	15630
0000000020000001200000210000000023	N	oracle_15631	15631
0000000020000002000000002000000034	N	oracle_15632	15632
0000000020000002000000010000000044	N	oracle_15633	15633
0000000020000002000000020000000034	N	oracle_15634	15634
0000000020000002000000100000000044	N	oracle_15635	15635
0000000020000002000000120000000024	N	oracle_15636	15636
0000000020000002000000120000000033	N	oracle_15637	15637
0000000020000002000000120000000123	N	oracle_15638	15638
0000000020000002000000120010000023	N	oracle_15639	15639
0000000020000002000000120100000023	N	oracle_15640	15640
0000000020000002000000121000000023	N	oracle_15641	15641
0000000020000002000000130000000023	N	oracle_15642	15642
0000000020000002000000200000000034	N	oracle_15643	15643
0000000020000002000000210000000024	N	oracle_15644	15644
0000000020000002000000210000000033	N	oracle_15645	15645
0000000020000002000000210000000123	N	oracle_15646	15646
0000000020000002000000210010000023	N	oracle_15647	15647
0000000020000002000000210100000023	N	oracle_15648	15648
0000000020000002000000211000000023	N	oracle_15649	15649
0000000020000002000000220000000023	N	oracle_15650	15650
0000000020000002000000310000000023	N	oracle_15651	15651
0000000020000002000001120000000023	N	oracle_15652	15652
0000000020000002000001200010000023	N	oracle_15653	15653
0000000020000002000001200100000023	N	oracle_15654	15654
0000000020000002000001201000000023	N	oracle_15655	15655
0000000020000002000001210000000023	N	oracle_15656	15656
0000000020000002000002100010000023	N	oracle_15657	15657
0000000020000002000002100100000023	N	oracle_15658	15658
0000000020000002000002101000000023	N	oracle_15659	15659
0000000020000002010000120000000023	N	oracle_15660	15660
0000000020000002010000210000000023	N	oracle_15661	15661
0000000020000002100000120000000023	N	oracle_15662	15662
0000000020000002100000210000000023	N	oracle_15663	15663
0000000020000003000000120000000023	N	oracle_15664	15664
0000000020000003000000210000000023	N	oracle_15665	15665
0000000020000010000000020000000044	N	oracle_15666	15666
0000000020000010000000122100000022	N	oracle_15667	15667
0000000020000010000000200000000044	N	oracle_15668	15668
0000000020000010000001200200000023	N	oracle_15669	15669
0000000020000010000001202000000023	N	oracle_15670	15670
0000000020000010000002100200000023	N	oracle_15671	15671
0000000020000010000002102000000023	N	oracle_15672	15672
0000000020000010000020000210000023	N	oracle_15673	15673
0000000020000010200000210000000023	N	oracle_15674	15674
0000000020000012000000120000000023	N	oracle_15675	15675
0000000020000012000000210000000023	N	oracle_15676	15676
0000000020000020000000020000000034	N	oracle_15677	15677
0000000020000020000000100000000044	N	oracle_15678	15678
0000000020000020000000200000000034	N	oracle_15679	15679
0000000020000100000000122100000022	N	oracle_15680	15680
0000000020000100000000200000000044	N	oracle_15681	15681
0000000020000100000001200200000023	N	oracle_15682	15682
0000000020000100000001202000000023	N	oracle_15683	15683
0000000020000100000002100200000023	N	oracle_15684	15684
0000000020000100000002102000000023	N	oracle_15685	15685
0000000020000100000020000210000023	N	oracle_15686	15686
0000000020000100200000210000000023	N	oracle_15687	15687
0000000020000102000000120000000023	N	oracle_15688	15688
0000000020000102000000210000000023	N	oracle_15689	15689
0000000020000120000001002000000023	N	oracle_15690	15690
0000000020000120000010002000000023	N	oracle_15691	15691
0000000020000120000020000010000023	N	oracle_15692	15692
0000000020000120000020000100000023	N	oracle_15693	15693
0000000020000200000000200000000034	N	oracle_15694	15694
0000000020000210000001000200000023	N	oracle_15695	15695
0000000020000210000001002000000023	N	oracle_15696	15696
0000000020000210000010000200000023	N	oracle_15697	15697
0000000020000210000010002000000023	N	oracle_15698	15698
0000000020000210000020000010000023	N	oracle_15699	15699
0000000020000210000020000100000023	N	oracle_15700	15700
0000000020000210000100000200000023	N	oracle_15701	15701
0000000020000210000200000010000023	N	oracle_15702	15702
0000000030000000200000210000000023	N	oracle_15703	15703
0000000030000002000000120000000023	N	oracle_15704	15704
0000000030000002000000210000000023	N	oracle_15705	15705
0000000100000000100000122100000023	P	oracle_15706	15706
0000000100000000100000222000000023	N	oracle_15707	15707
0000000100000000100002220000000023	N	oracle_15708	15708
0000000100000000100021003000000023	N	oracle_15709	15709
0000000100000000200000000200000044	N	oracle_15710	15710
0000000100000000200000002000000044	N	oracle_15711	15711
0000000100000000200000020000000044	N	oracle_15712	15712
0000000100000000200000102020000023	N	oracle_15713	15713
0000000100000000200000200000000044	N	oracle_15714	15714
0000000100000000200000202010000023	N	oracle_15715	15715
0000000100000000200000210000000223	N	oracle_15716	15716
0000000100000000200000212000000023	N	oracle_15717	15717
0000000100000000200002200010000023	N	oracle_15718	15718
0000000100000000200020012000000023	N	oracle_15719	15719
0000000100000000201200000020000023	N	oracle_15720	15720
0000000100000000202000000120000023	N	oracle_15721	15721
0000000100000000300000121000000023	N	oracle_15722	15722
0000000100000000300000122000000022	N	oracle_15723	15723
0000000100000000300000221000000022	N	oracle_15724	15724
0000000100000001000000222000000023	N	oracle_15725	15725
0000000100000001000002220000000023	N	oracle_15726	15726
0000000100000001000020000120000033	N	oracle_15727	15727
0000000100000001000021003000000023	N	oracle_15728	15728
0000000100000002000000002000000044	N	oracle_15729	15729
0000000100000002000000020000000044	N	oracle_15730	15730
0000000100000002000000120000000223	N	oracle_15731	15731
0000000100000002000000120200000023	N	oracle_15732	15732
0000000100000002000000200000000044	N	oracle_15733	15733
0000000100000002000000210000000223	N	oracle_15734	15734
0000000100000002000000210200000023	N	oracle_15735	15735
0000000100000002000000220000000123	N	oracle_15736	15736
0000000100000002000000220010000023	N	oracle_15737	15737
0000000100000002000000220100000023	N	oracle_15738	15738
0000000100000002000001200020000023	N	oracle_15739	15739
0000000100000002000001200200000023	N	oracle_15740	15740
0000000100000002000002100200000023	N	oracle_15741	15741
0000000100000002000002200010000023	N	oracle_15742	15742
0000000100000002000020012000000023	N	oracle_15743	15743
0000000100000002001200000020000023	N	oracle_15744	15744
0000000100000002002000000120000023	N	oracle_15745	15745
0000000100000002020000210000000023	N	oracle_15746	15746
0000000100000010000000122200000022	P	oracle_15747	15747
0000000100000010000000222000000023	N	oracle_15748	15748
0000000100000010000002120000000024	N	oracle_15749	15749
0000000100000010000002200200000023	N	oracle_15750	15750
0000000100000010000002202000000023	N	oracle_15751	15751
0000000100000010000002220000000023	N	oracle_15752	15752
0000000100000010000020022000000023	N	oracle_15753	15753
0000000100000010000021003000000023	N	oracle_15754	15754
0000000100000010002000000120000123	N	oracle_15755	15755
0000000100000010002000100120000023	N	oracle_15756	15756
0000000100000010002010000120000023	P	oracle_15757	15757
0000000100000010002100000120000023	N	oracle_15758	15758
0000000100000020000000020000000044	N	oracle_15759	15759
0000000100000020000000122100000022	N	oracle_15760	15760
0000000100000020000000200000000044	N	oracle_15761	15761
0000000100000020000001200200000023	N	oracle_15762	15762
0000000100000020000001202000000023	N	oracle_15763	15763
0000000100000020000002100200000023	N	oracle_15764	15764
0000000100000020000002102000000023	N	oracle_15765	15765
0000000100000020000020000210000023	N	oracle_15766	15766
0000000100000020200000210000000023	N	oracle_15767	15767
0000000100000022000000210000000023	N	oracle_15768	15768
0000000100000100000000122200000022	P	oracle_15769	15769
0000000100000100000000222000000023	N	oracle_15770	15770
0000000100000100000002120000000024	N	oracle_15771	15771
0000000100000100000002200200000023	N	oracle_15772	15772
0000000100000100000002202000000023	N	oracle_15773	15773
0000000100000100000002220000000023	N	oracle_15774	15774
0000000100000100000020012000000024	N	oracle_15775	15775
0000000100000100000021003000000023	N	oracle_15776	15776
0000000100000100002100000030000023	N	oracle_15777	15777
0000000100000120000000202000000023	N	oracle_15778	15778
0000000100000120000020002000000023	N	oracle_15779	15779
0000000100000122100000200000000022	N	oracle_15780	15780
0000000100000122100010000100000022	N	oracle_15781	15781
0000000100000200000000200000000044	N	oracle_15782	15782
0000000100000200000001200200000023	N	oracle_15783	15783
0000000100000200000001202000000023	N	oracle_15784	15784
0000000100000200000002100200000023	N	oracle_15785	15785
0000000100000200000002102000000023	N	oracle_15786	15786
0000000100000210000020000020000023	N	oracle_15787	15787
0000000100000210000020000200000023	N	oracle_15788	15788
0000000100000210000020002000000023	N	oracle_15789	15789
0000000100000210000200000020000023	N	oracle_15790	15790
0000000100000220000010002000000023	N	oracle_15791	15791
0000000100001200200100000010000023	N	oracle_15792	15792
0000000100001202000100000010000023	N	oracle_15793	15793
0000000100002100200100000010000023	N	oracle_15794	15794
0000000120000000200000210000000023	N	oracle_15795	15795
0000000120000002000000120000000023	N	oracle_15796	15796
0000000120000002000000210000000023	N	oracle_15797	15797
0000000200000000200000000200000034	N	oracle_15798	15798
0000000200000000200000001000000044	N	oracle_15799	15799
0000000200000000200000002000000034	N	oracle_15800	15800
0000000200000000200000010000000044	N	oracle_15801	15801
0000000200000000200000020000000034	N	oracle_15802	15802
0000000200000000200000100000000044	N	oracle_15803	15803
0000000200000000200000200000000034	N	oracle_15804	15804
0000000200000000300000121000000022	N	oracle_15805	15805
0000000200000001000000002000000044	N	oracle_15806	15806
0000000200000001000000020000000044	N	oracle_15807	15807
0000000200000001000000102020000023	N	oracle_15808	15808
0000000200000001000000122100000022	P	oracle_15809	15809
0000000200000001000000200000000044	N	oracle_15810	15810
0000000200000001000000202010000023	N	oracle_15811	15811
0000000200000001000000210000000223	N	oracle_15812	15812
0000000200000001000000212000000023	N	oracle_15813	15813
0000000200000001000002200010000023	N	oracle_15814	15814
0000000200000001000020012000000023	N	oracle_15815	15815
0000000200000001001200000020000023	N	oracle_15816	15816
0000000200000001002000000120000023	N	oracle_15817	15817
0000000200000001020000210000000023	N	oracle_15818	15818
0000000200000002000000002000000034	N	oracle_15819	15819
0000000200000002000000010000000044	N	oracle_15820	15820
0000000200000002000000020000000034	N	oracle_15821	15821
0000000200000002000000100000000044	N	oracle_15822	15822
0000000200000002000000200000000034	N	oracle_15823	15823
0000000200000010000000020000000044	N	oracle_15824	15824
0000000200000010000000102020000023	N	oracle_15825	15825
0000000200000010000000122100000022	N	oracle_15826	15826
0000000200000010000000200000000044	N	oracle_15827	15827
0000000200000010000000202010000023	N	oracle_15828	15828
0000000200000010000000210000000223	N	oracle_15829	15829
0000000200000010000000212000000023	N	oracle_15830	15830
0000000200000010000002200010000023	N	oracle_15831	15831
0000000200000010000020012000000023	N	oracle_15832	15832
0000000200000010001200000020000023	N	oracle_15833	15833
0000000200000010002000000120000023	N	oracle_15834	15834
0000000200000010020000210000000023	N	oracle_15835	15835
0000000200000020000000020000000034	N	oracle_15836	15836
0000000200000020000000100000000044	N	oracle_15837	15837
0000000200000020000000200000000034	N	oracle_15838	15838
0000000200000020000000210000000024	N	oracle_15839	15839
0000000200000020000000210000000033	N	oracle_15840	15840
0000000200000020000000210000000123	N	oracle_15841	15841
0000000200000020000000210010000023	N	oracle_15842	15842
0000000200000020000000210100000023	N	oracle_15843	15843
0000000200000020000000211000000023	N	oracle_15844	15844
0000000200000020000000220000000023	N	oracle_15845	15845
0000000200000020000000310000000023	N	oracle_15846	15846
0000000200000020000001200010000023	N	oracle_15847	15847
0000000200000020000001200100000023	N	oracle_15848	15848
0000000200000020000001201000000023	N	oracle_15849	15849
0000000200000020000001210000000023	N	oracle_15850	15850
0000000200000020010000210000000023	N	oracle_15851	15851
0000000200000020100000210000000023	N	oracle_15852	15852
0000000200000021000000210000000023	N	oracle_15853	15853
0000000200000030000000210000000023	N	oracle_15854	15854
0000000200000100000000102020000023	N	oracle_15855	15855
0000000200000100000000122100000022	N	oracle_15856	15856
0000000200000100000000200000000044	N	oracle_15857	15857
0000000200000100000000202010000023	N	oracle_15858	15858
0000000200000100000000210000000223	N	oracle_15859	15859
0000000200000100000000212000000023	N	oracle_15860	15860
0000000200000100000002200010000023	N	oracle_15861	15861
0000000200000100000020012000000023	N	oracle_15862	15862
0000000200000100001200000020000023	N	oracle_15863	15863
0000000200000100002000000120000023	N	oracle_15864	15864
0000000200000100020000210000000023	N	oracle_15865	15865
0000000200000120000000210000000023	N	oracle_15866	15866
0000000200000200000000200000000034	N	oracle_15867	15867
0000000200000200000000210000000024	N	oracle_15868	15868
0000000200000200000000210000000033	N	oracle_15869	15869
0000000200000200000000210000000123	N	oracle_15870	15870
0000000200000200000000210010000023	N	oracle_15871	15871
0000000200000200000000210100000023	N	oracle_15872	15872
0000000200000200000000211000000023	N	oracle_15873	15873
0000000200000200000000220000000023	N	oracle_15874	15874
0000000200000200000000310000000023	N	oracle_15875	15875
0000000200000200000001200010000023	N	oracle_15876	15876
0000000200000200000001200100000023	N	oracle_15877	15877
0000000200000200000001201000000023	N	oracle_15878	15878
0000000200000200000001210000000023	N	oracle_15879	15879
0000000200000200010000210000000023	N	oracle_15880	15880
0000000200000200100000210000000023	N	oracle_15881	15881
0000000200000201000000210000000023	N	oracle_15882	15882
0000000200000210000000210000000023	N	oracle_15883	15883
0000000200000210000000300000000023	N	oracle_15884	15884
0000000200000210000001000020000023	N	oracle_15885	15885
0000000200000210000001020000000023	N	oracle_15886	15886
0000000200000210000002000010000023	N	oracle_15887	15887
0000000200000210000002000100000023	N	oracle_15888	15888
0000000200000210000002001000000023	N	oracle_15889	15889
0000000200000210000010000020000023	N	oracle_15890	15890
0000000200000210000100000020000023	N	oracle_15891	15891
0000000200000210001000000020000023	N	oracle_15892	15892
0000000210000020000000210000000023	N	oracle_15893	15893
0000000210000200000000210000000023	N	oracle_15894	15894
0000000300000001000000121000000023	N	oracle_15895	15895
0000000300000010000000121000000023	N	oracle_15896	15896
0000000300000020000000210000000023	N	oracle_15897	15897
0000000300000100000000121000000023	N	oracle_15898	15898
0000000300000200000000210000000023	N	oracle_15899	15899
0000001000000001000000222000000023	N	oracle_15900	15900
0000001000000001000001202000000024	N	oracle_15901	15901
0000001000000001000001202000000033	N	oracle_15902	15902
0000001000000001000001202000000123	N	oracle_15903	15903
0000001000000001000001202010000023	N	oracle_15904	15904
0000001000000001000001202100000023	N	oracle_15905	15905
0000001000000001000001203000000023	N	oracle_15906	15906
0000001000000001000001212000000023	N	oracle_15907	15907
0000001000000001000001302000000023	N	oracle_15908	15908
0000001000000001000002202000000023	N	oracle_15909	15909
0000001000000001000002220000000023	N	oracle_15910	15910
0000001000000001000011202000000023	N	oracle_15911	15911
0000001000000001000020000120000033	N	oracle_15912	15912
0000001000000001000020210010000023	N	oracle_15913	15913
0000001000000001000020210100000023	N	oracle_15914	15914
0000001000000001000021003000000023	N	oracle_15915	15915
0000001000000001010001202000000023	N	oracle_15916	15916
0000001000000001100001202000000023	N	oracle_15917	15917
0000001000000002000000002000000044	N	oracle_15918	15918
0000001000000002000000020000000044	N	oracle_15919	15919
0000001000000002000000120000000223	N	oracle_15920	15920
0000001000000002000000120200000023	N	oracle_15921	15921
0000001000000002000000200000000044	N	oracle_15922	15922
0000001000000002000000210000000223	N	oracle_15923	15923
0000001000000002000000210200000023	N	oracle_15924	15924
0000001000000002000000220000000123	N	oracle_15925	15925
0000001000000002000000220010000023	N	oracle_15926	15926
0000001000000002000000220100000023	N	oracle_15927	15927
0000001000000002000001200020000023	N	oracle_15928	15928
0000001000000002000001200200000023	N	oracle_15929	15929
0000001000000002000001202000000023	N	oracle_15930	15930
0000001000000002000002100200000023	N	oracle_15931	15931
0000001000000002000002200010000023	N	oracle_15932	15932
0000001000000002000020012000000023	N	oracle_15933	15933
0000001000000002001200000020000023	N	oracle_15934	15934
0000001000000002002000000120000023	N	oracle_15935	15935
0000001000000002020000210000000023	N	oracle_15936	15936
0000001000000010000000222000000023	N	oracle_15937	15937
0000001000000010000002120000000024	N	oracle_15938	15938
0000001000000010000002200200000023	N	oracle_15939	15939
0000001000000010000002202000000023	N	oracle_15940	15940
0000001000000010000002220000000023	N	oracle_15941	15941
0000001000000010000020022000000023	N	oracle_15942	15942
0000001000000010000021003000000023	N	oracle_15943	15943
0000001000000010002000000120000123	N	oracle_15944	15944
0000001000000010002000100120000023	N	oracle_15945	15945
0000001000000010002100000120000023	N	oracle_15946	15946
0000001000000011000001202000000023	N	oracle_15947	15947
0000001000000020000000020000000044	N	oracle_15948	15948
0000001000000020000000200000000044	N	oracle_15949	15949
0000001000000020000001200200000023	N	oracle_15950	15950
0000001000000020000001202000000023	N	oracle_15951	15951
0000001000000020000002100200000023	N	oracle_15952	15952
0000001000000020000002102000000023	N	oracle_15953	15953
0000001000000020000020000210000023	N	oracle_15954	15954
0000001000000020200000210000000023	N	oracle_15955	15955
0000001000000022000000210000000023	N	oracle_15956	15956
0000001000000100000000222000000023	N	oracle_15957	15957
0000001000000100000002120000000024	N	oracle_15958	15958
0000001000000100000002200200000023	N	oracle_15959	15959
0000001000000100000002202000000023	N	oracle_15960	15960
0000001000000100000002220000000023	N	oracle_15961	15961
0000001000000100000020000120000033	N	oracle_15962	15962
0000001000000100000020012000000024	N	oracle_15963	15963
0000001000000100000021003000000023	N	oracle_15964	15964
0000001000000100002100000030000023	N	oracle_15965	15965
0000001000000101000001202000000023	N	oracle_15966	15966
0000001000000120000000202000000023	N	oracle_15967	15967
0000001000000120000020002000000023	N	oracle_15968	15968
0000001000000122100010000100000022	N	oracle_15969	15969
0000001000000200000000200000000044	N	oracle_15970	15970
0000001000000200000001200200000023	N	oracle_15971	15971
0000001000000200000001202000000023	N	oracle_15972	15972
0000001000000200000002100200000023	N	oracle_15973	15973
0000001000000200000002102000000023	N	oracle_15974	15974
0000001000000210000020000020000023	N	oracle_15975	15975
0000001000000210000020000200000023	N	oracle_15976	15976
0000001000000210000020002000000023	N	oracle_15977	15977
0000001000000210000200000020000023	N	oracle_15978	15978
0000001000000220000010002000000023	N	oracle_15979	15979
0000001000001001000001202000000023	N	oracle_15980	15980
0000001000001200200100000010000023	N	oracle_15981	15981
0000001000001202000010000010000023	N	oracle_15982	15982
0000001000001202000010000100000023	N	oracle_15983	15983
0000001000001202000010001000000023	N	oracle_15984	15984
0000001000001202000100000010000023	N	oracle_15985	15985
0000001000002100200100000010000023	N	oracle_15986	15986
0000001020000002000000120000000023	N	oracle_15987	15987
0000001020000002000000210000000023	N	oracle_15988	15988
0000001200000020000000210000000023	N	oracle_15989	15989
0000001200000200000000210000000023	N	oracle_15990	15990
0000002000000002000000002000000034	N	oracle_15991	15991
0000002000000002000000010000000044	N	oracle_15992	15992
0000002000000002000000020000000034	N	oracle_15993	15993
0000002000000002000000100000000044	N	oracle_15994	15994
0000002000000002000000200000000034	N	oracle_15995	15995
0000002000000010000000020000000044	N	oracle_15996	15996
0000002000000010000000120000000223	N	oracle_15997	15997
0000002000000010000000120200000023	N	oracle_15998	15998
0000002000000010000000200000000044	N	oracle_15999	15999
0000002000000010000000210000000223	N	oracle_16000	16000
0000002000000010000000210200000023	N	oracle_16001	16001
0000002000000010000000220000000024	N	oracle_16002	16002
0000002000000010000000220000000033	N	oracle_16003	16003
0000002000000010000000220000000123	N	oracle_16004	16004
0000002000000010000000220010000023	N	oracle_16005	16005
0000002000000010000000220100000023	N	oracle_16006	16006
0000002000000010000000221000000023	N	oracle_16007	16007
0000002000000010000000230000000023	N	oracle_16008	16008
0000002000000010000000320000000023	N	oracle_16009	16009
0000002000000010000001200020000023	N	oracle_16010	16010
0000002000000010000001200200000023	N	oracle_16011	16011
0000002000000010000001220000000023	N	oracle_16012	16012
0000002000000010000002100200000023	N	oracle_16013	16013
0000002000000010000002200010000023	N	oracle_16014	16014
0000002000000010000002200100000023	N	oracle_16015	16015
0000002000000010000002201000000023	N	oracle_16016	16016
0000002000000010000020012000000023	N	oracle_16017	16017
0000002000000010001200000020000023	N	oracle_16018	16018
0000002000000010002000000120000023	N	oracle_16019	16019
0000002000000010010000220000000023	N	oracle_16020	16020
0000002000000010020000120000000023	N	oracle_16021	16021
0000002000000010020000210000000023	N	oracle_16022	16022
0000002000000010100000220000000023	N	oracle_16023	16023
0000002000000011000000220000000023	N	oracle_16024	16024
0000002000000020000000020000000034	N	oracle_16025	16025
0000002000000020000000100000000044	N	oracle_16026	16026
0000002000000020000000120000000024	N	oracle_16027	16027
0000002000000020000000120000000033	N	oracle_16028	16028
0000002000000020000000120000000123	N	oracle_16029	16029
0000002000000020000000120010000023	N	oracle_16030	16030
0000002000000020000000120100000023	N	oracle_16031	16031
0000002000000020000000121000000023	N	oracle_16032	16032
0000002000000020000000130000000023	N	oracle_16033	16033
0000002000000020000000200000000034	N	oracle_16034	16034
0000002000000020000000210000000024	N	oracle_16035	16035
0000002000000020000000210000000033	N	oracle_16036	16036
0000002000000020000000210000000123	N	oracle_16037	16037
0000002000000020000000210010000023	N	oracle_16038	16038
0000002000000020000000210100000023	N	oracle_16039	16039
0000002000000020000000211000000023	N	oracle_16040	16040
0000002000000020000000220000000023	N	oracle_16041	16041
0000002000000020000000310000000023	N	oracle_16042	16042
0000002000000020000001120000000023	N	oracle_16043	16043
0000002000000020000001200010000023	N	oracle_16044	16044
0000002000000020000001200100000023	N	oracle_16045	16045
0000002000000020000001201000000023	N	oracle_16046	16046
0000002000000020000001210000000023	N	oracle_16047	16047
0000002000000020000002100010000023	N	oracle_16048	16048
0000002000000020000002100100000023	N	oracle_16049	16049
0000002000000020000002101000000023	N	oracle_16050	16050
0000002000000020010000120000000023	N	oracle_16051	16051
0000002000000020010000210000000023	N	oracle_16052	16052
0000002000000020100000120000000023	N	oracle_16053	16053
0000002000000020100000210000000023	N	oracle_16054	16054
0000002000000021000000120000000023	N	oracle_16055	16055
0000002000000021000000210000000023	N	oracle_16056	16056
0000002000000030000000120000000023	N	oracle_16057	16057
0000002000000030000000210000000023	N	oracle_16058	16058
0000002000000100000000120000000223	N	oracle_16059	16059
0000002000000100000000120200000023	N	oracle_16060	16060
0000002000000100000000200000000044	N	oracle_16061	16061
0000002000000100000000210000000223	N	oracle_16062	16062
0000002000000100000000210200000023	N	oracle_16063	16063
0000002000000100000000220000000123	N	oracle_16064	16064
0000002000000100000000220010000023	N	oracle_16065	16065
0000002000000100000000220100000023	N	oracle_16066	16066
0000002000000100000001200020000023	N	oracle_16067	16067
0000002000000100000001200200000023	N	oracle_16068	16068
0000002000000100000002100200000023	N	oracle_16069	16069
0000002000000100000002200010000023	N	oracle_16070	16070
0000002000000100000020012000000023	N	oracle_16071	16071
0000002000000100001200000020000023	N	oracle_16072	16072
0000002000000100002000000120000023	N	oracle_16073	16073
0000002000000100020000120000000023	N	oracle_16074	16074
0000002000000100020000210000000023	N	oracle_16075	16075
0000002000000110000000220000000023	N	oracle_16076	16076
0000002000000120000000120000000023	N	oracle_16077	16077
0000002000000120000000210000000023	N	oracle_16078	16078
0000002000000120000001000020000023	N	oracle_16079	16079
0000002000000120000001020000000023	N	oracle_16080	16080
0000002000000120000002000010000023	N	oracle_16081	16081
0000002000000120000002000100000023	N	oracle_16082	16082
0000002000000120000002001000000023	N	oracle_16083	16083
0000002000000120000010000020000023	N	oracle_16084	16084
0000002000000120000100000020000023	N	oracle_16085	16085
0000002000000120001000000020000023	N	oracle_16086	16086
0000002000000200000000200000000034	N	oracle_16087	16087
0000002000000200000000210000000024	N	oracle_16088	16088
0000002000000200000000210000000033	N	oracle_16089	16089
0000002000000200000000210000000123	N	oracle_16090	16090
0000002000000200000000210010000023	N	oracle_16091	16091
0000002000000200000000210100000023	N	oracle_16092	16092
0000002000000200000000211000000023	N	oracle_16093	16093
0000002000000200000000220000000023	N	oracle_16094	16094
0000002000000200000000310000000023	N	oracle_16095	16095
0000002000000200000001200010000023	N	oracle_16096	16096
0000002000000200000001200100000023	N	oracle_16097	16097
0000002000000200000001201000000023	N	oracle_16098	16098
0000002000000200000001210000000023	N	oracle_16099	16099
0000002000000200010000210000000023	N	oracle_16100	16100
0000002000000200100000210000000023	N	oracle_16101	16101
0000002000000201000000210000000023	N	oracle_16102	16102
0000002000000210000000210000000023	N	oracle_16103	16103
0000002000000210000000300000000023	N	oracle_16104	16104
0000002000000210000001000020000023	N	oracle_16105	16105
0000002000000210000001020000000023	N	oracle_16106	16106
0000002000000210000002000010000023	N	oracle_16107	16107
0000002000000210000002000100000023	N	oracle_16108	16108
0000002000000210000002001000000023	N	oracle_16109	16109
0000002000000210000010000020000023	N	oracle_16110	16110
0000002000000210000100000020000023	N	oracle_16111	16111
0000002000000210001000000020000023	N	oracle_16112	16112
0000002000000220000001000010000023	N	oracle_16113	16113
0000002000000220000001000100000023	N	oracle_16114	16114
0000002000000220000001001000000023	N	oracle_16115	16115
0000002000000220000001010000000023	N	oracle_16116	16116
0000002010000010000000220000000023	N	oracle_16117	16117
0000002010000020000000120000000023	N	oracle_16118	16118
0000002010000020000000210000000023	N	oracle_16119	16119
0000002010000200000000210000000023	N	oracle_16120	16120
0000002020000010000000210000000023	N	oracle_16121	16121
0000002020000100000000210000000023	N	oracle_16122	16122
0000002100000010000000220000000023	N	oracle_16123	16123
0000002100000020000000120000000023	N	oracle_16124	16124
0000002100000020000000210000000023	N	oracle_16125	16125
0000002100000200000000210000000023	N	oracle_16126	16126
0000003000000010000000220000000023	N	oracle_16127	16127
0000003000000020000000120000000023	N	oracle_16128	16128
0000003000000020000000210000000023	N	oracle_16129	16129
0000003000000200000000210000000023	N	oracle_16130	16130
0000010000000010000002120000000024	N	oracle_16131	16131
0000010000000010000002200200000023	N	oracle_16132	16132
0000010000000010000002202000000023	N	oracle_16133	16133
0000010000000010000020022000000023	N	oracle_16134	16134
0000010000000010002000000120000123	N	oracle_16135	16135
0000010000000010002000100120000023	N	oracle_16136	16136
0000010000000010002100000120000023	N	oracle_16137	16137
0000010000000012000000220000000023	N	oracle_16138	16138
0000010000000020000000020000000044	N	oracle_16139	16139
0000010000000020000000200000000044	N	oracle_16140	16140
0000010000000020000001200200000023	N	oracle_16141	16141
0000010000000020000001202000000023	N	oracle_16142	16142
0000010000000020000002100200000023	N	oracle_16143	16143
0000010000000020000002102000000023	N	oracle_16144	16144
0000010000000020000020000210000023	N	oracle_16145	16145
0000010000000020200000210000000023	N	oracle_16146	16146
0000010000000022000000210000000023	N	oracle_16147	16147
0000010000000100000002120000000024	N	oracle_16148	16148
0000010000000100000002200200000023	N	oracle_16149	16149
0000010000000100000002202000000023	N	oracle_16150	16150
0000010000000100000020012000000024	N	oracle_16151	16151
0000010000000100000020022000000023	N	oracle_16152	16152
0000010000000100002000000120000123	N	oracle_16153	16153
0000010000000100002000100120000023	N	oracle_16154	16154
0000010000000100002100000030000023	N	oracle_16155	16155
0000010000000100002100000120000023	N	oracle_16156	16156
0000010000000102000000220000000023	N	oracle_16157	16157
0000010000000120000000202000000023	N	oracle_16158	16158
0000010000000120000020002000000023	N	oracle_16159	16159
0000010000000122100010000100000022	N	oracle_16160	16160
0000010000000200000000200000000044	N	oracle_16161	16161
0000010000000200000001200200000023	N	oracle_16162	16162
0000010000000200000001202000000023	N	oracle_16163	16163
0000010000000200000002100200000023	N	oracle_16164	16164
0000010000000200000002102000000023	N	oracle_16165	16165
0000010000000210000020000020000023	N	oracle_16166	16166
0000010000000210000020000200000023	N	oracle_16167	16167
0000010000000210000020002000000023	N	oracle_16168	16168
0000010000000210000200000020000023	N	oracle_16169	16169
0000010000000220000001002000000023	N	oracle_16170	16170
0000010000000220000010002000000023	N	oracle_16171	16171
0000010000000220000020000010000023	N	oracle_16172	16172
0000010000000220000020000100000023	N	oracle_16173	16173
0000010000001200200100000010000023	N	oracle_16174	16174
0000010000001202000100000010000023	N	oracle_16175	16175
0000010000002100200100000010000023	N	oracle_16176	16176
0000010200000020000000210000000023	N	oracle_16177	16177
0000010200000200000000210000000023	N	oracle_16178	16178
0000012000000020000000120000000023	N	oracle_16179	16179
0000012000000020000000210000000023	N	oracle_16180	16180
0000012000000200000000210000000023	N	oracle_16181	16181
0000020000000020000000020000000034	N	oracle_16182	16182
0000020000000020000000100000000044	N	oracle_16183	16183
0000020000000020000000200000000034	N	oracle_16184	16184
0000020000000100000000200000000044	N	oracle_16185	16185
0000020000000100000001200200000023	N	oracle_16186	16186
0000020000000100000001202000000023	N	oracle_16187	16187
0000020000000100000002100200000023	N	oracle_16188	16188
0000020000000100000002102000000023	N	oracle_16189	16189
0000020000000100000020000210000023	N	oracle_16190	16190
0000020000000100200000210000000023	N	oracle_16191	16191
0000020000000102000000120000000023	N	oracle_16192	16192
0000020000000102000000210000000023	N	oracle_16193	16193
0000020000000120000001002000000023	N	oracle_16194	16194
0000020000000120000010002000000023	N	oracle_16195	16195
0000020000000120000020000010000023	N	oracle_16196	16196
0000020000000120000020000100000023	N	oracle_16197	16197
0000020000000200000000200000000034	N	oracle_16198	16198
0000020000000210000001000200000023	N	oracle_16199	16199
0000020000000210000001002000000023	N	oracle_16200	16200
0000020000000210000010000200000023	N	oracle_16201	16201
0000020000000210000010002000000023	N	oracle_16202	16202
0000020000000210000020000010000023	N	oracle_16203	16203
0000020000000210000020000100000023	N	oracle_16204	16204
0000020000000210000100000200000023	N	oracle_16205	16205
0000020000000210000200000010000023	N	oracle_16206	16206
0000020200000100000000210000000023	N	oracle_16207	16207
0000022000000100000000210000000023	N	oracle_16208	16208
0000100000000100000002120000000024	N	oracle_16209	16209
0000100000000100000002200200000023	N	oracle_16210	16210
0000100000000100000002202000000023	N	oracle_16211	16211
0000100000000100000020012000000024	N	oracle_16212	16212
0000100000000100002100000030000023	N	oracle_16213	16213
0000100000000120000000202000000023	N	oracle_16214	16214
0000100000000120000020002000000023	N	oracle_16215	16215
0000100000000122100010000100000022	N	oracle_16216	16216
0000100000000200000000200000000044	N	oracle_16217	16217
0000100000000200000001200200000023	N	oracle_16218	16218
0000100000000200000001202000000023	N	oracle_16219	16219
0000100000000200000002100200000023	N	oracle_16220	16220
0000100000000200000002102000000023	N	oracle_16221	16221
0000100000000210000020000020000023	N	oracle_16222	16222
0000100000000210000020000200000023	N	oracle_16223	16223
0000100000000210000020002000000023	N	oracle_16224	16224
0000100000000210000200000020000023	N	oracle_16225	16225
0000100000000220000010002000000023	N	oracle_16226	16226
0000100000001200200100000010000023	N	oracle_16227	16227
0000100000001202000100000010000023	N	oracle_16228	16228
0000100000002100200100000010000023	N	oracle_16229	16229
0000100200000200000000210000000023	N	oracle_16230	16230
0000102000000200000000210000000023	N	oracle_16231	16231
0000200000000200000000200000000034	N	oracle_16232	16232
0000200000000210000001000200000023	N	oracle_16233	16233
0000200000000210000001002000000023	N	oracle_16234	16234
0000200000000210000010000200000023	N	oracle_16235	16235
0000200000000210000010002000000023	N	oracle_16236	16236
0000200000000210000020000010000023	N	oracle_16237	16237
0000200000000210000020000100000023	N	oracle_16238	16238
0000200000000210000100000200000023	N	oracle_16239	16239
0000200000000210000200000010000023	N	oracle_16240	16240
